address	name	type
148139610	?Z_Construct_UClass_UAdultToyManager@@YAPEAVUClass@@XZ	Function
148139fe0	?Z_Construct_UFunction_UAdultToyManager_CheckRealDeviceConnection@@YAPEAVUFunction@@XZ	Function
14813a060	?Z_Construct_UFunction_UAdultToyManager_ConnectToHandy@@YAPEAVUFunction@@XZ	Function
14813a0a0	?Z_Construct_UFunction_UAdultToyManager_ConnectToLovense@@YAPEAVUFunction@@XZ	Function
14813a0e0	?Z_Construct_UFunction_UAdultToyManager_ConnectToLovenseViaHTTP@@YAPEAVUFunction@@XZ	Function
14813a160	?Z_Construct_UFunction_UAdultToyManager_DebugLogAllDevices@@YAPEAVUFunction@@XZ	Function
14813a1a0	?Z_Construct_UFunction_UAdultToyManager_DebugLogButtplugStatus@@YAPEAVUFunction@@XZ	Function
14813a220	?Z_Construct_UFunction_UAdultToyManager_DebugLogLovenseHTTPStats@@YAPEAVUFunction@@XZ	Function
14813a260	?Z_Construct_UFunction_UAdultToyManager_DebugLogLovenseStatus@@YAPEAVUFunction@@XZ	Function
14813a2a0	?Z_Construct_UFunction_UAdultToyManager_DisconnectFromButtplug@@YAPEAVUFunction@@XZ	Function
14813a2e0	?Z_Construct_UFunction_UAdultToyManager_DisconnectFromHandy@@YAPEAVUFunction@@XZ	Function
14813a320	?Z_Construct_UFunction_UAdultToyManager_DisconnectFromLovense@@YAPEAVUFunction@@XZ	Function
14813a360	?Z_Construct_UFunction_UAdultToyManager_DisconnectFromLovenseViaMobile@@YAPEAVUFunction@@XZ	Function
14813a3a0	?Z_Construct_UFunction_UAdultToyManager_EmergencyStopAllDevices@@YAPEAVUFunction@@XZ	Function
14813a3e0	?NewProp_bEnable_SetBit@Z_Construct_UFunction_UAdultToyManager_EnableBeatSynchronization_Statics@@SAXPEAX@Z	Label
14813a430	?Z_Construct_UFunction_UAdultToyManager_GetButtplugDebugString@@YAPEAVUFunction@@XZ	Function
14813a470	?Z_Construct_UFunction_UAdultToyManager_GetConnectedButtplugDeviceCount@@YAPEAVUFunction@@XZ	Function
14813a4b0	?Z_Construct_UFunction_UAdultToyManager_GetConnectedButtplugDeviceNames@@YAPEAVUFunction@@XZ	Function
14813a4f0	?Z_Construct_UFunction_UAdultToyManager_GetConnectedLovenseDeviceCount@@YAPEAVUFunction@@XZ	Function
14813a530	?Z_Construct_UFunction_UAdultToyManager_GetConnectedLovenseDeviceNames@@YAPEAVUFunction@@XZ	Function
14813a570	?StaticClass@UAdultToyManager@@SAPEAVUClass@@XZ	Function
14813a660	?Z_Construct_UFunction_UAdultToyManager_GetLovenseConnectionMethod@@YAPEAVUFunction@@XZ	Function
14813a6a0	?NewProp_ReturnValue_SetBit@Z_Construct_UFunction_UAdultToyManager_HasAnyConnectedButtplugDevices_Statics@@SAXPEAX@Z	Label
14813a6b0	?Z_Construct_UFunction_UAdultToyManager_HasAnyConnectedButtplugDevices@@YAPEAVUFunction@@XZ	Function
14813a6f0	?NewProp_ReturnValue_SetBit@Z_Construct_UFunction_UAdultToyManager_HasConnectedButtplugStrokers_Statics@@SAXPEAX@Z	Label
14813a700	?Z_Construct_UFunction_UAdultToyManager_HasConnectedButtplugStrokers@@YAPEAVUFunction@@XZ	Function
14813a740	?NewProp_ReturnValue_SetBit@Z_Construct_UFunction_UAdultToyManager_HasConnectedButtplugVibrators_Statics@@SAXPEAX@Z	Label
14813a790	?NewProp_ReturnValue_SetBit@Z_Construct_UFunction_UAdultToyManager_HasConnectedLovenseDevices_Statics@@SAXPEAX@Z	Label
14813a7a0	?Z_Construct_UFunction_UAdultToyManager_HasConnectedLovenseDevices@@YAPEAVUFunction@@XZ	Function
14813a7e0	?Z_Construct_UFunction_UAdultToyManager_InitializeWithGameInstance@@YAPEAVUFunction@@XZ	Function
14813a830	?Z_Construct_UFunction_UAdultToyManager_IsButtplugConnected@@YAPEAVUFunction@@XZ	Function
14813a880	?Z_Construct_UFunction_UAdultToyManager_IsHandyConnected@@YAPEAVUFunction@@XZ	Function
14813a8c0	?NewProp_ReturnValue_SetBit@Z_Construct_UFunction_UAdultToyManager_IsLovenseMobileConnected_Statics@@SAXPEAX@Z	Label
14813a8d0	?Z_Construct_UFunction_UAdultToyManager_IsLovenseMobileConnected@@YAPEAVUFunction@@XZ	Function
14813a960	?Z_Construct_UFunction_UAdultToyManager_LogBeatSyncStats@@YAPEAVUFunction@@XZ	Function
14813a9a0	?Z_Construct_UFunction_UAdultToyManager_OnBeatFired@@YAPEAVUFunction@@XZ	Function
14813a9e0	?Z_Construct_UFunction_UAdultToyManager_OnBeatHitCenter@@YAPEAVUFunction@@XZ	Function
14813aaa0	?Z_Construct_UFunction_UAdultToyManager_OnLovenseToysUpdated@@YAPEAVUFunction@@XZ	Function
14813aae0	?Z_Construct_UFunction_UAdultToyManager_OnMobileEventsAPIResultCode@@YAPEAVUFunction@@XZ	Function
14813ab20	?Z_Construct_UFunction_UAdultToyManager_OnMobileEventsAPIToysReceived@@YAPEAVUFunction@@XZ	Function
14813ab60	?Z_Construct_UFunction_UAdultToyManager_OnMobileEventsToyBatteryChanged@@YAPEAVUFunction@@XZ	Function
14813aba0	?NewProp_bIsConnected_SetBit@Z_Construct_UFunction_UAdultToyManager_OnMobileEventsToyConnectStatusChanged_Statics@@SAXPEAX@Z	Label
14813abb0	?Z_Construct_UFunction_UAdultToyManager_OnMobileEventsToyConnectStatusChanged@@YAPEAVUFunction@@XZ	Function
14813abf0	?Z_Construct_UFunction_UAdultToyManager_OnSequenceEnd@@YAPEAVUFunction@@XZ	Function
14813ac30	?Z_Construct_UFunction_UAdultToyManager_OnSequencePaused@@YAPEAVUFunction@@XZ	Function
14813ad30	?Z_Construct_UFunction_UAdultToyManager_RefreshLovenseDevices@@YAPEAVUFunction@@XZ	Function
14813ad70	?Z_Construct_UFunction_UAdultToyManager_SendTestVibration@@YAPEAVUFunction@@XZ	Function
14813adf0	?Z_Construct_UFunction_UAdultToyManager_SetButtplugStrokeRange@@YAPEAVUFunction@@XZ	Function
14813ae30	?Z_Construct_UFunction_UAdultToyManager_SetButtplugVibratorIntensity@@YAPEAVUFunction@@XZ	Function
14813ae70	?Z_Construct_UFunction_UAdultToyManager_SetButtplugVibratorPulseDuration@@YAPEAVUFunction@@XZ	Function
14813aeb0	?Z_Construct_UFunction_UAdultToyManager_SetHandyMode@@YAPEAVUFunction@@XZ	Function
14813aef0	?Z_Construct_UFunction_UAdultToyManager_SetHandyPosition@@YAPEAVUFunction@@XZ	Function
14813af30	?NewProp_bStopOnTarget_SetBit@Z_Construct_UFunction_UAdultToyManager_SetHandyPositionWithTime_Statics@@SAXPEAX@Z	Label
14813af40	?Z_Construct_UFunction_UAdultToyManager_SetHandyPositionWithTime@@YAPEAVUFunction@@XZ	Function
14813af80	?NewProp_bStopOnTarget_SetBit@Z_Construct_UFunction_UAdultToyManager_SetHandyPositionWithVelocity_Statics@@SAXPEAX@Z	Label
14813afd0	?Z_Construct_UFunction_UAdultToyManager_SetHandySlideSettings@@YAPEAVUFunction@@XZ	Function
14813b010	?Z_Construct_UFunction_UAdultToyManager_SetHandyVelocity@@YAPEAVUFunction@@XZ	Function
14813b050	?Z_Construct_UFunction_UAdultToyManager_SetStrokeSlider@@YAPEAVUFunction@@XZ	Function
14813b090	?Z_Construct_UFunction_UAdultToyManager_SetStrokeZone@@YAPEAVUFunction@@XZ	Function
14813b0d0	?Z_Construct_UFunction_UAdultToyManager_SetStrokeZoneBaseOnly@@YAPEAVUFunction@@XZ	Function
14813b150	?Z_Construct_UFunction_UAdultToyManager_SetStrokeZoneHeadOnly@@YAPEAVUFunction@@XZ	Function
14813b210	?Z_Construct_UFunction_UAdultToyManager_TestAllButtplugDevices@@YAPEAVUFunction@@XZ	Function
14813b250	?Z_Construct_UFunction_UAdultToyManager_TestHandyConnection@@YAPEAVUFunction@@XZ	Function
14813b290	?Z_Construct_UFunction_UAdultToyManager_TestLovenseDevices@@YAPEAVUFunction@@XZ	Function
14813b2d0	?Z_Construct_UFunction_UAdultToyManager_TestLovenseHTTPConnection@@YAPEAVUFunction@@XZ	Function
14813b310	?Z_Construct_UFunction_UAdultToyManager_TestMobileConnection@@YAPEAVUFunction@@XZ	Function
14813b350	?NewProp_bButtplugFullStrokePerBeat_SetBit@Z_Construct_UClass_UAdultToyManager_Statics@@SAXPEAX@Z	Label
14813b380	?NewProp_bBeatSyncEnabled_SetBit@Z_Construct_UClass_UAdultToyManager_Statics@@SAXPEAX@Z	Label
14813b390	?NewProp_bLovenseAutoConnect_SetBit@Z_Construct_UClass_UAdultToyManager_Statics@@SAXPEAX@Z	Label
14813b3a0	?NewProp_bLovenseCurrentlyVibrating_SetBit@Z_Construct_UClass_UAdultToyManager_Statics@@SAXPEAX@Z	Label
14813b550	??$InternalConstructor@VUAdultToyManager@@@@YAXAEBVFObjectInitializer@@@Z	Label
14813b570	??$InternalVTableHelperCtorCaller@VUAdultToyManager@@@@YAPEAVUObject@@AEAVFVTableHelper@@@Z	Function
14813bac0	??0UAdultToyManager@@QEAA@AEAVFVTableHelper@@@Z	Function
14813c260	??1UAdultToyManager@@UEAA@XZ	Function
14813c80c	??_EUAdultToyManager@@WCI@EAAPEAXI@Z	Label
14813de00	?GetPrivateStaticClass@UAdultToyManager@@CAPEAVUClass@@XZ	Function
14813f330	?Z_Construct_UClass_UAdultToyManager_NoRegister@@YAPEAVUClass@@XZ	Label
14813f380	?execCheckRealDeviceConnection@UAdultToyManager@@SAXPEAVUObject@@AEAUFFrame@@QEAX@Z	Label
14813f3a0	?execConnectToButtplug@UAdultToyManager@@SAXPEAVUObject@@AEAUFFrame@@QEAX@Z	Label
14813f470	?execConnectToLovense@UAdultToyManager@@SAXPEAVUObject@@AEAUFFrame@@QEAX@Z	Label
14813f490	?execConnectToLovenseViaHTTP@UAdultToyManager@@SAXPEAVUObject@@AEAUFFrame@@QEAX@Z	Function
14813f580	?execConnectToLovenseViaMobile@UAdultToyManager@@SAXPEAVUObject@@AEAUFFrame@@QEAX@Z	Function
14813f670	?execDebugLogAllDevices@UAdultToyManager@@SAXPEAVUObject@@AEAUFFrame@@QEAX@Z	Label
14813f690	?execDebugLogButtplugStatus@UAdultToyManager@@SAXPEAVUObject@@AEAUFFrame@@QEAX@Z	Label
14813f6b0	?execDebugLogHandyStatus@UAdultToyManager@@SAXPEAVUObject@@AEAUFFrame@@QEAX@Z	Label
14813f6f0	?execDebugLogLovenseStatus@UAdultToyManager@@SAXPEAVUObject@@AEAUFFrame@@QEAX@Z	Label
14813f710	?execDisconnectFromButtplug@UAdultToyManager@@SAXPEAVUObject@@AEAUFFrame@@QEAX@Z	Label
14813f750	?execDisconnectFromLovense@UAdultToyManager@@SAXPEAVUObject@@AEAUFFrame@@QEAX@Z	Label
14813f770	?execDisconnectFromLovenseViaMobile@UAdultToyManager@@SAXPEAVUObject@@AEAUFFrame@@QEAX@Z	Label
14813f790	?execEmergencyStopAllDevices@UAdultToyManager@@SAXPEAVUObject@@AEAUFFrame@@QEAX@Z	Label
14813f840	?execGetButtplugDebugString@UAdultToyManager@@SAXPEAVUObject@@AEAUFFrame@@QEAX@Z	Function
14813f8d0	?execGetConnectedButtplugDeviceCount@UAdultToyManager@@SAXPEAVUObject@@AEAUFFrame@@QEAX@Z	Label
14813f990	?execGetConnectedLovenseDeviceCount@UAdultToyManager@@SAXPEAVUObject@@AEAUFFrame@@QEAX@Z	Function
14813fa60	?execGetConnectionStatus@UAdultToyManager@@SAXPEAVUObject@@AEAUFFrame@@QEAX@Z	Label
14813fa90	?execGetLovenseConnectionMethod@UAdultToyManager@@SAXPEAVUObject@@AEAUFFrame@@QEAX@Z	Label
14813faf0	?execHasConnectedButtplugStrokers@UAdultToyManager@@SAXPEAVUObject@@AEAUFFrame@@QEAX@Z	Label
14813fb20	?execHasConnectedButtplugVibrators@UAdultToyManager@@SAXPEAVUObject@@AEAUFFrame@@QEAX@Z	Label
14813fb90	?execInitializeWithGameInstance@UAdultToyManager@@SAXPEAVUObject@@AEAUFFrame@@QEAX@Z	Function
14813fc20	?execIsButtplugConnected@UAdultToyManager@@SAXPEAVUObject@@AEAUFFrame@@QEAX@Z	Label
14813fc50	?execIsHandyConnected@UAdultToyManager@@SAXPEAVUObject@@AEAUFFrame@@QEAX@Z	Label
14813fcf0	?execLogBeatSyncStats@UAdultToyManager@@SAXPEAVUObject@@AEAUFFrame@@QEAX@Z	Label
14813fdc0	?execOnBeatHitCenter@UAdultToyManager@@SAXPEAVUObject@@AEAUFFrame@@QEAX@Z	Function
14813fe70	?execOnLovenseStarted@UAdultToyManager@@SAXPEAVUObject@@AEAUFFrame@@QEAX@Z	Label
14813fe90	?execOnLovenseStopped@UAdultToyManager@@SAXPEAVUObject@@AEAUFFrame@@QEAX@Z	Label
14813fed0	?execOnMobileEventsAPIResultCode@UAdultToyManager@@SAXPEAVUObject@@AEAUFFrame@@QEAX@Z	Function
14813ff60	?execOnMobileEventsAPIToysReceived@UAdultToyManager@@SAXPEAVUObject@@AEAUFFrame@@QEAX@Z	Function
148140100	?execOnMobileEventsToyConnectStatusChanged@UAdultToyManager@@SAXPEAVUObject@@AEAUFFrame@@QEAX@Z	Function
148140200	?execOnSequenceEnd@UAdultToyManager@@SAXPEAVUObject@@AEAUFFrame@@QEAX@Z	Label
148140220	?execOnSequencePaused@UAdultToyManager@@SAXPEAVUObject@@AEAUFFrame@@QEAX@Z	Label
148140300	?execRefreshButtplugDevices@UAdultToyManager@@SAXPEAVUObject@@AEAUFFrame@@QEAX@Z	Label
148140320	?execRefreshHandyStatus@UAdultToyManager@@SAXPEAVUObject@@AEAUFFrame@@QEAX@Z	Label
148140360	?execSendTestVibration@UAdultToyManager@@SAXPEAVUObject@@AEAUFFrame@@QEAX@Z	Label
1481404e0	?execSetButtplugVibratorIntensity@UAdultToyManager@@SAXPEAVUObject@@AEAUFFrame@@QEAX@Z	Function
148140570	?execSetButtplugVibratorPulseDuration@UAdultToyManager@@SAXPEAVUObject@@AEAUFFrame@@QEAX@Z	Function
148140600	?execSetHandyMode@UAdultToyManager@@SAXPEAVUObject@@AEAUFFrame@@QEAX@Z	Function
148140690	?execSetHandyPosition@UAdultToyManager@@SAXPEAVUObject@@AEAUFFrame@@QEAX@Z	Function
148140760	?execSetHandyPositionWithTime@UAdultToyManager@@SAXPEAVUObject@@AEAUFFrame@@QEAX@Z	Function
148140880	?execSetHandyPositionWithVelocity@UAdultToyManager@@SAXPEAVUObject@@AEAUFFrame@@QEAX@Z	Function
1481409a0	?execSetHandySlideSettings@UAdultToyManager@@SAXPEAVUObject@@AEAUFFrame@@QEAX@Z	Function
148140a70	?execSetHandyVelocity@UAdultToyManager@@SAXPEAVUObject@@AEAUFFrame@@QEAX@Z	Function
148140b00	?execSetStrokeSlider@UAdultToyManager@@SAXPEAVUObject@@AEAUFFrame@@QEAX@Z	Function
148140c60	?execSetStrokeZoneBaseOnly@UAdultToyManager@@SAXPEAVUObject@@AEAUFFrame@@QEAX@Z	Label
148140ca0	?execSetStrokeZoneHeadOnly@UAdultToyManager@@SAXPEAVUObject@@AEAUFFrame@@QEAX@Z	Label
148140d50	?execStopHandyHAMP@UAdultToyManager@@SAXPEAVUObject@@AEAUFFrame@@QEAX@Z	Label
148140d90	?execTestHandyConnection@UAdultToyManager@@SAXPEAVUObject@@AEAUFFrame@@QEAX@Z	Label
148140dd0	?execTestLovenseHTTPConnection@UAdultToyManager@@SAXPEAVUObject@@AEAUFFrame@@QEAX@Z	Label
148140e50	?StaticStruct@FCHPackManifest@@SAPEAVUScriptStruct@@XZ	Function
148140ed0	?StaticClass@UCHPackManager@@SAPEAVUClass@@XZ	Function
148141000	?Z_Construct_UScriptStruct_FCHPackManifest@@YAPEAVUScriptStruct@@XZ	Function
148141040	?Z_Construct_UScriptStruct_FCHPackMediaEntry@@YAPEAVUScriptStruct@@XZ	Function
148141080	?NewStructOps@Z_Construct_UScriptStruct_FCHPackMediaEntry_Statics@@SAPEAXXZ	Function
1481410c0	?NewStructOps@Z_Construct_UScriptStruct_FCHPackManifest_Statics@@SAPEAXXZ	Function
148141100	?NewProp_bPatreonExclusive_SetBit@Z_Construct_UScriptStruct_FCHPackManifest_Statics@@SAXPEAX@Z	Label
148141190	?Z_Construct_UFunction_UCHPackManager_ExtractChpackToFolder@@YAPEAVUFunction@@XZ	Function
148141200	?Z_Construct_UFunction_UCHPackManager_FilterMediaIntoCategoriesAsync@@YAPEAVUFunction@@XZ	Function
148141280	?Z_Construct_UFunction_UCHPackManager_GetAllPackInfos@@YAPEAVUFunction@@XZ	Function
1481412c0	?Z_Construct_UFunction_UCHPackManager_GetCurrentFilterProcessed@@YAPEAVUFunction@@XZ	Function
148141300	?Z_Construct_UFunction_UCHPackManager_GetCurrentFilterProgress@@YAPEAVUFunction@@XZ	Function
148141340	?Z_Construct_UFunction_UCHPackManager_GetCurrentFilterTotal@@YAPEAVUFunction@@XZ	Function
148141380	?Z_Construct_UFunction_UCHPackManager_GetExtractedPackNames@@YAPEAVUFunction@@XZ	Function
1481413c0	?Z_Construct_UFunction_UCHPackManager_GetManifestMedia@@YAPEAVUFunction@@XZ	Function
148141400	?NewProp_ReturnValue_SetBit@Z_Construct_UFunction_UCHPackManager_LoadManifestFromChpack_Statics@@SAXPEAX@Z	Label
148141410	?Z_Construct_UFunction_UCHPackManager_LoadManifestFromChpack@@YAPEAVUFunction@@XZ	Function
148141450	?NewProp_ReturnValue_SetBit@Z_Construct_UFunction_UCHPackManager_LoadManifestFromJson_Statics@@SAXPEAX@Z	Label
148141460	?Z_Construct_UFunction_UCHPackManager_LoadManifestFromJson@@YAPEAVUFunction@@XZ	Function
1481414a0	?Z_Construct_UFunction_UCHPackManager_MigrateLegacyManifests@@YAPEAVUFunction@@XZ	Function
1481414e0	?NewProp_bPatronStatus_SetBit@Z_Construct_UFunction_UCHPackManager_SetPatronStatus_Statics@@SAXPEAX@Z	Label
148141580	?Z_Construct_UFunction_UCHPackManager_ValidateMediaEntries@@YAPEAVUFunction@@XZ	Function
1481415d0	??$AddStructReferencedObjectsOrNot@UFCHPackManifest@@@@YAXPEAXAEAVFReferenceCollector@@@Z	Label
1481415e0	??$AddStructReferencedObjectsOrNot@UFCHPackMediaEntry@@@@YAXPEAXAEAVFReferenceCollector@@@Z	Label
1481415f0	??$CopyToEmpty@UFCHPackMediaEntry@@H@?$TArray@UFCHPackMediaEntry@@V?$TSizedDefaultAllocator@$0CA@@@@@AEAAXPEBUFCHPackMediaEntry@@HH@Z	Function
148141770	??$InternalConstructor@VUCHPackManager@@@@YAXAEBVFObjectInitializer@@@Z	Function
1481417b0	??$InternalVTableHelperCtorCaller@VUCHPackManager@@@@YAPEAVUObject@@AEAVFVTableHelper@@@Z	Function
148141850	??$StaticClass@VUCHPackManager@@@@YAPEAVUClass@@XZ	Label
1481418a0	??$StaticStruct@UFCHPackManifest@@@@YAPEAVUScriptStruct@@XZ	Function
1481418e0	??$StaticStruct@UFCHPackMediaEntry@@@@YAPEAVUScriptStruct@@XZ	Function
1481419f0	??0FCHPackManifest@@QEAA@XZ	Label
148141cb0	??1?$TArray@UFCHPackMediaEntry@@V?$TSizedDefaultAllocator@$0CA@@@@@QEAA@XZ	Function
148141fb0	??1FCHPackMediaEntry@@QEAA@XZ	Function
1481421e0	??4?$TArray@UFCHPackMediaEntry@@V?$TSizedDefaultAllocator@$0CA@@@@@QEAAAEAV0@$$QEAV0@@Z	Function
148142310	??_G?$TCppStructOps@UFCHPackManifest@@@UScriptStruct@@UEAAPEAXI@Z	Function
148142310	??_E?$TCppStructOps@UFCHPackManifest@@@UScriptStruct@@UEAAPEAXI@Z	Label
148142350	??_E?$TCppStructOps@UFCHPackMediaEntry@@@UScriptStruct@@UEAAPEAXI@Z	Function
148142440	?AddStructReferencedObjects@?$TCppStructOps@UFCHPackManifest@@@UScriptStruct@@UEAAP6AXPEAXAEAVFReferenceCollector@@@ZXZ	Function
148142490	?AddStructReferencedObjects@?$TCppStructOps@UFCHPackMediaEntry@@@UScriptStruct@@UEAAP6AXPEAXAEAVFReferenceCollector@@@ZXZ	Function
148142510	?Construct@?$TCppStructOps@UFCHPackManifest@@@UScriptStruct@@UEAAXPEAX@Z	Function
148142760	?Copy@?$TCppStructOps@UFCHPackManifest@@@UScriptStruct@@UEAA_NPEAXPEBXH@Z	Function
1481429c0	?Copy@?$TCppStructOps@UFCHPackMediaEntry@@@UScriptStruct@@UEAA_NPEAXPEBXH@Z	Function
148142ad0	?Destruct@?$TCppStructOps@UFCHPackMediaEntry@@@UScriptStruct@@UEAAXPEAX@Z	Label
148142c30	?FindInnerPropertyInstance@?$TCppStructOps@UFCHPackManifest@@@UScriptStruct@@UEBA_NVFName@@PEBXAEAPEBVFProperty@@AEAPEBX@Z	Function
148142c80	?FindInnerPropertyInstance@?$TCppStructOps@UFCHPackMediaEntry@@@UScriptStruct@@UEBA_NVFName@@PEBXAEAPEBVFProperty@@AEAPEBX@Z	Function
148142cf0	?GetCapabilities@?$TCppStructOps@UFCHPackManifest@@@UScriptStruct@@UEBA?AUFCapabilities@ICppStructOps@2@XZ	Label
148142d10	?GetCapabilities@?$TCppStructOps@UFCHPackMediaEntry@@@UScriptStruct@@UEBA?AUFCapabilities@ICppStructOps@2@XZ	Label
148142d40	?GetPreloadDependencies@?$TCppStructOps@UFCHPackManifest@@@UScriptStruct@@UEAAXPEAXAEAV?$TArray@PEAVUObject@@V?$TSizedDefaultAllocator@$0CA@@@@@@Z	Label
148142d60	?GetPrivateStaticClass@UCHPackManager@@CAPEAVUClass@@XZ	Function
148142f50	?Identical@?$TCppStructOps@UFCHPackManifest@@@UScriptStruct@@UEAA_NPEBX0IAEA_N@Z	Function
148142fa0	?Identical@?$TCppStructOps@UFCHPackMediaEntry@@@UScriptStruct@@UEAA_NPEBX0IAEA_N@Z	Function
1481430f0	?NetDeltaSerialize@?$TCppStructOps@UFCHPackManifest@@@UScriptStruct@@UEAA_NAEAUFNetDeltaSerializeInfo@@PEAX@Z	Label
148143100	?NetDeltaSerialize@?$TCppStructOps@UFCHPackMediaEntry@@@UScriptStruct@@UEAA_NAEAUFNetDeltaSerializeInfo@@PEAX@Z	Label
148143120	?NetSerialize@?$TCppStructOps@UFCHPackManifest@@@UScriptStruct@@UEAA_NAEAVFArchive@@PEAVUPackageMap@@AEA_NPEAX@Z	Label
148143180	?PostScriptConstruct@?$TCppStructOps@UFCHPackManifest@@@UScriptStruct@@UEAAXPEAX@Z	Function
1481431c0	?PostScriptConstruct@?$TCppStructOps@UFCHPackMediaEntry@@@UScriptStruct@@UEAAXPEAX@Z	Function
148143240	?PostSerialize@?$TCppStructOps@UFCHPackManifest@@@UScriptStruct@@UEAAXAEBVFArchive@@PEAX@Z	Function
148143280	?PostSerialize@?$TCppStructOps@UFCHPackMediaEntry@@@UScriptStruct@@UEAAXAEBVFArchive@@PEAX@Z	Function
1481432c0	?ResizeForCopy@?$TArray@UFCHPackMediaEntry@@V?$TSizedDefaultAllocator@$0CA@@@@@AEAAXHH@Z	Function
1481433f0	?Serialize@?$TCppStructOps@UFCHPackManifest@@@UScriptStruct@@UEAA_NAEAVFArchive@@PEAX@Z	Function
148143440	?Serialize@?$TCppStructOps@UFCHPackManifest@@@UScriptStruct@@UEAA_NVFStructuredArchiveSlot@@PEAX@Z	Function
148143490	?Serialize@?$TCppStructOps@UFCHPackMediaEntry@@@UScriptStruct@@UEAA_NAEAVFArchive@@PEAX@Z	Function
148143580	?SerializeFromMismatchedTag@?$TCppStructOps@UFCHPackManifest@@@UScriptStruct@@UEAA_NAEBUFPropertyTag@@AEAVFArchive@@PEAX@Z	Function
1481435d0	?SerializeFromMismatchedTag@?$TCppStructOps@UFCHPackMediaEntry@@@UScriptStruct@@UEAA_NAEBUFPropertyTag@@AEAVFArchive@@PEAX@Z	Function
1481436a0	?StructuredSerializeFromMismatchedTag@?$TCppStructOps@UFCHPackManifest@@@UScriptStruct@@UEAA_NAEBUFPropertyTag@@VFStructuredArchiveSlot@@PEAX@Z	Function
1481436f0	?StructuredSerializeFromMismatchedTag@?$TCppStructOps@UFCHPackMediaEntry@@@UScriptStruct@@UEAA_NAEBUFPropertyTag@@VFStructuredArchiveSlot@@PEAX@Z	Function
148143740	?Z_Construct_UClass_UCHPackManager_NoRegister@@YAPEAVUClass@@XZ	Label
148143750	?execExtractChpackToFolder@UCHPackManager@@SAXPEAVUObject@@AEAUFFrame@@QEAX@Z	Function
148144450	?execGetAllPackInfos@UCHPackManager@@SAXPEAVUObject@@AEAUFFrame@@QEAX@Z	Function
1481444a0	?execGetCurrentFilterProcessed@UCHPackManager@@SAXPEAVUObject@@AEAUFFrame@@QEAX@Z	Label
1481444d0	?execGetCurrentFilterProgress@UCHPackManager@@SAXPEAVUObject@@AEAUFFrame@@QEAX@Z	Label
1481446a0	?execLoadManifestFromChpack@UCHPackManager@@SAXPEAVUObject@@AEAUFFrame@@QEAX@Z	Function
1481449e0	?execLoadManifestFromJson@UCHPackManager@@SAXPEAVUObject@@AEAUFFrame@@QEAX@Z	Function
1481450f0	?Z_Construct_UClass_UFFmpegManager@@YAPEAVUClass@@XZ	Function
148145130	?Z_Construct_UFunction_UFFmpegManager_CloseVideo@@YAPEAVUFunction@@XZ	Function
148145170	?Z_Construct_UFunction_UFFmpegManager_DecodeAndUploadFrames@@YAPEAVUFunction@@XZ	Function
1481451b0	?Z_Construct_UFunction_UFFmpegManager_InitializeFFmpeg@@YAPEAVUFunction@@XZ	Function
148145200	?Z_Construct_UFunction_UFFmpegManager_OpenVideo@@YAPEAVUFunction@@XZ	Function
148145240	??$InternalConstructor@VUFFmpegManager@@@@YAXAEBVFObjectInitializer@@@Z	Function
1481452a0	??$InternalVTableHelperCtorCaller@VUFFmpegManager@@@@YAPEAVUObject@@AEAVFVTableHelper@@@Z	Function
148145380	??0UFFmpegManager@@QEAA@AEAVFVTableHelper@@@Z	Function
1481453e0	??0UFFmpegManager@@QEAA@AEBVFObjectInitializer@@@Z	Function
148145440	??1UFFmpegManager@@UEAA@XZ	Label
148145460	??_GUFFmpegManager@@UEAAPEAXI@Z	Function
148145580	?StaticRegisterNativesUFFmpegManager@UFFmpegManager@@CAXXZ	Function
1481455b0	?Z_Construct_UClass_UFFmpegManager_NoRegister@@YAPEAVUClass@@XZ	Label
1481456b0	?execInitializeFFmpeg@UFFmpegManager@@SAXPEAVUObject@@AEAUFFrame@@QEAX@Z	Label
1481456d0	?execOpenVideo@UFFmpegManager@@SAXPEAVUObject@@AEAUFFrame@@QEAX@Z	Function
148145810	?StaticClass@UFileImportManager@@SAPEAVUClass@@XZ	Function
1481458c0	?Z_Construct_UClass_UFileImportManager@@YAPEAVUClass@@XZ	Function
148145a10	?NewProp_ReturnValue_SetBit@Z_Construct_UFunction_UFileImportManager_BrowseForDirectory_Statics@@SAXPEAX@Z	Label
148145a60	?NewProp_ReturnValue_SetBit@Z_Construct_UFunction_UFileImportManager_BrowseForFiles_Statics@@SAXPEAX@Z	Label
148145a70	?Z_Construct_UFunction_UFileImportManager_BrowseForFiles@@YAPEAVUFunction@@XZ	Function
148145af0	?NewProp_ReturnValue_SetBit@Z_Construct_UFunction_UFileImportManager_DeletePresetFromSaveGame_Statics@@SAXPEAX@Z	Label
148145b00	?Z_Construct_UFunction_UFileImportManager_DeletePresetFromSaveGame@@YAPEAVUFunction@@XZ	Function
148145b40	?Z_Construct_UFunction_UFileImportManager_GetAllPresetNamesFromSaveGame@@YAPEAVUFunction@@XZ	Function
148145b80	?Z_Construct_UFunction_UFileImportManager_GetImageCount@@YAPEAVUFunction@@XZ	Function
148145bc0	?Z_Construct_UFunction_UFileImportManager_GetImportedFiles@@YAPEAVUFunction@@XZ	Function
148145c00	?Z_Construct_UFunction_UFileImportManager_GetImportedMediaEntries@@YAPEAVUFunction@@XZ	Function
148145c80	?Z_Construct_UFunction_UFileImportManager_GetVideoCount@@YAPEAVUFunction@@XZ	Function
148145cc0	?NewProp_ReturnValue_SetBit@Z_Construct_UFunction_UFileImportManager_LoadPresetFromSaveGame_Statics@@SAXPEAX@Z	Label
148145cd0	?Z_Construct_UFunction_UFileImportManager_LoadPresetFromSaveGame@@YAPEAVUFunction@@XZ	Function
148145d10	?Z_Construct_UFunction_UFileImportManager_RemoveFile@@YAPEAVUFunction@@XZ	Function
148145d50	?NewProp_ReturnValue_SetBit@Z_Construct_UFunction_UFileImportManager_SavePresetToSaveGame_Statics@@SAXPEAX@Z	Label
148145da0	?Z_Construct_UFunction_UFileImportManager_ScanCurrentPaths@@YAPEAVUFunction@@XZ	Function
148145e30	?NewProp_ReturnValue_SetBit@Z_Construct_UFunction_UFileImportManager_VerifyFileExists_Statics@@SAXPEAX@Z	Label
148145ea0	??$InternalConstructor@VUFileImportManager@@@@YAXAEBVFObjectInitializer@@@Z	Label
148145ec0	??$InternalVTableHelperCtorCaller@VUFileImportManager@@@@YAPEAVUObject@@AEAVFVTableHelper@@@Z	Function
148145f70	??$StaticClass@VUFileImportManager@@@@YAPEAVUClass@@XZ	Label
148146000	??0UFileImportManager@@QEAA@AEAVFVTableHelper@@@Z	Function
148146050	??1UFileImportManager@@UEAA@XZ	Function
148146270	??_GUFileImportManager@@UEAAPEAXI@Z	Function
148146f50	?StaticRegisterNativesUFileImportManager@UFileImportManager@@CAXXZ	Function
148147020	?Z_Construct_UClass_UFileImportManager_NoRegister@@YAPEAVUClass@@XZ	Label
148147220	?execBrowseForFiles@UFileImportManager@@SAXPEAVUObject@@AEAUFFrame@@QEAX@Z	Function
148147310	?execClearAllData@UFileImportManager@@SAXPEAVUObject@@AEAUFFrame@@QEAX@Z	Label
148147560	?execGetImageCount@UFileImportManager@@SAXPEAVUObject@@AEAUFFrame@@QEAX@Z	Function
1481475a0	?execGetImportedFiles@UFileImportManager@@SAXPEAVUObject@@AEAUFFrame@@QEAX@Z	Function
148147780	?execGetMediaCountText@UFileImportManager@@SAXPEAVUObject@@AEAUFFrame@@QEAX@Z	Function
148147810	?execGetVideoCount@UFileImportManager@@SAXPEAVUObject@@AEAUFFrame@@QEAX@Z	Function
148147850	?execLoadPresetFromSaveGame@UFileImportManager@@SAXPEAVUObject@@AEAUFFrame@@QEAX@Z	Function
148147950	?execRemoveFile@UFileImportManager@@SAXPEAVUObject@@AEAUFFrame@@QEAX@Z	Function
148147a00	?execSavePresetToSaveGame@UFileImportManager@@SAXPEAVUObject@@AEAUFFrame@@QEAX@Z	Function
148147b00	?execScanCurrentPaths@UFileImportManager@@SAXPEAVUObject@@AEAUFFrame@@QEAX@Z	Label
148147b20	?execSetFileEnabled@UFileImportManager@@SAXPEAVUObject@@AEAUFFrame@@QEAX@Z	Function
148147c20	?execVerifyFileExists@UFileImportManager@@SAXPEAVUObject@@AEAUFFrame@@QEAX@Z	Function
148147dd0	?Z_Construct_UFunction_UHandyManager_CheckStatus@@YAPEAVUFunction@@XZ	Function
148147e10	?Z_Construct_UFunction_UHandyManager_Init@@YAPEAVUFunction@@XZ	Function
148147e50	?NewProp_ReturnValue_SetBit@Z_Construct_UFunction_UHandyManager_IsConnected_Statics@@SAXPEAX@Z	Label
148147e60	?Z_Construct_UFunction_UHandyManager_IsConnected@@YAPEAVUFunction@@XZ	Function
148147ea0	?Z_Construct_UFunction_UHandyManager_SendHDSPBeatCycle@@YAPEAVUFunction@@XZ	Function
148147f20	?Z_Construct_UFunction_UHandyManager_SetConnectionKey@@YAPEAVUFunction@@XZ	Function
148147f60	??$InternalConstructor@VUHandyManager@@@@YAXAEBVFObjectInitializer@@@Z	Function
148147fb0	??$InternalVTableHelperCtorCaller@VUHandyManager@@@@YAPEAVUObject@@AEAVFVTableHelper@@@Z	Function
1481480b0	??0UHandyManager@@QEAA@AEBVFObjectInitializer@@@Z	Function
1481480f0	??1UHandyManager@@UEAA@XZ	Function
148148140	??_EUHandyManager@@UEAAPEAXI@Z	Function
148148140	??_GUHandyManager@@UEAAPEAXI@Z	Label
1481481d0	?GetPrivateStaticClass@UHandyManager@@CAPEAVUClass@@XZ	Function
1481482b0	?Z_Construct_UClass_UHandyManager_NoRegister@@YAPEAVUClass@@XZ	Label
1481482c0	?execCheckStatus@UHandyManager@@SAXPEAVUObject@@AEAUFFrame@@QEAX@Z	Label
1481482e0	?execInit@UHandyManager@@SAXPEAVUObject@@AEAUFFrame@@QEAX@Z	Function
148148390	?execIsConnected@UHandyManager@@SAXPEAVUObject@@AEAUFFrame@@QEAX@Z	Label
1481483c0	?execSendHDSPBeatCycle@UHandyManager@@SAXPEAVUObject@@AEAUFFrame@@QEAX@Z	Function
148148450	?execSendPace@UHandyManager@@SAXPEAVUObject@@AEAUFFrame@@QEAX@Z	Function
1481484e0	?execSetConnectionKey@UHandyManager@@SAXPEAVUObject@@AEAUFFrame@@QEAX@Z	Function
14814b320	?Z_Construct_UFunction_UMediaPlaybackController_SyncToBeat@@YAPEAVUFunction@@XZ	Function
14814b360	?Z_Construct_UFunction_UMediaPlaybackController_UpdateBeatInterval@@YAPEAVUFunction@@XZ	Function
14814b400	?NewProp_bStreamingVideoInitialized_SetBit@Z_Construct_UClass_UMediaPlaybackController_Statics@@SAXPEAX@Z	Label
14814b420	?StaticClass@UMediaPlaybackController@@SAPEAVUClass@@XZ	Function
14814b4d0	?Z_Construct_UClass_UMediaPlaybackController@@YAPEAVUClass@@XZ	Function
14814b610	?NewProp_bEnable_SetBit@Z_Construct_UFunction_UMediaPlaybackController_EnableBeatPatternSync_Statics@@SAXPEAX@Z	Label
14814b620	?Z_Construct_UFunction_UMediaPlaybackController_EnableBeatPatternSync@@YAPEAVUFunction@@XZ	Function
14814b6e0	?Z_Construct_UFunction_UMediaPlaybackController_GetCurrentFrameIndex@@YAPEAVUFunction@@XZ	Function
14814b720	?Z_Construct_UFunction_UMediaPlaybackController_GetMasterTimelinePosition@@YAPEAVUFunction@@XZ	Function
14814b820	?NewProp_ReturnValue_SetBit@Z_Construct_UFunction_UMediaPlaybackController_IsPlaying_Statics@@SAXPEAX@Z	Label
14814b830	?Z_Construct_UFunction_UMediaPlaybackController_IsPlaying@@YAPEAVUFunction@@XZ	Function
14814b870	?NewProp_ReturnValue_SetBit@Z_Construct_UFunction_UMediaPlaybackController_LoadStaticImage_Statics@@SAXPEAX@Z	Label
14814b880	?Z_Construct_UFunction_UMediaPlaybackController_LoadStaticImage@@YAPEAVUFunction@@XZ	Function
14814b900	?Z_Construct_UFunction_UMediaPlaybackController_PlayMediaEntry@@YAPEAVUFunction@@XZ	Function
14814b990	?Z_Construct_UFunction_UMediaPlaybackController_SetBeatInterval@@YAPEAVUFunction@@XZ	Function
14814ba90	?Z_Construct_UFunction_UMediaPlaybackController_SetSyncStartTime@@YAPEAVUFunction@@XZ	Function
14814bad0	?NewProp_bPreserveVisual_SetBit@Z_Construct_UFunction_UMediaPlaybackController_StopPlayback_Statics@@SAXPEAX@Z	Label
14814bae0	?Z_Construct_UFunction_UMediaPlaybackController_StopPlayback@@YAPEAVUFunction@@XZ	Function
14814bb20	??$InternalConstructor@VUMediaPlaybackController@@@@YAXAEBVFObjectInitializer@@@Z	Label
14814bb40	??$InternalVTableHelperCtorCaller@VUMediaPlaybackController@@@@YAPEAVUObject@@AEAVFVTableHelper@@@Z	Function
14814bc60	??0UMediaPlaybackController@@QEAA@AEAVFVTableHelper@@@Z	Function
14814c08c	??_EUMediaPlaybackController@@WCI@EAAPEAXI@Z	Label
14814c0a0	??_GUMediaPlaybackController@@UEAAPEAXI@Z	Function
14814c0a0	??_EUMediaPlaybackController@@UEAAPEAXI@Z	Label
14814c1c0	?StaticRegisterNativesUMediaPlaybackController@UMediaPlaybackController@@CAXXZ	Function
14814c1f0	?Z_Construct_UClass_UMediaPlaybackController_NoRegister@@YAPEAVUClass@@XZ	Label
14814c200	?execEnableBeatPatternSync@UMediaPlaybackController@@SAXPEAVUObject@@AEAUFFrame@@QEAX@Z	Function
14814c290	?execFindVideoFile@UMediaPlaybackController@@SAXPEAVUObject@@AEAUFFrame@@QEAX@Z	Function
14814c390	?execGetCurrentBeatIndex@UMediaPlaybackController@@SAXPEAVUObject@@AEAUFFrame@@QEAX@Z	Label
14814c3c0	?execGetCurrentFrameIndex@UMediaPlaybackController@@SAXPEAVUObject@@AEAUFFrame@@QEAX@Z	Label
14814c3f0	?execGetMasterTimelinePosition@UMediaPlaybackController@@SAXPEAVUObject@@AEAUFFrame@@QEAX@Z	Function
14814c430	?execGetPlaybackMode@UMediaPlaybackController@@SAXPEAVUObject@@AEAUFFrame@@QEAX@Z	Label
14814c460	?execGetTotalFrameCount@UMediaPlaybackController@@SAXPEAVUObject@@AEAUFFrame@@QEAX@Z	Label
14814caf0	?execSetCropMode@UMediaPlaybackController@@SAXPEAVUObject@@AEAUFFrame@@QEAX@Z	Function
14814cb80	?execSetScaleBoxReference@UMediaPlaybackController@@SAXPEAVUObject@@AEAUFFrame@@QEAX@Z	Function
14814cc10	?execSetSyncStartTime@UMediaPlaybackController@@SAXPEAVUObject@@AEAUFFrame@@QEAX@Z	Function
14814ccf0	?execStopPlayback@UMediaPlaybackController@@SAXPEAVUObject@@AEAUFFrame@@QEAX@Z	Function
14814cd80	?execSyncToBeat@UMediaPlaybackController@@SAXPEAVUObject@@AEAUFFrame@@QEAX@Z	Function
14814cf30	?execUpdateSpeedItemMultiplier@UMediaPlaybackController@@SAXPEAVUObject@@AEAUFFrame@@QEAX@Z	Function
14814cfc0	?StaticClass@UPreciseBeatWidget@@SAPEAVUClass@@XZ	Function
14814d080	?Z_Construct_UClass_UPreciseBeatWidget@@YAPEAVUClass@@XZ	Function
14814d180	?NewProp_bIsMoving_SetBit@Z_Construct_UClass_UPreciseBeatWidget_Statics@@SAXPEAX@Z	Label
14814d190	??$InternalConstructor@VUPreciseBeatWidget@@@@YAXAEBVFObjectInitializer@@@Z	Function
14814d260	??$InternalVTableHelperCtorCaller@VUPreciseBeatWidget@@@@YAPEAVUObject@@AEAVFVTableHelper@@@Z	Function
14814d3a0	??$StaticClass@VUPreciseBeatWidget@@@@YAPEAVUClass@@XZ	Label
14814d3b0	??0UPreciseBeatWidget@@QEAA@AEAVFVTableHelper@@@Z	Function
14814d480	??0UPreciseBeatWidget@@QEAA@AEBVFObjectInitializer@@@Z	Function
14814d5b8	??_EUPreciseBeatWidget@@WBLI@EAAPEAXI@Z	Label
14814d5cc	??_EUPreciseBeatWidget@@WCI@EAAPEAXI@Z	Label
14814d5e0	??_EUPreciseBeatWidget@@UEAAPEAXI@Z	Function
14814d7a0	?StaticRegisterNativesUPreciseBeatWidget@UPreciseBeatWidget@@CAXXZ	Function
14814d7d0	?Z_Construct_UClass_UPreciseBeatWidget_NoRegister@@YAPEAVUClass@@XZ	Label
14814e1c0	?Z_Construct_UFunction_UProgressionManager_AddModifier@@YAPEAVUFunction@@XZ	Function
14814e240	?Z_Construct_UFunction_UProgressionManager_AddXP@@YAPEAVUFunction@@XZ	Function
14814e2c0	?Z_Construct_UFunction_UProgressionManager_CalculateSessionXP@@YAPEAVUFunction@@XZ	Function
14814e310	?Z_Construct_UFunction_UProgressionManager_CanClaimReward@@YAPEAVUFunction@@XZ	Function
14814e350	?NewProp_ReturnValue_SetBit@Z_Construct_UFunction_UProgressionManager_CanEnableModifier_Statics@@SAXPEAX@Z	Label
14814e360	?Z_Construct_UFunction_UProgressionManager_CanEnableModifier@@YAPEAVUFunction@@XZ	Function
14814e3a0	?NewProp_ReturnValue_SetBit@Z_Construct_UFunction_UProgressionManager_ClaimChallengeReward_Statics@@SAXPEAX@Z	Label
14814e3b0	?Z_Construct_UFunction_UProgressionManager_ClaimChallengeReward@@YAPEAVUFunction@@XZ	Function
14814e430	?Z_Construct_UFunction_UProgressionManager_ClaimChallengeRewards@@YAPEAVUFunction@@XZ	Function
14814e4b0	?Z_Construct_UFunction_UProgressionManager_DebugCompleteAllChallenges@@YAPEAVUFunction@@XZ	Function
14814e4f0	?Z_Construct_UFunction_UProgressionManager_DebugModifierSystem@@YAPEAVUFunction@@XZ	Function
14814e530	?Z_Construct_UFunction_UProgressionManager_EndSession@@YAPEAVUFunction@@XZ	Function
14814e580	?Z_Construct_UFunction_UProgressionManager_EquipPlayerCard@@YAPEAVUFunction@@XZ	Function
14814e6c0	?Z_Construct_UFunction_UProgressionManager_GetActiveChallenges@@YAPEAVUFunction@@XZ	Function
14814e790	?Z_Construct_UFunction_UProgressionManager_GetAllChallengesWithProgress@@YAPEAVUFunction@@XZ	Function
14814e7d0	?Z_Construct_UFunction_UProgressionManager_GetAllConflictsForModifier@@YAPEAVUFunction@@XZ	Function
14814e810	?Z_Construct_UFunction_UProgressionManager_GetAllModifierData@@YAPEAVUFunction@@XZ	Function
14814e890	?Z_Construct_UFunction_UProgressionManager_GetAllPlayerCardData@@YAPEAVUFunction@@XZ	Function
14814e930	?Z_Construct_UFunction_UProgressionManager_GetAverageDurationSeconds@@YAPEAVUFunction@@XZ	Function
14814e970	?Z_Construct_UFunction_UProgressionManager_GetAverageDurationText@@YAPEAVUFunction@@XZ	Function
14814e9f0	?Z_Construct_UFunction_UProgressionManager_GetAverageEdgesValue@@YAPEAVUFunction@@XZ	Function
14814eab0	?Z_Construct_UFunction_UProgressionManager_GetAverageStrokesPerEdgeText@@YAPEAVUFunction@@XZ	Function
14814eb50	?Z_Construct_UFunction_UProgressionManager_GetAverageStrokesPerMinuteText@@YAPEAVUFunction@@XZ	Function
14814eb90	?Z_Construct_UFunction_UProgressionManager_GetAverageStrokesPerMinuteValue@@YAPEAVUFunction@@XZ	Function
14814ebd0	?Z_Construct_UFunction_UProgressionManager_GetAverageStrokesText@@YAPEAVUFunction@@XZ	Function
14814ec10	?Z_Construct_UFunction_UProgressionManager_GetAverageStrokesValue@@YAPEAVUFunction@@XZ	Function
14814ec50	?Z_Construct_UFunction_UProgressionManager_GetChallengeData@@YAPEAVUFunction@@XZ	Function
14814ed10	?Z_Construct_UFunction_UProgressionManager_GetChallengeForModifier@@YAPEAVUFunction@@XZ	Function
14814ed50	?Z_Construct_UFunction_UProgressionManager_GetChallengeProgress@@YAPEAVUFunction@@XZ	Function
14814ed90	?Z_Construct_UFunction_UProgressionManager_GetChallengeProgressText@@YAPEAVUFunction@@XZ	Function
14814eed0	?Z_Construct_UFunction_UProgressionManager_GetConflictingModifiers@@YAPEAVUFunction@@XZ	Function
14814ef10	?Z_Construct_UFunction_UProgressionManager_GetCurrentConsecutiveSuccubi@@YAPEAVUFunction@@XZ	Function
14814ef50	?Z_Construct_UFunction_UProgressionManager_GetCurrentEdgeStreak@@YAPEAVUFunction@@XZ	Function
14814ef90	?Z_Construct_UFunction_UProgressionManager_GetCurrentLevelIcon@@YAPEAVUFunction@@XZ	Function
14814f050	?Z_Construct_UFunction_UProgressionManager_GetCurrentSessionDuration@@YAPEAVUFunction@@XZ	Function
14814f090	?Z_Construct_UFunction_UProgressionManager_GetCurrentSessionStats@@YAPEAVUFunction@@XZ	Function
14814f0d0	?Z_Construct_UFunction_UProgressionManager_GetCurrentSessionStatsText@@YAPEAVUFunction@@XZ	Function
14814f110	?Z_Construct_UFunction_UProgressionManager_GetCurrentStrokeCombo@@YAPEAVUFunction@@XZ	Function
14814f190	?Z_Construct_UFunction_UProgressionManager_GetDebugStatsString@@YAPEAVUFunction@@XZ	Function
14814f1d0	?Z_Construct_UFunction_UProgressionManager_GetDetailedStatsText@@YAPEAVUFunction@@XZ	Function
14814f210	?Z_Construct_UFunction_UProgressionManager_GetDurationText@@YAPEAVUFunction@@XZ	Function
14814f250	?Z_Construct_UFunction_UProgressionManager_GetEdgesText@@YAPEAVUFunction@@XZ	Function
14814f360	?Z_Construct_UFunction_UProgressionManager_GetEquippedPlayerCard@@YAPEAVUFunction@@XZ	Function
14814f460	?Z_Construct_UFunction_UProgressionManager_GetGlobalLifetimeBest@@YAPEAVUFunction@@XZ	Function
14814f4e0	?Z_Construct_UFunction_UProgressionManager_GetHighscoresText@@YAPEAVUFunction@@XZ	Function
14814f520	?Z_Construct_UFunction_UProgressionManager_GetIconForLevel@@YAPEAVUFunction@@XZ	Function
14814f5e0	?Z_Construct_UFunction_UProgressionManager_GetLifetimeBestEdgeStreak@@YAPEAVUFunction@@XZ	Function
14814f620	?Z_Construct_UFunction_UProgressionManager_GetLifetimeBestForChallenge@@YAPEAVUFunction@@XZ	Function
14814f660	?Z_Construct_UFunction_UProgressionManager_GetLifetimeStats@@YAPEAVUFunction@@XZ	Function
14814f6a0	?Z_Construct_UFunction_UProgressionManager_GetLifetimeStatsText@@YAPEAVUFunction@@XZ	Function
14814f770	?Z_Construct_UFunction_UProgressionManager_GetMetricDisplayName@@YAPEAVUFunction@@XZ	Function
14814f7b0	?Z_Construct_UFunction_UProgressionManager_GetModifierData@@YAPEAVUFunction@@XZ	Function
14814f7f0	?Z_Construct_UFunction_UProgressionManager_GetNextLevelIcon@@YAPEAVUFunction@@XZ	Function
14814f830	?Z_Construct_UFunction_UProgressionManager_GetPlayerCardData@@YAPEAVUFunction@@XZ	Function
14814f870	?Z_Construct_UFunction_UProgressionManager_GetRequirementDisplayText@@YAPEAVUFunction@@XZ	Function
14814f8b0	?Z_Construct_UFunction_UProgressionManager_GetRequirementProgressPercent@@YAPEAVUFunction@@XZ	Function
14814f8f0	?Z_Construct_UFunction_UProgressionManager_GetRewardsText@@YAPEAVUFunction@@XZ	Function
14814f9b0	?NewProp_bUseLifetime_SetBit@Z_Construct_UFunction_UProgressionManager_GetStatValueText_Statics@@SAXPEAX@Z	Label
14814fa40	?Z_Construct_UFunction_UProgressionManager_GetTitleForLevel@@YAPEAVUFunction@@XZ	Function
14814fa80	?Z_Construct_UFunction_UProgressionManager_GetTotalChallengeCount@@YAPEAVUFunction@@XZ	Function
14814fac0	?Z_Construct_UFunction_UProgressionManager_GetTrackedChallenges@@YAPEAVUFunction@@XZ	Function
14814fb00	?Z_Construct_UFunction_UProgressionManager_GetUnlockedModifiers@@YAPEAVUFunction@@XZ	Function
14814fb40	?Z_Construct_UFunction_UProgressionManager_GetUnlockedPlayerCards@@YAPEAVUFunction@@XZ	Function
14814fb80	?Z_Construct_UFunction_UProgressionManager_GetUnlockPoints@@YAPEAVUFunction@@XZ	Function
14814fbc0	?Z_Construct_UFunction_UProgressionManager_GetWinRateText@@YAPEAVUFunction@@XZ	Function
14814fc40	?Z_Construct_UFunction_UProgressionManager_GetXPProgressInCurrentLevel@@YAPEAVUFunction@@XZ	Function
14814fc80	?Z_Construct_UFunction_UProgressionManager_InitializeChallenges@@YAPEAVUFunction@@XZ	Function
14814fcc0	?Z_Construct_UFunction_UProgressionManager_InitializeProgression@@YAPEAVUFunction@@XZ	Function
14814fd10	?Z_Construct_UFunction_UProgressionManager_IsChallengeComplete@@YAPEAVUFunction@@XZ	Function
14814fe60	?NewProp_ReturnValue_SetBit@Z_Construct_UFunction_UProgressionManager_IsModifierUnlocked_Statics@@SAXPEAX@Z	Label
14814fe70	?Z_Construct_UFunction_UProgressionManager_IsModifierUnlocked@@YAPEAVUFunction@@XZ	Function
14814fec0	?Z_Construct_UFunction_UProgressionManager_IsPackChallengeReward@@YAPEAVUFunction@@XZ	Function
14814ff00	?NewProp_ReturnValue_SetBit@Z_Construct_UFunction_UProgressionManager_IsPlayerCardUnlocked_Statics@@SAXPEAX@Z	Label
14814ff10	?Z_Construct_UFunction_UProgressionManager_IsPlayerCardUnlocked@@YAPEAVUFunction@@XZ	Function
14814ff50	?Z_Construct_UFunction_UProgressionManager_LoadProgress@@YAPEAVUFunction@@XZ	Function
148150010	?Z_Construct_UFunction_UProgressionManager_RemoveModifier@@YAPEAVUFunction@@XZ	Function
148150090	?Z_Construct_UFunction_UProgressionManager_SaveProgress@@YAPEAVUFunction@@XZ	Function
1481500d0	?Z_Construct_UFunction_UProgressionManager_SetChallengeDataTable@@YAPEAVUFunction@@XZ	Function
148150150	?Z_Construct_UFunction_UProgressionManager_SetEdgeStreak@@YAPEAVUFunction@@XZ	Function
148150190	?Z_Construct_UFunction_UProgressionManager_SetLevelDataTable@@YAPEAVUFunction@@XZ	Function
148150250	?Z_Construct_UFunction_UProgressionManager_SetModifierDataTable@@YAPEAVUFunction@@XZ	Function
148150310	?Z_Construct_UFunction_UProgressionManager_SetPlayerCardDataTable@@YAPEAVUFunction@@XZ	Function
148150390	?Z_Construct_UFunction_UProgressionManager_SetSessionMetric@@YAPEAVUFunction@@XZ	Function
1481503d0	?Z_Construct_UFunction_UProgressionManager_SetStrokeCombo@@YAPEAVUFunction@@XZ	Function
148150410	?NewProp_ReturnValue_SetBit@Z_Construct_UFunction_UProgressionManager_SpendUnlockPoints_Statics@@SAXPEAX@Z	Label
148150420	?Z_Construct_UFunction_UProgressionManager_SpendUnlockPoints@@YAPEAVUFunction@@XZ	Function
148150460	?Z_Construct_UFunction_UProgressionManager_StartNewSession@@YAPEAVUFunction@@XZ	Function
1481504a0	?NewProp_ReturnValue_SetBit@Z_Construct_UFunction_UProgressionManager_TrackChallenge_Statics@@SAXPEAX@Z	Label
1481504b0	?Z_Construct_UFunction_UProgressionManager_TrackChallenge@@YAPEAVUFunction@@XZ	Function
1481504f0	?NewProp_ReturnValue_SetBit@Z_Construct_UFunction_UProgressionManager_UnlockModifier_Statics@@SAXPEAX@Z	Label
148150500	?Z_Construct_UFunction_UProgressionManager_UnlockModifier@@YAPEAVUFunction@@XZ	Function
148150540	?NewProp_ReturnValue_SetBit@Z_Construct_UFunction_UProgressionManager_UnlockPlayerCard_Statics@@SAXPEAX@Z	Label
148150550	?Z_Construct_UFunction_UProgressionManager_UnlockPlayerCard@@YAPEAVUFunction@@XZ	Function
148150590	?Z_Construct_UFunction_UProgressionManager_UntrackChallenge@@YAPEAVUFunction@@XZ	Function
1481505d0	?StaticClass@UProgressionManager@@SAPEAVUClass@@XZ	Function
148150680	?Z_Construct_UFunction_UProgressionManager_UpdateLifetimeBest@@YAPEAVUFunction@@XZ	Function
1481506c0	?Z_Construct_UFunction_UProgressionManager_UpdateMetric@@YAPEAVUFunction@@XZ	Function
148150700	?Z_Construct_UFunction_UProgressionManager_UpdateMetricWithConditions@@YAPEAVUFunction@@XZ	Function
148150880	??$InternalVTableHelperCtorCaller@VUProgressionManager@@@@YAPEAVUObject@@AEAVFVTableHelper@@@Z	Function
1481509c0	??$StaticClass@VUProgressionManager@@@@YAPEAVUClass@@XZ	Label
1481512a0	??0UProgressionManager@@QEAA@AEAVFVTableHelper@@@Z	Function
1481526a0	??1UProgressionManager@@UEAA@XZ	Function
148156650	?GetPrivateStaticClass@UProgressionManager@@CAPEAVUClass@@XZ	Function
1481592f0	?Z_Construct_UClass_UProgressionManager_NoRegister@@YAPEAVUClass@@XZ	Label
148159400	?execAddUnlockPoints@UProgressionManager@@SAXPEAVUObject@@AEAUFFrame@@QEAX@Z	Function
148159490	?execAddXP@UProgressionManager@@SAXPEAVUObject@@AEAUFFrame@@QEAX@Z	Function
148159580	?execCalculateSessionXP@UProgressionManager@@SAXPEAVUObject@@AEAUFFrame@@QEAX@Z	Function
1481596b0	?execCanClaimReward@UProgressionManager@@SAXPEAVUObject@@AEAUFFrame@@QEAX@Z	Function
148159750	?execCanEnableModifier@UProgressionManager@@SAXPEAVUObject@@AEAUFFrame@@QEAX@Z	Function
1481598a0	?execClaimChallengeReward@UProgressionManager@@SAXPEAVUObject@@AEAUFFrame@@QEAX@Z	Function
148159940	?execClaimChallengeRewards@UProgressionManager@@SAXPEAVUObject@@AEAUFFrame@@QEAX@Z	Function
148159a20	?execClearModifiers@UProgressionManager@@SAXPEAVUObject@@AEAUFFrame@@QEAX@Z	Label
148159a40	?execDebugCompleteAllChallenges@UProgressionManager@@SAXPEAVUObject@@AEAUFFrame@@QEAX@Z	Label
148159a60	?execDebugModifierSystem@UProgressionManager@@SAXPEAVUObject@@AEAUFFrame@@QEAX@Z	Label
148159a80	?execEndSession@UProgressionManager@@SAXPEAVUObject@@AEAUFFrame@@QEAX@Z	Function
148159c40	?execFormatLargeNumber@UProgressionManager@@SAXPEAVUObject@@AEAUFFrame@@QEAX@Z	Function
148159d20	?execFormatPlayTime@UProgressionManager@@SAXPEAVUObject@@AEAUFFrame@@QEAX@Z	Function
148159e00	?execFormatSecondsToTime@UProgressionManager@@SAXPEAVUObject@@AEAUFFrame@@QEAX@Z	Function
148159f70	?execGetAllChallengeData@UProgressionManager@@SAXPEAVUObject@@AEAUFFrame@@QEAX@Z	Function
14815a270	?execGetAllModifierData@UProgressionManager@@SAXPEAVUObject@@AEAUFFrame@@QEAX@Z	Function
14815a460	?execGetAllModifierIDs@UProgressionManager@@SAXPEAVUObject@@AEAUFFrame@@QEAX@Z	Function
14815a4f0	?execGetAllPlayerCardData@UProgressionManager@@SAXPEAVUObject@@AEAUFFrame@@QEAX@Z	Function
14815a650	?execGetAverageDurationSeconds@UProgressionManager@@SAXPEAVUObject@@AEAUFFrame@@QEAX@Z	Function
14815a690	?execGetAverageDurationText@UProgressionManager@@SAXPEAVUObject@@AEAUFFrame@@QEAX@Z	Function
14815a7f0	?execGetAverageStrokesPerEdgeText@UProgressionManager@@SAXPEAVUObject@@AEAUFFrame@@QEAX@Z	Function
14815a880	?execGetAverageStrokesPerEdgeValue@UProgressionManager@@SAXPEAVUObject@@AEAUFFrame@@QEAX@Z	Function
14815a8c0	?execGetAverageStrokesPerMinuteText@UProgressionManager@@SAXPEAVUObject@@AEAUFFrame@@QEAX@Z	Function
14815aa60	?execGetAveragesText@UProgressionManager@@SAXPEAVUObject@@AEAUFFrame@@QEAX@Z	Function
14815abc0	?execGetChallengeDataForModifier@UProgressionManager@@SAXPEAVUObject@@AEAUFFrame@@QEAX@Z	Function
14815ac90	?execGetChallengeForModifier@UProgressionManager@@SAXPEAVUObject@@AEAUFFrame@@QEAX@Z	Function
14815ad30	?execGetChallengeProgress@UProgressionManager@@SAXPEAVUObject@@AEAUFFrame@@QEAX@Z	Function
14815ae80	?execGetChallengeProgressText@UProgressionManager@@SAXPEAVUObject@@AEAUFFrame@@QEAX@Z	Function
14815af60	?execGetChallengesForPack@UProgressionManager@@SAXPEAVUObject@@AEAUFFrame@@QEAX@Z	Function
14815b1d0	?execGetCompleteStatsReport@UProgressionManager@@SAXPEAVUObject@@AEAUFFrame@@QEAX@Z	Function
14815b260	?execGetConflictingModifiers@UProgressionManager@@SAXPEAVUObject@@AEAUFFrame@@QEAX@Z	Function
14815b3f0	?execGetCurrentConsecutiveSuccubi@UProgressionManager@@SAXPEAVUObject@@AEAUFFrame@@QEAX@Z	Label
14815b420	?execGetCurrentEdgeStreak@UProgressionManager@@SAXPEAVUObject@@AEAUFFrame@@QEAX@Z	Label
14815b450	?execGetCurrentLevelIcon@UProgressionManager@@SAXPEAVUObject@@AEAUFFrame@@QEAX@Z	Function
14815b4d0	?execGetCurrentSessionDuration@UProgressionManager@@SAXPEAVUObject@@AEAUFFrame@@QEAX@Z	Function
14815b510	?execGetCurrentSessionStats@UProgressionManager@@SAXPEAVUObject@@AEAUFFrame@@QEAX@Z	Function
14815b5b0	?execGetCurrentSessionStatsText@UProgressionManager@@SAXPEAVUObject@@AEAUFFrame@@QEAX@Z	Function
14815b640	?execGetCurrentStrokeCombo@UProgressionManager@@SAXPEAVUObject@@AEAUFFrame@@QEAX@Z	Label
14815b670	?execGetDebugStatsString@UProgressionManager@@SAXPEAVUObject@@AEAUFFrame@@QEAX@Z	Function
14815b700	?execGetDetailedStatsText@UProgressionManager@@SAXPEAVUObject@@AEAUFFrame@@QEAX@Z	Function
14815b870	?execGetDurationText@UProgressionManager@@SAXPEAVUObject@@AEAUFFrame@@QEAX@Z	Function
14815b9e0	?execGetEdgesText@UProgressionManager@@SAXPEAVUObject@@AEAUFFrame@@QEAX@Z	Function
14815bb50	?execGetEquippedPlayerCard@UProgressionManager@@SAXPEAVUObject@@AEAUFFrame@@QEAX@Z	Label
14815bb80	?execGetGlobalLifetimeBest@UProgressionManager@@SAXPEAVUObject@@AEAUFFrame@@QEAX@Z	Function
14815bd20	?execGetIconForLevel@UProgressionManager@@SAXPEAVUObject@@AEAUFFrame@@QEAX@Z	Function
14815bdc0	?execGetLevelProgressPercent@UProgressionManager@@SAXPEAVUObject@@AEAUFFrame@@QEAX@Z	Function
14815be00	?execGetLifetimeBestEdgeStreak@UProgressionManager@@SAXPEAVUObject@@AEAUFFrame@@QEAX@Z	Label
14815bea0	?execGetLifetimeBestForChallenge@UProgressionManager@@SAXPEAVUObject@@AEAUFFrame@@QEAX@Z	Function
14815bf70	?execGetLifetimeStats@UProgressionManager@@SAXPEAVUObject@@AEAUFFrame@@QEAX@Z	Function
14815c0a0	?execGetLockedModifiers@UProgressionManager@@SAXPEAVUObject@@AEAUFFrame@@QEAX@Z	Function
14815c130	?execGetMetricDisplayName@UProgressionManager@@SAXPEAVUObject@@AEAUFFrame@@QEAX@Z	Function
14815c210	?execGetModifierData@UProgressionManager@@SAXPEAVUObject@@AEAUFFrame@@QEAX@Z	Function
14815c3a0	?execGetPlayerCardData@UProgressionManager@@SAXPEAVUObject@@AEAUFFrame@@QEAX@Z	Function
14815c4c0	?execGetRequirementDisplayText@UProgressionManager@@SAXPEAVUObject@@AEAUFFrame@@QEAX@Z	Function
14815c5e0	?execGetRequirementProgressPercent@UProgressionManager@@SAXPEAVUObject@@AEAUFFrame@@QEAX@Z	Function
14815c6b0	?execGetRewardsText@UProgressionManager@@SAXPEAVUObject@@AEAUFFrame@@QEAX@Z	Function
14815c9e0	?execGetSessionBestConsecutiveSuccubi@UProgressionManager@@SAXPEAVUObject@@AEAUFFrame@@QEAX@Z	Label
14815cb60	?execGetStrokesText@UProgressionManager@@SAXPEAVUObject@@AEAUFFrame@@QEAX@Z	Function
14815ccd0	?execGetTitleForLevel@UProgressionManager@@SAXPEAVUObject@@AEAUFFrame@@QEAX@Z	Function
14815cd70	?execGetTotalChallengeCount@UProgressionManager@@SAXPEAVUObject@@AEAUFFrame@@QEAX@Z	Function
14815cdb0	?execGetTrackedChallenges@UProgressionManager@@SAXPEAVUObject@@AEAUFFrame@@QEAX@Z	Function
14815cec0	?execGetUnlockedModifiers@UProgressionManager@@SAXPEAVUObject@@AEAUFFrame@@QEAX@Z	Function
14815cf60	?execGetUnlockedPlayerCards@UProgressionManager@@SAXPEAVUObject@@AEAUFFrame@@QEAX@Z	Function
14815d0d0	?execGetXPProgressInCurrentLevel@UProgressionManager@@SAXPEAVUObject@@AEAUFFrame@@QEAX@Z	Function
14815d130	?execInitializeProgression@UProgressionManager@@SAXPEAVUObject@@AEAUFFrame@@QEAX@Z	Label
14815d150	?execIsChallengeComplete@UProgressionManager@@SAXPEAVUObject@@AEAUFFrame@@QEAX@Z	Function
14815d290	?execIsModifierUnlocked@UProgressionManager@@SAXPEAVUObject@@AEAUFFrame@@QEAX@Z	Function
14815d330	?execIsPackChallengeReward@UProgressionManager@@SAXPEAVUObject@@AEAUFFrame@@QEAX@Z	Function
14815d3f0	?execIsPlayerCardUnlocked@UProgressionManager@@SAXPEAVUObject@@AEAUFFrame@@QEAX@Z	Function
14815d4b0	?execPrepareSessionRewards@UProgressionManager@@SAXPEAVUObject@@AEAUFFrame@@QEAX@Z	Function
14815d650	?execRecordSessionMetric@UProgressionManager@@SAXPEAVUObject@@AEAUFFrame@@QEAX@Z	Function
14815d720	?execRemoveModifier@UProgressionManager@@SAXPEAVUObject@@AEAUFFrame@@QEAX@Z	Function
14815d7f0	?execSaveProgress@UProgressionManager@@SAXPEAVUObject@@AEAUFFrame@@QEAX@Z	Label
14815d8a0	?execSetConsecutiveSuccubi@UProgressionManager@@SAXPEAVUObject@@AEAUFFrame@@QEAX@Z	Function
14815d930	?execSetEdgeStreak@UProgressionManager@@SAXPEAVUObject@@AEAUFFrame@@QEAX@Z	Function
14815d9c0	?execSetLevelDataTable@UProgressionManager@@SAXPEAVUObject@@AEAUFFrame@@QEAX@Z	Function
14815dae0	?execSetPlayerCardDataTable@UProgressionManager@@SAXPEAVUObject@@AEAUFFrame@@QEAX@Z	Function
14815db70	?execSetSessionMetric@UProgressionManager@@SAXPEAVUObject@@AEAUFFrame@@QEAX@Z	Function
14815dcd0	?execSpendUnlockPoints@UProgressionManager@@SAXPEAVUObject@@AEAUFFrame@@QEAX@Z	Function
14815dd90	?execTrackChallenge@UProgressionManager@@SAXPEAVUObject@@AEAUFFrame@@QEAX@Z	Function
14815df70	?execUntrackChallenge@UProgressionManager@@SAXPEAVUObject@@AEAUFFrame@@QEAX@Z	Function
14815e000	?execUpdateLifetimeBest@UProgressionManager@@SAXPEAVUObject@@AEAUFFrame@@QEAX@Z	Function
14815e1a0	?execUpdateMetricWithConditions@UProgressionManager@@SAXPEAVUObject@@AEAUFFrame@@QEAX@Z	Function
14815e430	?Z_Construct_UClass_UBeatSpawnerManager@@YAPEAVUClass@@XZ	Function
14815e6b0	?Z_Construct_UFunction_UBeatSpawnerManager_ApplySpeedModifier@@YAPEAVUFunction@@XZ	Function
14815e6f0	?Z_Construct_UFunction_UBeatSpawnerManager_ApplyStrokeCountModifier@@YAPEAVUFunction@@XZ	Function
14815e730	?Z_Construct_UFunction_UBeatSpawnerManager_ChangePattern@@YAPEAVUFunction@@XZ	Function
14815e830	?Z_Construct_UFunction_UBeatSpawnerManager_GetCompletedBeats@@YAPEAVUFunction@@XZ	Function
14815e8b0	?Z_Construct_UFunction_UBeatSpawnerManager_GetCurrentInterval@@YAPEAVUFunction@@XZ	Function
14815e8f0	?Z_Construct_UFunction_UBeatSpawnerManager_GetMasterTimelinePosition@@YAPEAVUFunction@@XZ	Function
14815e930	?Z_Construct_UFunction_UBeatSpawnerManager_GetMinimumBeatInterval@@YAPEAVUFunction@@XZ	Function
14815e970	?Z_Construct_UFunction_UBeatSpawnerManager_GetTotalBeatsInQueue@@YAPEAVUFunction@@XZ	Function
14815e9b0	?NewProp_ReturnValue_SetBit@Z_Construct_UFunction_UBeatSpawnerManager_IsSequenceRunning_Statics@@SAXPEAX@Z	Label
14815e9c0	?Z_Construct_UFunction_UBeatSpawnerManager_IsSequenceRunning@@YAPEAVUFunction@@XZ	Function
14815ea00	?Z_Construct_UFunction_UBeatSpawnerManager_OnBeatReachedCenter@@YAPEAVUFunction@@XZ	Function
14815ea40	?Z_Construct_UFunction_UBeatSpawnerManager_PauseSequence@@YAPEAVUFunction@@XZ	Function
14815ea80	?Z_Construct_UFunction_UBeatSpawnerManager_ResumeSequence@@YAPEAVUFunction@@XZ	Function
14815eb00	?Z_Construct_UFunction_UBeatSpawnerManager_SetWorld@@YAPEAVUFunction@@XZ	Function
14815eb40	?Z_Construct_UFunction_UBeatSpawnerManager_StartPattern@@YAPEAVUFunction@@XZ	Function
14815ebc0	?Z_Construct_UFunction_UBeatSpawnerManager_StopSequence@@YAPEAVUFunction@@XZ	Function
14815ec30	??$InternalConstructor@VUBeatSpawnerManager@@@@YAXAEBVFObjectInitializer@@@Z	Label
14815ece0	??$StaticClass@VUBeatSpawnerManager@@@@YAPEAVUClass@@XZ	Label
14815f104	??_EUBeatSpawnerManager@@WCI@EAAPEAXI@Z	Label
14815f1a0	??_EUBeatSpawnerManager@@UEAAPEAXI@Z	Function
14815f1a0	??_GUBeatSpawnerManager@@UEAAPEAXI@Z	Label
14815f650	?EmptyLinkFunctionForGeneratedCodeUBeatSpawnerManager@@YAXXZ	Label
14815f780	?FOnBeatSpeedChanged_DelegateWrapper@UBeatSpawnerManager@@SAXAEBV?$TMulticastScriptDelegate@UFNotThreadSafeDelegateMode@@@@HM@Z	Function
14815ff70	?execApplySpeedModifier@UBeatSpawnerManager@@SAXPEAVUObject@@AEAUFFrame@@QEAX@Z	Function
148160000	?execApplyStrokeCountModifier@UBeatSpawnerManager@@SAXPEAVUObject@@AEAUFFrame@@QEAX@Z	Function
148160090	?execChangePattern@UBeatSpawnerManager@@SAXPEAVUObject@@AEAUFFrame@@QEAX@Z	Function
1481601b0	?execCreateTestBeatWidget@UBeatSpawnerManager@@SAXPEAVUObject@@AEAUFFrame@@QEAX@Z	Function
148160260	?execDebugBeatCounts@UBeatSpawnerManager@@SAXPEAVUObject@@AEAUFFrame@@QEAX@Z	Label
148160280	?execGetBeatsRemaining@UBeatSpawnerManager@@SAXPEAVUObject@@AEAUFFrame@@QEAX@Z	Function
148160360	?execGetMasterTimelinePosition@UBeatSpawnerManager@@SAXPEAVUObject@@AEAUFFrame@@QEAX@Z	Function
1481603a0	?execGetMinimumBeatInterval@UBeatSpawnerManager@@SAXPEAVUObject@@AEAUFFrame@@QEAX@Z	Label
1481603d0	?execGetTotalBeatsInQueue@UBeatSpawnerManager@@SAXPEAVUObject@@AEAUFFrame@@QEAX@Z	Label
148160440	?execOnBeatReachedCenter@UBeatSpawnerManager@@SAXPEAVUObject@@AEAUFFrame@@QEAX@Z	Function
1481604f0	?execPauseSequence@UBeatSpawnerManager@@SAXPEAVUObject@@AEAUFFrame@@QEAX@Z	Label
148160510	?execResumeSequence@UBeatSpawnerManager@@SAXPEAVUObject@@AEAUFFrame@@QEAX@Z	Label
148160530	?execSetMinimumBeatInterval@UBeatSpawnerManager@@SAXPEAVUObject@@AEAUFFrame@@QEAX@Z	Function
1481605c0	?execSetWorld@UBeatSpawnerManager@@SAXPEAVUObject@@AEAUFFrame@@QEAX@Z	Function
148160650	?execStartPattern@UBeatSpawnerManager@@SAXPEAVUObject@@AEAUFFrame@@QEAX@Z	Function
1481608f0	?execStartPatternWithMediaSync@UBeatSpawnerManager@@SAXPEAVUObject@@AEAUFFrame@@QEAX@Z	Function
148160bf0	?StaticClass@UCHPackStoreController@@SAPEAVUClass@@XZ	Function
148160ce0	?Z_Construct_UFunction_UCHPackStoreController_AddUnlockPoints@@YAPEAVUFunction@@XZ	Function
148160d20	?Z_Construct_UFunction_UCHPackStoreController_ApplyIronManPenalty@@YAPEAVUFunction@@XZ	Function
148160d60	?Z_Construct_UFunction_UCHPackStoreController_CheckAndMigratePacks@@YAPEAVUFunction@@XZ	Function
148160da0	?Z_Construct_UFunction_UCHPackStoreController_GetAllEnabledMedia@@YAPEAVUFunction@@XZ	Function
148160e20	?NewProp_ReturnValue_SetBit@Z_Construct_UFunction_UCHPackStoreController_GetPackManifest_Statics@@SAXPEAX@Z	Label
148160e30	?Z_Construct_UFunction_UCHPackStoreController_GetPackManifest@@YAPEAVUFunction@@XZ	Function
148160f30	?NewProp_ReturnValue_SetBit@Z_Construct_UFunction_UCHPackStoreController_IsPackEnabled_Statics@@SAXPEAX@Z	Label
148160f40	?Z_Construct_UFunction_UCHPackStoreController_IsPackEnabled@@YAPEAVUFunction@@XZ	Function
148160f80	?NewProp_ReturnValue_SetBit@Z_Construct_UFunction_UCHPackStoreController_IsPackLocked_Statics@@SAXPEAX@Z	Label
148160f90	?Z_Construct_UFunction_UCHPackStoreController_IsPackLocked@@YAPEAVUFunction@@XZ	Function
148160fd0	?NewProp_ReturnValue_SetBit@Z_Construct_UFunction_UCHPackStoreController_IsPackUnlocked_Statics@@SAXPEAX@Z	Label
148161020	?Z_Construct_UFunction_UCHPackStoreController_ReloadSave@@YAPEAVUFunction@@XZ	Function
148161060	?Z_Construct_UFunction_UCHPackStoreController_Save@@YAPEAVUFunction@@XZ	Function
1481610b0	?Z_Construct_UFunction_UCHPackStoreController_SetPackEnabled@@YAPEAVUFunction@@XZ	Function
1481610f0	?NewProp_ReturnValue_SetBit@Z_Construct_UFunction_UCHPackStoreController_UnlockPack_Statics@@SAXPEAX@Z	Label
148161100	?Z_Construct_UFunction_UCHPackStoreController_UnlockPack@@YAPEAVUFunction@@XZ	Function
148161140	?NewProp_ReturnValue_SetBit@Z_Construct_UFunction_UCHPackStoreController_UnlockPackFromChallenge_Statics@@SAXPEAX@Z	Label
148161190	?NewProp_bHasMigratedManifests_SetBit@Z_Construct_UClass_UCHPackStoreController_Statics@@SAXPEAX@Z	Label
1481612c0	??$StaticClass@VUCHPackStoreController@@@@YAPEAVUClass@@XZ	Label
1481612d0	??0UCHPackStoreController@@QEAA@AEAVFVTableHelper@@@Z	Function
1481613b0	??_EUCHPackStoreController@@UEAAPEAXI@Z	Function
1481613b0	??_GUCHPackStoreController@@UEAAPEAXI@Z	Label
148161420	?EmptyLinkFunctionForGeneratedCodeUCHPackStoreController@@YAXXZ	Label
1481614e0	?StaticRegisterNativesUCHPackStoreController@UCHPackStoreController@@CAXXZ	Function
148161510	?Z_Construct_UClass_UCHPackStoreController_NoRegister@@YAPEAVUClass@@XZ	Label
148161520	?execAddUnlockPoints@UCHPackStoreController@@SAXPEAVUObject@@AEAUFFrame@@QEAX@Z	Function
1481615b0	?execApplyIronManPenalty@UCHPackStoreController@@SAXPEAVUObject@@AEAUFFrame@@QEAX@Z	Label
1481615f0	?execGetAllEnabledMedia@UCHPackStoreController@@SAXPEAVUObject@@AEAUFFrame@@QEAX@Z	Function
148161710	?execGetAllPackInfos@UCHPackStoreController@@SAXPEAVUObject@@AEAUFFrame@@QEAX@Z	Function
148161760	?execGetPackManifest@UCHPackStoreController@@SAXPEAVUObject@@AEAUFFrame@@QEAX@Z	Function
148161aa0	?execGetUnlockPoints@UCHPackStoreController@@SAXPEAVUObject@@AEAUFFrame@@QEAX@Z	Function
148161b50	?execIsPackEnabled@UCHPackStoreController@@SAXPEAVUObject@@AEAUFFrame@@QEAX@Z	Function
148161c10	?execIsPackLocked@UCHPackStoreController@@SAXPEAVUObject@@AEAUFFrame@@QEAX@Z	Function
148161d90	?execReloadSave@UCHPackStoreController@@SAXPEAVUObject@@AEAUFFrame@@QEAX@Z	Label
148161db0	?execSave@UCHPackStoreController@@SAXPEAVUObject@@AEAUFFrame@@QEAX@Z	Label
148161dd0	?execSetPackEnabled@UCHPackStoreController@@SAXPEAVUObject@@AEAUFFrame@@QEAX@Z	Function
148162ae0	??$AddUObject@VUAdultToyManager@@$$V@?$TMulticastDelegate@$$A6AXAEBVFString@@@ZUFDefaultDelegateUserPolicy@@@@QEAA?AVFDelegateHandle@@PEAVUAdultToyManager@@P82@EAAXAEBVFString@@@Z@Z	Function
148162db0	??$CreateUObject@VUAdultToyManager@@$$V@?$TDelegate@$$A6AXV?$TSharedPtr@VIHttpRequest@@$00@@V?$TSharedPtr@VIHttpResponse@@$00@@_N@ZUFDefaultDelegateUserPolicy@@@@SA?AV0@PEAVUAdultToyManager@@P81@EAAXV?$TSharedPtr@VIHttpRequest@@$00@@V?$TSharedPtr@VIHttpResponse@@$00@@_N@Z@Z	Function
148162ea0	??$DereferenceIfNecessary@VUAdultToyManager@@AEAPEAV1@@Private@Core@UE@@YAAEAVUAdultToyManager@@AEAPEAV3@ZZ	Label
148163510	??$__Internal_AddDynamic@VUAdultToyManager@@@?$TBaseDynamicMulticastDelegate@UFNotThreadSafeDelegateMode@@X$$V@@QEAAXPEAVUAdultToyManager@@P81@EAAXXZVFName@@@Z	Function
148163f70	??0UAdultToyManager@@QEAA@XZ	Function
148166db0	??_G?$TBaseUObjectMethodDelegateInstance@$0A@VUAdultToyManager@@$$A6AXHAEBVFString@@_N@ZUFDefaultDelegateUserPolicy@@$$V@@UEAAPEAXI@Z	Function
148166db0	??_E?$TBaseUObjectMethodDelegateInstance@$0A@VUAdultToyManager@@$$A6AXHAEBVFString@@_N@ZUFDefaultDelegateUserPolicy@@$$V@@UEAAPEAXI@Z	Label
148166de0	??_G?$TBaseUObjectMethodDelegateInstance@$0A@VUAdultToyManager@@$$A6AXV?$TSharedPtr@VIHttpRequest@@$00@@V?$TSharedPtr@VIHttpResponse@@$00@@_N@ZUFDefaultDelegateUserPolicy@@$$V@@UEAAPEAXI@Z	Function
148166e10	??_E?$TBaseUObjectMethodDelegateInstance@$0A@VUAdultToyManager@@$$A6AXXZUFDefaultDelegateUserPolicy@@$$V@@UEAAPEAXI@Z	Function
148166e40	??_E?$TBaseUObjectMethodDelegateInstance@$0A@VUAdultToyManager@@$$A6AXXZUFNotThreadSafeNotCheckedDelegateUserPolicy@@$$V@@UEAAPEAXI@Z	Function
148166e40	??_G?$TBaseUObjectMethodDelegateInstance@$0A@VUAdultToyManager@@$$A6AXXZUFNotThreadSafeNotCheckedDelegateUserPolicy@@$$V@@UEAAPEAXI@Z	Label
148167010	?BuildHandyUrl@UAdultToyManager@@AEBA?AVFString@@AEBV2@@Z	Function
148167070	?CalculateDynamicIntensity@UAdultToyManager@@IEAAHM@Z	Label
1481670d0	?CategorizeButtplugDevice@UAdultToyManager@@IEAAXAEAUFButtplugDevice@@@Z	Function
1481673f0	?CategorizeConnectedDevices@UAdultToyManager@@IEAAXXZ	Label
148167870	?ConnectToButtplug@UAdultToyManager@@QEAAXXZ	Function
148168610	?ConnectToLovense@UAdultToyManager@@QEAAXXZ	Function
1481687e0	?ConnectToLovenseViaHTTP@UAdultToyManager@@QEAAXAEBVFString@@H@Z	Function
148168cb0	?ConnectToLovenseViaMobile@UAdultToyManager@@QEAAXAEBVFString@@H@Z	Function
1481694e0	?ConvertBeatEventToToyCommand@UAdultToyManager@@AEAA?AUFToyBeatCommand@@AEBUFBeatEvent@@@Z	Label
14816bfb0	?CreateCopy@?$TBaseUFunctionDelegateInstance@VUAdultToyManager@@$$A6AXXZUFNotThreadSafeNotCheckedDelegateUserPolicy@@H@@UEBAXAEAV?$TDelegateBase@UFNotThreadSafeDelegateMode@@@@@Z	Function
14816c080	?CreateCopy@?$TBaseUFunctionDelegateInstance@VUAdultToyManager@@$$A6AXXZUFNotThreadSafeNotCheckedDelegateUserPolicy@@H@@UEBAXAEAV?$TDelegateBase@UFNotThreadSafeNotCheckedDelegateMode@@@@@Z	Function
14816c120	?CreateCopy@?$TBaseUFunctionDelegateInstance@VUAdultToyManager@@$$A6AXXZUFNotThreadSafeNotCheckedDelegateUserPolicy@@H@@UEBAXAEAV?$TDelegateBase@UFThreadSafeDelegateMode@@@@@Z	Function
14816c220	?CreateCopy@?$TBaseUObjectMethodDelegateInstance@$0A@VUAdultToyManager@@$$A6AXAEBVFString@@@ZUFDefaultDelegateUserPolicy@@$$V@@UEBAXAEAV?$TDelegateBase@UFNotThreadSafeDelegateMode@@@@@Z	Function
14816c2e0	?CreateCopy@?$TBaseUObjectMethodDelegateInstance@$0A@VUAdultToyManager@@$$A6AXAEBVFString@@@ZUFDefaultDelegateUserPolicy@@$$V@@UEBAXAEAV?$TDelegateBase@UFNotThreadSafeNotCheckedDelegateMode@@@@@Z	Function
14816c370	?CreateCopy@?$TBaseUObjectMethodDelegateInstance@$0A@VUAdultToyManager@@$$A6AXAEBVFString@@@ZUFDefaultDelegateUserPolicy@@$$V@@UEBAXAEAV?$TDelegateBase@UFThreadSafeDelegateMode@@@@@Z	Function
14816c530	?CreateCopy@?$TBaseUObjectMethodDelegateInstance@$0A@VUAdultToyManager@@$$A6AXHAEBVFString@@_N@ZUFDefaultDelegateUserPolicy@@$$V@@UEBAXAEAV?$TDelegateBase@UFNotThreadSafeNotCheckedDelegateMode@@@@@Z	Function
14816c5c0	?CreateCopy@?$TBaseUObjectMethodDelegateInstance@$0A@VUAdultToyManager@@$$A6AXHAEBVFString@@_N@ZUFDefaultDelegateUserPolicy@@$$V@@UEBAXAEAV?$TDelegateBase@UFThreadSafeDelegateMode@@@@@Z	Function
14816c6c0	?CreateCopy@?$TBaseUObjectMethodDelegateInstance@$0A@VUAdultToyManager@@$$A6AXV?$TSharedPtr@VIHttpRequest@@$00@@V?$TSharedPtr@VIHttpResponse@@$00@@_N@ZUFDefaultDelegateUserPolicy@@$$V@@UEBAXAEAV?$TDelegateBase@UFNotThreadSafeDelegateMode@@@@@Z	Function
14816c780	?CreateCopy@?$TBaseUObjectMethodDelegateInstance@$0A@VUAdultToyManager@@$$A6AXV?$TSharedPtr@VIHttpRequest@@$00@@V?$TSharedPtr@VIHttpResponse@@$00@@_N@ZUFDefaultDelegateUserPolicy@@$$V@@UEBAXAEAV?$TDelegateBase@UFNotThreadSafeNotCheckedDelegateMode@@@@@Z	Function
14816c9d0	?CreateCopy@?$TBaseUObjectMethodDelegateInstance@$0A@VUAdultToyManager@@$$A6AXXZUFDefaultDelegateUserPolicy@@$$V@@UEBAXAEAV?$TDelegateBase@UFNotThreadSafeNotCheckedDelegateMode@@@@@Z	Function
14816ca60	?CreateCopy@?$TBaseUObjectMethodDelegateInstance@$0A@VUAdultToyManager@@$$A6AXXZUFDefaultDelegateUserPolicy@@$$V@@UEBAXAEAV?$TDelegateBase@UFThreadSafeDelegateMode@@@@@Z	Function
14816cc20	?CreateCopy@?$TBaseUObjectMethodDelegateInstance@$0A@VUAdultToyManager@@$$A6AXXZUFNotThreadSafeNotCheckedDelegateUserPolicy@@$$V@@UEBAXAEAV?$TDelegateBase@UFNotThreadSafeNotCheckedDelegateMode@@@@@Z	Function
14816cdb0	?DebugLogAllDevices@UAdultToyManager@@QEBAXXZ	Function
14816d520	?DebugLogHandyStatus@UAdultToyManager@@QEBAXXZ	Function
14816d8c0	?DebugLogLovenseStatus@UAdultToyManager@@QEBAXXZ	Function
14816dd70	?DisconnectFromButtplug@UAdultToyManager@@QEAAXXZ	Function
14816e040	?DisconnectFromHandy@UAdultToyManager@@QEAAXXZ	Function
14816e250	?DisconnectFromLovense@UAdultToyManager@@QEAAXXZ	Function
14816e380	?DisconnectFromLovenseInternal@UAdultToyManager@@AEAAXXZ	Function
14816e750	?EmergencyStopAllDevices@UAdultToyManager@@QEAAXXZ	Function
14816ef50	?EnableBeatSynchronization@UAdultToyManager@@QEAAX_N@Z	Function
14816f9e0	?Execute@?$TBaseUFunctionDelegateInstance@VUAdultToyManager@@$$A6AXXZUFNotThreadSafeNotCheckedDelegateUserPolicy@@H@@UEBAXXZ	Function
14816fa80	?Execute@?$TBaseUObjectMethodDelegateInstance@$0A@VUAdultToyManager@@$$A6AXAEBVFString@@@ZUFDefaultDelegateUserPolicy@@$$V@@UEBAXAEBVFString@@@Z	Function
14816fae0	?Execute@?$TBaseUObjectMethodDelegateInstance@$0A@VUAdultToyManager@@$$A6AXHAEBVFString@@_N@ZUFDefaultDelegateUserPolicy@@$$V@@UEBAXHAEBVFString@@_N@Z	Function
14816fc90	?Execute@?$TBaseUObjectMethodDelegateInstance@$0A@VUAdultToyManager@@$$A6AXXZUFDefaultDelegateUserPolicy@@$$V@@UEBAXXZ	Function
14816fcd0	?Execute@?$TBaseUObjectMethodDelegateInstance@$0A@VUAdultToyManager@@$$A6AXXZUFNotThreadSafeNotCheckedDelegateUserPolicy@@$$V@@UEBAXXZ	Function
14816fd10	?ExecuteAlternatingStroke@UAdultToyManager@@IEAAXAEBUFBeatEvent@@@Z	Function
14816fed0	?ExecuteButtplugBeatCommand@UAdultToyManager@@IEAAXAEBUFBeatEvent@@@Z	Function
1481712a0	?ExecuteIfSafe@?$TBaseUFunctionDelegateInstance@VUAdultToyManager@@$$A6AXXZUFNotThreadSafeNotCheckedDelegateUserPolicy@@H@@UEBA_NXZ	Function
148171320	?ExecuteIfSafe@?$TBaseUObjectMethodDelegateInstance@$0A@VUAdultToyManager@@$$A6AXAEBVFString@@@ZUFDefaultDelegateUserPolicy@@$$V@@UEBA_NAEBVFString@@@Z	Function
148171390	?ExecuteIfSafe@?$TBaseUObjectMethodDelegateInstance@$0A@VUAdultToyManager@@$$A6AXHAEBVFString@@_N@ZUFDefaultDelegateUserPolicy@@$$V@@UEBA_NHAEBVFString@@_N@Z	Function
148171410	?ExecuteIfSafe@?$TBaseUObjectMethodDelegateInstance@$0A@VUAdultToyManager@@$$A6AXV?$TSharedPtr@VIHttpRequest@@$00@@V?$TSharedPtr@VIHttpResponse@@$00@@_N@ZUFDefaultDelegateUserPolicy@@$$V@@UEBA_NV?$TSharedPtr@VIHttpRequest@@$00@@V?$TSharedPtr@VIHttpResponse@@$00@@_N@Z	Function
148171670	?ExecuteLovenseHTTPBeatCommand@UAdultToyManager@@IEAAXAEBUFBeatEvent@@@Z	Function
1481719f0	?ExecuteLovenseStrokeCommand@UAdultToyManager@@IEAAXAEBUFBeatEvent@@@Z	Function
148171cf0	?ExecuteLovenseVibrationCommand@UAdultToyManager@@IEAAXAEBUFBeatEvent@@@Z	Function
148172040	?ExecutePrecisionStroke@UAdultToyManager@@AEAAXAEBUFBeatEvent@@@Z	Label
148172190	?GetBoundProgramCounterForTimerManager@?$TBaseUFunctionDelegateInstance@VUAdultToyManager@@$$A6AXXZUFNotThreadSafeNotCheckedDelegateUserPolicy@@H@@UEBA_KXZ	Label
1481721a0	?GetBoundProgramCounterForTimerManager@?$TBaseUObjectMethodDelegateInstance@$0A@VUAdultToyManager@@$$A6AXAEBVFString@@@ZUFDefaultDelegateUserPolicy@@$$V@@UEBA_KXZ	Label
1481721b0	?GetBoundProgramCounterForTimerManager@?$TBaseUObjectMethodDelegateInstance@$0A@VUAdultToyManager@@$$A6AXHAEBVFString@@_N@ZUFDefaultDelegateUserPolicy@@$$V@@UEBA_KXZ	Label
1481721c0	?GetBoundProgramCounterForTimerManager@?$TBaseUObjectMethodDelegateInstance@$0A@VUAdultToyManager@@$$A6AXV?$TSharedPtr@VIHttpRequest@@$00@@V?$TSharedPtr@VIHttpResponse@@$00@@_N@ZUFDefaultDelegateUserPolicy@@$$V@@UEBA_KXZ	Label
1481721d0	?GetBoundProgramCounterForTimerManager@?$TBaseUObjectMethodDelegateInstance@$0A@VUAdultToyManager@@$$A6AXXZUFDefaultDelegateUserPolicy@@$$V@@UEBA_KXZ	Label
1481721e0	?GetBoundProgramCounterForTimerManager@?$TBaseUObjectMethodDelegateInstance@$0A@VUAdultToyManager@@$$A6AXXZUFNotThreadSafeNotCheckedDelegateUserPolicy@@$$V@@UEBA_KXZ	Label
148173aa0	?GetConnectedButtplugDeviceNames@UAdultToyManager@@QEBA?AV?$TArray@VFString@@V?$TSizedDefaultAllocator@$0CA@@@@@XZ	Function
148173cf0	?GetConnectedLovenseDeviceNames@UAdultToyManager@@QEBA?AV?$TArray@VFString@@V?$TSizedDefaultAllocator@$0CA@@@@@XZ	Function
1481741a0	?GetObjectForTimerManager@?$TBaseUFunctionDelegateInstance@VUAdultToyManager@@$$A6AXXZUFNotThreadSafeNotCheckedDelegateUserPolicy@@H@@UEBAPEBXXZ	Label
1481741b0	?GetObjectForTimerManager@?$TBaseUObjectMethodDelegateInstance@$0A@VUAdultToyManager@@$$A6AXAEBVFString@@@ZUFDefaultDelegateUserPolicy@@$$V@@UEBAPEBXXZ	Label
1481741e0	?GetObjectForTimerManager@?$TBaseUObjectMethodDelegateInstance@$0A@VUAdultToyManager@@$$A6AXXZUFDefaultDelegateUserPolicy@@$$V@@UEBAPEBXXZ	Label
1481741f0	?GetObjectForTimerManager@?$TBaseUObjectMethodDelegateInstance@$0A@VUAdultToyManager@@$$A6AXXZUFNotThreadSafeNotCheckedDelegateUserPolicy@@$$V@@UEBAPEBXXZ	Label
148174200	?GetStatId@UAdultToyManager@@MEBA?AUTStatId@@XZ	Function
148174480	?GetUObject@?$TBaseUFunctionDelegateInstance@VUAdultToyManager@@$$A6AXXZUFNotThreadSafeNotCheckedDelegateUserPolicy@@H@@UEBAPEAVUObject@@XZ	Label
148174490	?GetUObject@?$TBaseUObjectMethodDelegateInstance@$0A@VUAdultToyManager@@$$A6AXAEBVFString@@@ZUFDefaultDelegateUserPolicy@@$$V@@UEBAPEAVUObject@@XZ	Label
1481744a0	?GetUObject@?$TBaseUObjectMethodDelegateInstance@$0A@VUAdultToyManager@@$$A6AXHAEBVFString@@_N@ZUFDefaultDelegateUserPolicy@@$$V@@UEBAPEAVUObject@@XZ	Label
1481744c0	?GetUObject@?$TBaseUObjectMethodDelegateInstance@$0A@VUAdultToyManager@@$$A6AXXZUFDefaultDelegateUserPolicy@@$$V@@UEBAPEAVUObject@@XZ	Label
1481744d0	?GetUObject@?$TBaseUObjectMethodDelegateInstance@$0A@VUAdultToyManager@@$$A6AXXZUFNotThreadSafeNotCheckedDelegateUserPolicy@@$$V@@UEBAPEAVUObject@@XZ	Label
1481744e0	?GetWorld@UAdultToyManager@@MEBAPEAVUWorld@@XZ	Function
148174560	?HasConnectedLovenseDevices@UAdultToyManager@@QEBA_NXZ	Label
1481746e0	?HasSameObject@?$TBaseUFunctionDelegateInstance@VUAdultToyManager@@$$A6AXXZUFNotThreadSafeNotCheckedDelegateUserPolicy@@H@@UEBA_NPEBX@Z	Function
148174710	?HasSameObject@?$TBaseUObjectMethodDelegateInstance@$0A@VUAdultToyManager@@$$A6AXAEBVFString@@@ZUFDefaultDelegateUserPolicy@@$$V@@UEBA_NPEBX@Z	Function
148174740	?HasSameObject@?$TBaseUObjectMethodDelegateInstance@$0A@VUAdultToyManager@@$$A6AXHAEBVFString@@_N@ZUFDefaultDelegateUserPolicy@@$$V@@UEBA_NPEBX@Z	Function
148174770	?HasSameObject@?$TBaseUObjectMethodDelegateInstance@$0A@VUAdultToyManager@@$$A6AXV?$TSharedPtr@VIHttpRequest@@$00@@V?$TSharedPtr@VIHttpResponse@@$00@@_N@ZUFDefaultDelegateUserPolicy@@$$V@@UEBA_NPEBX@Z	Function
148174800	?InitializeLovenseSystem@UAdultToyManager@@IEAAXXZ	Function
148174cd0	?InitializeMobileEventsAPI@UAdultToyManager@@IEAAXAEBVFString@@H@Z	Function
1481751c0	?InitializeWithGameInstance@UAdultToyManager@@QEAAXPEAVUGameInstance@@@Z	Function
148175450	?IsCompactable@?$TBaseUFunctionDelegateInstance@VUAdultToyManager@@$$A6AXXZUFNotThreadSafeNotCheckedDelegateUserPolicy@@H@@UEBA_NXZ	Function
148175470	?IsCompactable@?$TBaseUObjectMethodDelegateInstance@$0A@VUAdultToyManager@@$$A6AXAEBVFString@@@ZUFDefaultDelegateUserPolicy@@$$V@@UEBA_NXZ	Function
148175490	?IsCompactable@?$TBaseUObjectMethodDelegateInstance@$0A@VUAdultToyManager@@$$A6AXHAEBVFString@@_N@ZUFDefaultDelegateUserPolicy@@$$V@@UEBA_NXZ	Function
1481754d0	?IsCompactable@?$TBaseUObjectMethodDelegateInstance@$0A@VUAdultToyManager@@$$A6AXXZUFDefaultDelegateUserPolicy@@$$V@@UEBA_NXZ	Function
1481754f0	?IsCompactable@?$TBaseUObjectMethodDelegateInstance@$0A@VUAdultToyManager@@$$A6AXXZUFNotThreadSafeNotCheckedDelegateUserPolicy@@$$V@@UEBA_NXZ	Function
148175510	?IsHTTPToyStroker@UAdultToyManager@@IEBA_NAEBVFString@@@Z	Function
148175620	?IsHTTPToyVibrator@UAdultToyManager@@IEBA_NAEBVFString@@@Z	Function
1481758d0	?IsLovenseStroker@UAdultToyManager@@IEBA_NPEAVULovenseToy@@@Z	Function
148175d50	?IsMobileEventsAPIToyStroker@UAdultToyManager@@IEBA_NAEBVFString@@@Z	Function
148176080	?IsSafeToExecute@?$TBaseUFunctionDelegateInstance@VUAdultToyManager@@$$A6AXXZUFNotThreadSafeNotCheckedDelegateUserPolicy@@H@@UEBA_NXZ	Label
148176090	?IsSafeToExecute@?$TBaseUObjectMethodDelegateInstance@$0A@VUAdultToyManager@@$$A6AXAEBVFString@@@ZUFDefaultDelegateUserPolicy@@$$V@@UEBA_NXZ	Function
1481760b0	?IsSafeToExecute@?$TBaseUObjectMethodDelegateInstance@$0A@VUAdultToyManager@@$$A6AXHAEBVFString@@_N@ZUFDefaultDelegateUserPolicy@@$$V@@UEBA_NXZ	Function
1481760d0	?IsSafeToExecute@?$TBaseUObjectMethodDelegateInstance@$0A@VUAdultToyManager@@$$A6AXV?$TSharedPtr@VIHttpRequest@@$00@@V?$TSharedPtr@VIHttpResponse@@$00@@_N@ZUFDefaultDelegateUserPolicy@@$$V@@UEBA_NXZ	Function
1481760f0	?IsSafeToExecute@?$TBaseUObjectMethodDelegateInstance@$0A@VUAdultToyManager@@$$A6AXXZUFDefaultDelegateUserPolicy@@$$V@@UEBA_NXZ	Function
148176130	?IsTickable@UAdultToyManager@@MEBA_NXZ	Function
1481761b0	?LogBeatSyncStats@UAdultToyManager@@QEBAXXZ	Function
148176360	?LogHandyError@UAdultToyManager@@AEAAXAEBVFString@@0@Z	Function
148176480	?LogLovenseError@UAdultToyManager@@AEAAXAEBVFString@@0@Z	Function
148176620	?OnBeatFired@UAdultToyManager@@IEAAXAEBUFBeatEvent@@@Z	Function
148176da0	?OnButtplugConnected@UAdultToyManager@@IEAAXXZ	Function
148176e40	?OnButtplugConnectionError@UAdultToyManager@@IEAAXAEBVFString@@@Z	Function
148177320	?OnButtplugMessage@UAdultToyManager@@IEAAXAEBVFString@@@Z	Function
148177ef0	?OnHTTPGetToysResponse@UAdultToyManager@@IEAAXV?$TSharedPtr@VIHttpRequest@@$00@@V?$TSharedPtr@VIHttpResponse@@$00@@_N@Z	Function
148178190	?OnHandyGenericResponse@UAdultToyManager@@IEAAXV?$TSharedPtr@VIHttpRequest@@$00@@V?$TSharedPtr@VIHttpResponse@@$00@@_N@Z	Function
148178310	?OnHandyHAMPResponse@UAdultToyManager@@IEAAXV?$TSharedPtr@VIHttpRequest@@$00@@V?$TSharedPtr@VIHttpResponse@@$00@@_N@Z	Function
1481784a0	?OnHandyInfoResponse@UAdultToyManager@@IEAAXV?$TSharedPtr@VIHttpRequest@@$00@@V?$TSharedPtr@VIHttpResponse@@$00@@_N@Z	Function
148179040	?OnLovenseStarted@UAdultToyManager@@IEAAXXZ	Function
1481791a0	?OnLovenseStopped@UAdultToyManager@@IEAAXXZ	Function
1481792a0	?OnLovenseToysUpdated@UAdultToyManager@@IEAAXXZ	Function
148179840	?OnMobileEventsAPIToysReceived@UAdultToyManager@@IEAAXAEBV?$TArray@PEAVUELovenseEventsToy@@V?$TSizedDefaultAllocator@$0CA@@@@@@Z	Function
148179c10	?OnMobileEventsToyBatteryChanged@UAdultToyManager@@IEAAXAEBVFString@@H@Z	Function
148179ef0	?OnSequenceEnd@UAdultToyManager@@IEAAXXZ	Function
14817a330	?OnSequencePaused@UAdultToyManager@@IEAAXXZ	Function
14817a3e0	?ParseDeviceAdded@UAdultToyManager@@IEAAXAEBV?$TSharedPtr@VFJsonObject@@$00@@@Z	Function
14817b980	?ParseDeviceList@UAdultToyManager@@QEAAXAEBV?$TSharedPtr@VFJsonObject@@$00@@@Z	Function
14817bc10	?ParseDeviceRemoved@UAdultToyManager@@IEAAXAEBV?$TSharedPtr@VFJsonObject@@$00@@@Z	Function
14817d1c0	?ParseHandyInfoFromJson@UAdultToyManager@@AEAA_NAEBVFString@@AEAUFHandyDeviceInfo@@@Z	Function
14817d700	?ParseServerInfo@UAdultToyManager@@IEAAXAEBV?$TSharedPtr@VFJsonObject@@$00@@@Z	Function
14817dc40	?ProcessBeatCommand@UAdultToyManager@@QEAAXAEBUFToyBeatCommand@@@Z	Label
14817df00	?RefreshButtplugDevices@UAdultToyManager@@QEAAXXZ	Function
14817e360	?RefreshLovenseDevices@UAdultToyManager@@QEAAXXZ	Function
14817f970	?SendButtplugMessage@UAdultToyManager@@IEAAXV?$TSharedPtr@VFJsonObject@@$00@@@Z	Function
14817fd90	?SendButtplugPing@UAdultToyManager@@IEAAXXZ	Function
1481810b0	?SendHTTPCommand@UAdultToyManager@@IEAAXV?$TSharedPtr@VFJsonObject@@$00@@AEBVFString@@@Z	Function
148181620	?SendHTTPPositionCommand@UAdultToyManager@@IEAAXAEBVFString@@H@Z	Function
1481819e0	?SendHTTPSmartBeatCommand@UAdultToyManager@@IEAAXAEBUFHTTPToyInfo@@AEBUFBeatEvent@@@Z	Function
148181be0	?SendHTTPStrokePositionCommand@UAdultToyManager@@IEAAXAEBVFString@@H@Z	Function
148182410	?SendHTTPThrustCommand@UAdultToyManager@@IEAAXAEBVFString@@HM@Z	Function
148183090	?SendHTTPVibrateCommand@UAdultToyManager@@IEAAXAEBVFString@@HM@Z	Function
148184790	?SendRequestServerInfo@UAdultToyManager@@IEAAXXZ	Function
148184ba0	?SendStartScanning@UAdultToyManager@@IEAAXXZ	Function
148184f40	?SendStopScanning@UAdultToyManager@@IEAAXXZ	Function
148185280	?SendTestVibration@UAdultToyManager@@QEAAXXZ	Function
148185cd0	?SetButtplugStrokeRange@UAdultToyManager@@QEAAXHH@Z	Function
148185db0	?SetButtplugVibratorIntensity@UAdultToyManager@@QEAAXM@Z	Function
148185e80	?SetButtplugVibratorPulseDuration@UAdultToyManager@@QEAAXM@Z	Function
148185f50	?SetHandyMode@UAdultToyManager@@QEAAXW4EHandyMode@@@Z	Function
148186330	?SetHandyPosition@UAdultToyManager@@QEAAXHH@Z	Label
148186340	?SetHandyPositionWithTime@UAdultToyManager@@QEAAXHH_N@Z	Function
148186b70	?SetHandyPositionWithVelocity@UAdultToyManager@@QEAAXHH_N@Z	Function
148187720	?SetHandyVelocity@UAdultToyManager@@QEAAXH@Z	Function
148187af0	?SetStrokeSlider@UAdultToyManager@@QEAAXM@Z	Function
148187b80	?SetStrokeZone@UAdultToyManager@@QEAAXMM@Z	Function
148187c80	?SetStrokeZoneBaseOnly@UAdultToyManager@@QEAAXXZ	Label
148187cc0	?SetStrokeZoneHeadOnly@UAdultToyManager@@QEAAXXZ	Label
148187ce0	?ShutdownLovenseSystem@UAdultToyManager@@IEAAXXZ	Function
148187ff0	?ShutdownMobileEventsAPI@UAdultToyManager@@IEAAXXZ	Function
148188050	?StartHandyHAMP@UAdultToyManager@@QEAAXH@Z	Function
1481889d0	?StopHandyHAMP@UAdultToyManager@@QEAAXXZ	Function
148189080	?TestAllButtplugDevices@UAdultToyManager@@QEAAXXZ	Function
148189c00	?TestHTTPConnection@UAdultToyManager@@IEAAXXZ	Function
14818a150	?TestHandyConnection@UAdultToyManager@@QEAAXXZ	Function
14818a350	?TestLovenseDevices@UAdultToyManager@@QEAAXXZ	Function
14818a710	?TestLovenseHTTPConnection@UAdultToyManager@@QEAAXXZ	Function
14818a9c0	?TestMobileConnection@UAdultToyManager@@QEAAXXZ	Function
14818ace0	?Tick@UAdultToyManager@@MEAAXM@Z	Function
14818b650	?TryGetBoundFunctionName@?$TBaseUFunctionDelegateInstance@VUAdultToyManager@@$$A6AXXZUFNotThreadSafeNotCheckedDelegateUserPolicy@@H@@UEBA?AVFName@@XZ	Label
14818b680	?TryGetBoundFunctionName@?$TBaseUObjectMethodDelegateInstance@$0A@VUAdultToyManager@@$$A6AXHAEBVFString@@_N@ZUFDefaultDelegateUserPolicy@@$$V@@UEBA?AVFName@@XZ	Label
14818b690	?TryGetBoundFunctionName@?$TBaseUObjectMethodDelegateInstance@$0A@VUAdultToyManager@@$$A6AXV?$TSharedPtr@VIHttpRequest@@$00@@V?$TSharedPtr@VIHttpResponse@@$00@@_N@ZUFDefaultDelegateUserPolicy@@$$V@@UEBA?AVFName@@XZ	Label
14818b6b0	?TryGetBoundFunctionName@?$TBaseUObjectMethodDelegateInstance@$0A@VUAdultToyManager@@$$A6AXXZUFNotThreadSafeNotCheckedDelegateUserPolicy@@$$V@@UEBA?AVFName@@XZ	Label
14818c660	??0FCHPackMediaEntry@@QEAA@AEBU0@@Z	Function
14818c990	??1?$ForElementType@UFCHPackMediaEntry@@@?$TSizedHeapAllocator@$0CA@UFMemory@@@@QEAA@XZ	Function
14818da30	?ExtractManifestFromChpack@UCHPackManager@@AEAA_NAEBVFString@@AEAV2@@Z	Function
148190a80	?GetAllChpackPaths@UCHPackManager@@QEAA?AV?$TArray@VFString@@V?$TSizedDefaultAllocator@$0CA@@@@@XZ	Function
148190c70	?GetAllPackInfos@UCHPackManager@@QEAA?AV?$TArray@UFCHPackInfo@@V?$TSizedDefaultAllocator@$0CA@@@@@XZ	Function
1481921f0	?LoadManifestFromChpack@UCHPackManager@@QEAA_NAEBVFString@@AEAUFCHPackManifest@@@Z	Function
148192290	?LoadManifestFromJson@UCHPackManager@@QEAA_NAEBVFString@@AEAUFCHPackManifest@@@Z	Function
1481924d0	?ParseManifestJson@UCHPackManager@@AEAA_NAEBVFString@@AEAUFCHPackManifest@@@Z	Function
1481939b0	?ResizeGrow@?$TArray@UFCHPackMediaEntry@@V?$TSizedDefaultAllocator@$0CA@@@@@AEAAXH@Z	Function
148193a50	?ResizeTo@?$TArray@UFCHPackMediaEntry@@V?$TSizedDefaultAllocator@$0CA@@@@@AEAAXH@Z	Function
148193ac0	?UpdateManifestWithCounts@UCHPackManager@@QEAA_NAEBVFString@@@Z	Function
1481953c0	?ValidateMediaEntries@UCHPackManager@@SA?AV?$TArray@UFCHPackMediaEntry@@V?$TSizedDefaultAllocator@$0CA@@@@@AEBV2@@Z	Function
148195660	?DecodeAndUploadFrames@UFFmpegManager@@QEAAXHM@Z	Function
1481959f0	?InitializeFFmpeg@UFFmpegManager@@QEAAXXZ	Function
148195a20	?OpenVideo@UFFmpegManager@@QEAA_NAEBVFString@@@Z	Function
148196fa0	??0UFileImportManager@@QEAA@XZ	Function
1481971f0	?AddFiles@UFileImportManager@@QEAAXAEBV?$TArray@VFString@@V?$TSizedDefaultAllocator@$0CA@@@@@@Z	Function
1481977d0	?BrowseForDirectory@UFileImportManager@@QEAA_NAEAVFString@@@Z	Function
1481979a0	?BrowseForFiles@UFileImportManager@@QEAA_NAEAV?$TArray@VFString@@V?$TSizedDefaultAllocator@$0CA@@@@@@Z	Function
148197d70	?ClearAllData@UFileImportManager@@QEAAXXZ	Function
148197e20	?CreatePreset@UFileImportManager@@AEBA?AUFFileImportPreset@@AEBVFString@@@Z	Function
148197f20	?DeletePresetFromSaveGame@UFileImportManager@@QEAA_NAEBVFString@@PEAVUSaveGame@@@Z	Function
14819b010	?GetAllPresetNamesFromSaveGame@UFileImportManager@@QEBA?AV?$TArray@VFString@@V?$TSizedDefaultAllocator@$0CA@@@@@PEAVUSaveGame@@@Z	Function
14819b3c0	?GetImageCount@UFileImportManager@@QEBAHXZ	Function
14819b560	?GetImportedFiles@UFileImportManager@@QEBAAEBV?$TArray@UFImportedFile@@V?$TSizedDefaultAllocator@$0CA@@@@@XZ	Label
14819b570	?GetImportedMediaEntries@UFileImportManager@@QEBA?AV?$TArray@UFCHPackMediaEntry@@V?$TSizedDefaultAllocator@$0CA@@@@@XZ	Function
14819bad0	?GetVideoCount@UFileImportManager@@QEBAHXZ	Function
14819bc00	?LoadPresetFromSaveGame@UFileImportManager@@QEAA_NAEBVFString@@PEAVUSaveGame@@@Z	Function
14819c890	?RemoveFile@UFileImportManager@@QEAAXAEBVFString@@@Z	Function
14819c9f0	?SavePresetToSaveGame@UFileImportManager@@QEAA_NAEBVFString@@PEAVUSaveGame@@@Z	Function
14819ce60	?ScanCurrentPaths@UFileImportManager@@QEAAXXZ	Function
14819d2b0	?SetFileEnabled@UFileImportManager@@QEAAXAEBVFString@@_N@Z	Function
14819d370	?VerifyFileExists@UFileImportManager@@QEBA_NAEBVFString@@@Z	Function
14819d3c0	??$DereferenceIfNecessary@VUHandyManager@@AEAPEAV1@@Private@Core@UE@@YAAEAVUHandyManager@@AEAPEAV3@ZZ	Label
14819d570	??_E?$TBaseUObjectMethodDelegateInstance@$0A@VUHandyManager@@$$A6AXV?$TSharedPtr@VIHttpRequest@@$00@@V?$TSharedPtr@VIHttpResponse@@$00@@_N@ZUFDefaultDelegateUserPolicy@@$$V@@UEAAPEAXI@Z	Function
14819d5a0	?CheckStatus@UHandyManager@@QEAAXXZ	Function
14819d850	?CreateCopy@?$TBaseUObjectMethodDelegateInstance@$0A@VUHandyManager@@$$A6AXV?$TSharedPtr@VIHttpRequest@@$00@@V?$TSharedPtr@VIHttpResponse@@$00@@_N@ZUFDefaultDelegateUserPolicy@@$$V@@UEBAXAEAV?$TDelegateBase@UFNotThreadSafeDelegateMode@@@@@Z	Function
14819d9a0	?CreateCopy@?$TBaseUObjectMethodDelegateInstance@$0A@VUHandyManager@@$$A6AXV?$TSharedPtr@VIHttpRequest@@$00@@V?$TSharedPtr@VIHttpResponse@@$00@@_N@ZUFDefaultDelegateUserPolicy@@$$V@@UEBAXAEAV?$TDelegateBase@UFThreadSafeDelegateMode@@@@@Z	Function
14819dc70	?ExecuteIfSafe@?$TBaseUObjectMethodDelegateInstance@$0A@VUHandyManager@@$$A6AXV?$TSharedPtr@VIHttpRequest@@$00@@V?$TSharedPtr@VIHttpResponse@@$00@@_N@ZUFDefaultDelegateUserPolicy@@$$V@@UEBA_NV?$TSharedPtr@VIHttpRequest@@$00@@V?$TSharedPtr@VIHttpResponse@@$00@@_N@Z	Function
14819de20	?GetBoundProgramCounterForTimerManager@?$TBaseUObjectMethodDelegateInstance@$0A@VUHandyManager@@$$A6AXV?$TSharedPtr@VIHttpRequest@@$00@@V?$TSharedPtr@VIHttpResponse@@$00@@_N@ZUFDefaultDelegateUserPolicy@@$$V@@UEBA_KXZ	Label
14819de40	?GetObjectForTimerManager@?$TBaseUObjectMethodDelegateInstance@$0A@VUHandyManager@@$$A6AXV?$TSharedPtr@VIHttpRequest@@$00@@V?$TSharedPtr@VIHttpResponse@@$00@@_N@ZUFDefaultDelegateUserPolicy@@$$V@@UEBAPEBXXZ	Label
14819de60	?GetUObject@?$TBaseUObjectMethodDelegateInstance@$0A@VUHandyManager@@$$A6AXV?$TSharedPtr@VIHttpRequest@@$00@@V?$TSharedPtr@VIHttpResponse@@$00@@_N@ZUFDefaultDelegateUserPolicy@@$$V@@UEBAPEAVUObject@@XZ	Label
14819de80	?HasSameObject@?$TBaseUObjectMethodDelegateInstance@$0A@VUHandyManager@@$$A6AXV?$TSharedPtr@VIHttpRequest@@$00@@V?$TSharedPtr@VIHttpResponse@@$00@@_N@ZUFDefaultDelegateUserPolicy@@$$V@@UEBA_NPEBX@Z	Function
14819deb0	?Init@UHandyManager@@QEAAXAEBVFString@@@Z	Function
14819df10	?IsCompactable@?$TBaseUObjectMethodDelegateInstance@$0A@VUHandyManager@@$$A6AXV?$TSharedPtr@VIHttpRequest@@$00@@V?$TSharedPtr@VIHttpResponse@@$00@@_N@ZUFDefaultDelegateUserPolicy@@$$V@@UEBA_NXZ	Function
14819df40	?IsSafeToExecute@?$TBaseUObjectMethodDelegateInstance@$0A@VUHandyManager@@$$A6AXV?$TSharedPtr@VIHttpRequest@@$00@@V?$TSharedPtr@VIHttpResponse@@$00@@_N@ZUFDefaultDelegateUserPolicy@@$$V@@UEBA_NXZ	Function
14819df60	?OnResponseReceived@UHandyManager@@AEAAXV?$TSharedPtr@VIHttpRequest@@$00@@V?$TSharedPtr@VIHttpResponse@@$00@@_N@Z	Function
14819e800	?SendHDSPBeatCycle@UHandyManager@@QEAAXM@Z	Function
14819f9b0	?SendRequest@UHandyManager@@AEAAXAEBVFString@@00@Z	Function
14819fca0	?TryGetBoundFunctionName@?$TBaseUObjectMethodDelegateInstance@$0A@VUHandyManager@@$$A6AXV?$TSharedPtr@VIHttpRequest@@$00@@V?$TSharedPtr@VIHttpResponse@@$00@@_N@ZUFDefaultDelegateUserPolicy@@$$V@@UEBA?AVFName@@XZ	Label
1481a32b0	??0UMediaPlaybackController@@QEAA@XZ	Function
1481a50e0	?ApplyAutoFit@UMediaPlaybackController@@QEAAXPEAVUTexture2D@@PEAVUImage@@@Z	Function
1481a5900	?BeginDestroy@UMediaPlaybackController@@UEAAXXZ	Function
1481a59a0	?CalculateCurrentBeatState@UMediaPlaybackController@@AEAAXNAEAHAEAM@Z	Function
1481a63b0	?DebugAndFixPixelFormat@UMediaPlaybackController@@AEAAXPEAUAVFrame@@@Z	Function
1481a67c0	?DebugCreationSource@UMediaPlaybackController@@AEAAXXZ	Function
1481a6bf0	?DecodeAndDisplayFrameAt@UMediaPlaybackController@@AEAAXH@Z	Function
1481a7260	?DecodeNextSequentialFrame@UMediaPlaybackController@@AEAAXXZ	Function
1481a7d90	?DecodeNextSequentialFrameAsync@UMediaPlaybackController@@QEAAXXZ	Function
1481a82b0	?FindVideoFile@UMediaPlaybackController@@QEAA?AVFString@@AEBV2@@Z	Function
1481a8a10	?GetMasterTimelinePosition@UMediaPlaybackController@@QEBANXZ	Function
1481a8d50	?LoadStaticImage@UMediaPlaybackController@@QEAA_NAEBVFString@@@Z	Function
1481a8ed0	?OnBeatPatternAdvanced@UMediaPlaybackController@@QEAAXHMM@Z	Function
1481aad90	?PlayMediaEntry@UMediaPlaybackController@@QEAAXAEBVFString@@PEAVUImage@@M@Z	Function
1481ab910	?PredecodeAllFrames@UMediaPlaybackController@@AEAAXXZ	Function
1481ae0d0	?ResetStreamingState@UMediaPlaybackController@@QEAAXXZ	Function
1481ae1d0	?SetBeatInterval@UMediaPlaybackController@@QEAAXM@Z	Label
1481ae6e0	?SetCropMode@UMediaPlaybackController@@QEAAXW4ECropMode@@@Z	Function
1481aec00	?SyncToBeat@UMediaPlaybackController@@QEAAXNNN@Z	Function
1481aec70	?TickPlaybackFrame@UMediaPlaybackController@@AEAAXXZ	Function
1481af4c0	?UpdateBeatInterval@UMediaPlaybackController@@QEAAXM@Z	Label
1481af4e0	?UpdateSpeedItemMultiplier@UMediaPlaybackController@@QEAAXM@Z	Function
1481afa50	?GetMasterTimelinePosition@UPreciseBeatWidget@@QEBANXZ	Function
1481afaa0	?IsWorldSafeForOperations@UPreciseBeatWidget@@IEBA_NXZ	Function
1481affa0	?ReturnToPool@UPreciseBeatWidget@@QEAAXXZ	Function
1481b0110	?StartBeatMovementWithSync@UPreciseBeatWidget@@QEAAXAEBUFBeatEvent@@U?$TVector2@N@Math@UE@@1NNN@Z	Function
1481b4070	?AddModifier@UProgressionManager@@QEAAXAEBVFString@@@Z	Function
1481b41f0	?AddUnlockPoints@UProgressionManager@@QEAAXH@Z	Label
1481b4200	?AddXP@UProgressionManager@@QEAAXHAEBVFString@@@Z	Function
1481b49f0	?CalculateSessionXP@UProgressionManager@@QEAAHAEBUFSessionStats@@@Z	Function
1481b4bb0	?CanClaimReward@UProgressionManager@@QEBA_NVFName@@@Z	Function
1481b4f10	?CheckLevelUp@UProgressionManager@@IEAAXXZ	Function
1481b5300	?CheckMetaChallengeCompletion@UProgressionManager@@AEAAXXZ	Function
1481b55c0	?ClaimChallengeReward@UProgressionManager@@QEAA_NVFName@@@Z	Function
1481b5720	?ClaimChallengeRewards@UProgressionManager@@QEAA?AV?$TArray@UFCHRewardData@@V?$TSizedDefaultAllocator@$0CA@@@@@VFName@@@Z	Function
1481b5d20	?ClearModifiers@UProgressionManager@@QEAAXXZ	Function
1481b6a00	?DebugModifierSystem@UProgressionManager@@QEAAXXZ	Function
1481b7530	?EquipPlayerCard@UProgressionManager@@QEAA_NVFName@@@Z	Function
1481b7b70	?FormatLargeNumber@UProgressionManager@@IEBA?AVFString@@H@Z	Function
1481b7e00	?FormatPlayTime@UProgressionManager@@IEBA?AVFString@@H@Z	Function
1481b7fe0	?GetActiveChallenges@UProgressionManager@@QEBA?AV?$TArray@UFChallengeProgress@@V?$TSizedDefaultAllocator@$0CA@@@@@XZ	Function
1481b87f0	?GetAllChallengeData@UProgressionManager@@QEBA?AV?$TArray@UFChallengeData@@V?$TSizedDefaultAllocator@$0CA@@@@@XZ	Function
1481b89a0	?GetAllChallengesWithProgress@UProgressionManager@@QEBA?AV?$TArray@UFChallengeProgress@@V?$TSizedDefaultAllocator@$0CA@@@@@XZ	Function
1481b9320	?GetAllModifierData@UProgressionManager@@QEBA?AV?$TArray@UFModifierData@@V?$TSizedDefaultAllocator@$0CA@@@@@XZ	Function
1481b9530	?GetAllModifierIDs@UProgressionManager@@QEBA?AV?$TArray@VFName@@V?$TSizedDefaultAllocator@$0CA@@@@@XZ	Function
1481b9720	?GetAllPlayerCardData@UProgressionManager@@QEBA?AV?$TArray@UFPlayerCardData@@V?$TSizedDefaultAllocator@$0CA@@@@@XZ	Function
1481b9930	?GetAverageDurationSeconds@UProgressionManager@@QEBAMXZ	Label
1481b9960	?GetAverageDurationText@UProgressionManager@@QEBA?AVFString@@XZ	Function
1481b9a40	?GetAverageEdgesText@UProgressionManager@@QEBA?AVFString@@XZ	Function
1481b9ac0	?GetAverageEdgesValue@UProgressionManager@@QEBAMXZ	Label
1481b9b70	?GetAverageStrokesPerEdgeValue@UProgressionManager@@QEBAMXZ	Label
1481b9c60	?GetAverageStrokesText@UProgressionManager@@QEBA?AVFString@@XZ	Function
1481b9d10	?GetAveragesText@UProgressionManager@@QEBA?AVFString@@XZ	Function
1481ba600	?GetChallengeData@UProgressionManager@@QEBA?AUFChallengeData@@VFName@@@Z	Function
1481ba710	?GetChallengeDataForModifier@UProgressionManager@@QEBA?AUFChallengeData@@VFName@@@Z	Function
1481ba790	?GetChallengeDataPtr@UProgressionManager@@AEBAPEAUFChallengeData@@VFName@@@Z	Function
1481ba860	?GetChallengeForModifier@UProgressionManager@@QEBA?AVFName@@V2@@Z	Function
1481bb860	?GetChallengesForPack@UProgressionManager@@QEBA?AV?$TArray@VFName@@V?$TSizedDefaultAllocator@$0CA@@@@@AEBVFString@@@Z	Function
1481bbaf0	?GetComboText@UProgressionManager@@QEBA?AVFString@@AEBUFSessionStats@@@Z	Function
1481bbb20	?GetCompleteStatsReport@UProgressionManager@@QEBA?AVFString@@XZ	Function
1481bbee0	?GetCurrentPlayerTitle@UProgressionManager@@QEBA?AVFName@@XZ	Function
1481bbf10	?GetCurrentSessionDuration@UProgressionManager@@QEBAHXZ	Function
1481bfc20	?GetDetailedStatsText@UProgressionManager@@QEBA?AVFString@@AEBUFSessionStats@@@Z	Function
1481bfed0	?GetDurationText@UProgressionManager@@QEBA?AVFString@@AEBUFSessionStats@@@Z	Function
1481bff20	?GetEdgesText@UProgressionManager@@QEBA?AVFString@@AEBUFSessionStats@@@Z	Function
1481c0580	?GetLifetimeBestForChallenge@UProgressionManager@@QEBAHVFName@@H@Z	Function
1481c0e80	?GetMetricDisplayName@UProgressionManager@@QEBA?AVFText@@W4EMetricType@@@Z	Function
1481c1380	?GetModifierData@UProgressionManager@@QEBA?AUFModifierData@@VFName@@@Z	Function
1481c1a40	?GetNextLevelIcon@UProgressionManager@@QEBAPEAVUTexture2D@@XZ	Label
1481c1a60	?GetPlayerCardData@UProgressionManager@@QEBA?AUFPlayerCardData@@VFName@@@Z	Function
1481c23f0	?GetRequirementProgressPercent@UProgressionManager@@QEBAMVFName@@H@Z	Function
1481c2fd0	?GetStrokesText@UProgressionManager@@QEBA?AVFString@@AEBUFSessionStats@@@Z	Function
1481c3000	?GetTitleForLevel@UProgressionManager@@QEBA?AVFName@@H@Z	Function
1481c3170	?GetTotalChallengeCount@UProgressionManager@@QEBAHXZ	Function
1481c3230	?GetWinRateText@UProgressionManager@@QEBA?AVFString@@XZ	Function
1481c32e0	?GetXPForNextLevel@UProgressionManager@@QEBAHXZ	Function
1481c3490	?GetXPRequirementForLevel@UProgressionManager@@QEBAHH@Z	Function
1481c3670	?GrantModifierReward@UProgressionManager@@IEAAXAEBVFName@@@Z	Function
1481c3870	?GrantRewards@UProgressionManager@@IEAAXAEBV?$TArray@UFCHRewardData@@V?$TSizedDefaultAllocator@$0CA@@@@@@Z	Function
1481c3f50	?GrantXPReward@UProgressionManager@@IEAAXH@Z	Function
1481c4080	?InitializeChallenges@UProgressionManager@@QEAAXXZ	Function
1481c4c00	?InitializeModifierConflicts@UProgressionManager@@AEAAXXZ	Function
1481c5fb0	?InitializeProgression@UProgressionManager@@QEAAXXZ	Function
1481c60e0	?IsChallengeTracked@UProgressionManager@@QEBA_NVFName@@@Z	Label
1481c6120	?IsModifierUnlocked@UProgressionManager@@QEBA_NVFName@@@Z	Function
1481c61c0	?IsPackChallengeReward@UProgressionManager@@QEBA_NAEBVFString@@@Z	Function
1481c6390	?IsPlayerCardUnlocked@UProgressionManager@@QEBA_NVFName@@@Z	Function
1481c6a00	?PrepareSessionRewards@UProgressionManager@@QEAA?AUFSessionRewardData@@AEBUFSessionStats@@@Z	Function
1481c8fd0	?RecordSessionMetric@UProgressionManager@@QEAAXW4EMetricType@@H@Z	Label
1481ca060	?RemoveModifier@UProgressionManager@@QEAAXAEBVFString@@@Z	Function
1481ca280	?ResetProgress@UProgressionManager@@QEAAXXZ	Function
1481cad00	?SaveProgress@UProgressionManager@@QEAAXXZ	Function
1481caf20	?SetConsecutiveSuccubi@UProgressionManager@@QEAAXH@Z	Function
1481cbb90	?SetLevelDataTable@UProgressionManager@@QEAAXPEAVUDataTable@@@Z	Function
1481cbc20	?SetModifierDataTable@UProgressionManager@@QEAAXPEAVUDataTable@@@Z	Function
1481cbcc0	?SetPlayerCardDataTable@UProgressionManager@@QEAAXPEAVUDataTable@@@Z	Function
1481cbd60	?SetSessionMetric@UProgressionManager@@QEAAXW4EMetricType@@H@Z	Function
1481cc020	?SetStrokeCombo@UProgressionManager@@QEAAXH@Z	Function
1481cc0f0	?SpendUnlockPoints@UProgressionManager@@QEAA_NH@Z	Label
1481cc110	?StartNewSession@UProgressionManager@@QEAAXXZ	Function
1481cc7b0	?TrackChallenge@UProgressionManager@@QEAA_NVFName@@@Z	Function
1481cd440	?UnlockModifier@UProgressionManager@@QEAA_NVFName@@@Z	Function
1481cd680	?UnlockPlayerCard@UProgressionManager@@QEAA_NVFName@@@Z	Function
1481cd920	?UntrackChallenge@UProgressionManager@@QEAAXVFName@@@Z	Function
1481cd9b0	?UpdateChallengeProgress@UProgressionManager@@IEAAXVFName@@W4EMetricType@@H@Z	Function
1481ce070	?UpdateLifetimeBest@UProgressionManager@@QEAAXW4EMetricType@@H@Z	Function
1481ce220	?UpdateMetric@UProgressionManager@@QEAAXW4EMetricType@@H@Z	Function
1481ce3f0	??$CreateWidget@VUPreciseBeatWidget@@PEAVUWorld@@@@YAPEAVUPreciseBeatWidget@@PEAVUWorld@@V?$TSubclassOf@VUUserWidget@@@@VFName@@@Z	Function
1481cefb0	??0UBeatSpawnerManager@@QEAA@XZ	Function
1481cf420	??1FOnBeatSpeedChanged@UBeatSpawnerManager@@QEAA@XZ	Function
1481cf9a0	?ApplyStrokeCountModifier@UBeatSpawnerManager@@QEAAXH@Z	Function
1481d02a0	?BuildBeatQueue@UBeatSpawnerManager@@AEAAXAEBUFBeatPattern@@NHMN@Z	Function
1481d0c10	?ChangePattern@UBeatSpawnerManager@@QEAAXAEBUFBeatPattern@@@Z	Label
1481d0c70	?CreateTestBeatWidget@UBeatSpawnerManager@@AEAAXAEBUFBeatEvent@@@Z	Function
1481d0fa0	?DebugBeatCounts@UBeatSpawnerManager@@QEBAXXZ	Function
1481d1210	?GetBeatsRemaining@UBeatSpawnerManager@@QEBAHXZ	Label
1481d1230	?GetCurrentInterval@UBeatSpawnerManager@@QEBAMXZ	Function
1481d12e0	?GetMasterTimelinePosition@UBeatSpawnerManager@@QEBANXZ	Function
1481d1570	?IsSequenceRunning@UBeatSpawnerManager@@QEBA_NXZ	Label
1481d1580	?IsTickable@UBeatSpawnerManager@@UEBA_NXZ	Function
1481d15e0	?OnBeatReachedCenter@UBeatSpawnerManager@@QEAAXAEBUFBeatEvent@@@Z	Function
1481d1c10	?PauseSequence@UBeatSpawnerManager@@QEAAXXZ	Function
1481d2310	?ResumeSequence@UBeatSpawnerManager@@QEAAXXZ	Function
1481d2370	?SetMinimumBeatInterval@UBeatSpawnerManager@@QEAAXN@Z	Label
1481d23d0	?SetWorld@UBeatSpawnerManager@@QEAAXPEAVUWorld@@@Z	Label
1481d2400	?StartPattern@UBeatSpawnerManager@@QEAAXAEBUFBeatPattern@@NHMMN@Z	Function
1481d2bf0	?StopSequence@UBeatSpawnerManager@@QEAAXXZ	Function
1481d2dc0	?Tick@UBeatSpawnerManager@@UEAAXM@Z	Function
1481d3980	?ApplyIronManPenalty@UCHPackStoreController@@QEAAXXZ	Function
1481d47d0	?CheckAndMigratePacks@UCHPackStoreController@@QEAAXXZ	Function
1481d4be0	?GetAllPackInfos@UCHPackStoreController@@QEAA?AV?$TArray@UFCHPackInfo@@V?$TSizedDefaultAllocator@$0CA@@@@@XZ	Function
1481d4fe0	?GetUnlockPoints@UCHPackStoreController@@QEBAHXZ	Function
1481d51b0	?GetVisiblePackInfos@UCHPackStoreController@@QEAA?AV?$TArray@UFCHPackInfo@@V?$TSizedDefaultAllocator@$0CA@@@@@XZ	Function
1481d5740	?IsPackLocked@UCHPackStoreController@@QEBA_NAEBVFString@@@Z	Function
1481d5c70	?LoadOrCreateSave@UCHPackStoreController@@AEAAXXZ	Function
1481d5f00	?ReloadSave@UCHPackStoreController@@QEAAXXZ	Function
1481d5fb0	?Save@UCHPackStoreController@@QEAAXXZ	Function
1481d6130	?SetPackEnabled@UCHPackStoreController@@QEAAXAEBVFString@@_N@Z	Function
1481d6810	?UnlockPack@UCHPackStoreController@@QEAA_NAEBVFString@@@Z	Function
1481d75c0	?UnlockPackFromChallenge@UCHPackStoreController@@QEAA_NAEBVFString@@@Z	Function
14bc1c410	??$DispatchCheckVerify@_NV<lambda_1>@?1??GetStructTypeHash@?$TCppStructOps@UFCHPackMediaEntry@@@UScriptStruct@@UEAAIPEBX@Z@$$V@@YA_N$$QEAV<lambda_1>@?1??GetStructTypeHash@?$TCppStructOps@UFCHPackMediaEntry@@@UScriptStruct@@UEAAIPEBX@Z@@Z	Function
14bc1caa0	??$DispatchCheckVerify@_NV<lambda_1>@?1???$__Internal_BindDynamic@VUAdultToyManager@@@?$TBaseDynamicDelegate@UFNotThreadSafeDelegateMode@@X$$V@@QEAAXPEAVUAdultToyManager@@P83@EAAXXZVFName@@@Z@$$V@@YA_N$$QEAV<lambda_1>@?1???$__Internal_BindDynamic@VUAdultToyManager@@@?$TBaseDynamicDelegate@UFNotThreadSafeDelegateMode@@X$$V@@QEAAXPEAVUAdultToyManager@@P82@EAAXXZVFName@@@Z@@Z	Function
14bc1cb60	??$DispatchCheckVerify@_NV<lambda_1>@?1???$__Internal_BindDynamic@VUAdultToyManager@@@?$TBaseDynamicDelegate@UFNotThreadSafeDelegateMode@@XAEBUFBeatEvent@@@@QEAAXPEAVUAdultToyManager@@P83@EAAXAEBUFBeatEvent@@@ZVFName@@@Z@$$V@@YA_N$$QEAV<lambda_1>@?1???$__Internal_BindDynamic@VUAdultToyManager@@@?$TBaseDynamicDelegate@UFNotThreadSafeDelegateMode@@XAEBUFBeatEvent@@@@QEAAXPEAVUAdultToyManager@@P82@EAAXAEBUFBeatEvent@@@ZVFName@@@Z@@Z	Function
14bc1ce50	??$DispatchCheckVerify@_NV<lambda_1>@?1???9?$TCheckedPointerIterator@$$CBUFCHPackMediaEntry@@H$0A@@@QEBA_NAEBU2@@Z@$$V@@YA_N$$QEAV<lambda_1>@?1???9?$TCheckedPointerIterator@$$CBUFCHPackMediaEntry@@H$0A@@@QEBA_NAEBU1@@Z@@Z	Function
14bc1cea0	??$DispatchCheckVerify@_NV<lambda_1>@?1???9?$TCheckedPointerIterator@UFCHPackMediaEntry@@H$0A@@@QEBA_NAEBU2@@Z@$$V@@YA_N$$QEAV<lambda_1>@?1???9?$TCheckedPointerIterator@UFCHPackMediaEntry@@H$0A@@@QEBA_NAEBU1@@Z@@Z	Function
14bcd5130	Z_CompiledInDeferFile_FID_CockHero_Source_CockHero_Public_UBeatSpawnerManager_h_3243289718$initializer$	Label
14bcd5138	Z_CompiledInDeferFile_FID_CockHero_Source_CockHero_Public_UCHPackStoreController_h_4249052017$initializer$	Label
14bcd5158	private:_static_void_(__cdecl*_UHandyManager::aseUrl$initializer$::operator)(void)	Label
14cf33048	Z_Construct_UFunction_UAdultToyManager_ConnectToHandy_Statics::NewProp_ConnectionKey	Label
14cf33048	?NewProp_ConnectionKey@Z_Construct_UFunction_UAdultToyManager_ConnectToHandy_Statics@@2UFGenericPropertyParams@UECodeGen_Private@@B	Label
14cf33080	Z_Construct_UFunction_UAdultToyManager_ConnectToHandy_Statics::PropPointers	Label
14cf33080	?PropPointers@Z_Construct_UFunction_UAdultToyManager_ConnectToHandy_Statics@@2QBQEBUFPropertyParamsBase@UECodeGen_Private@@B	Label
14cf33098	Z_Construct_UFunction_UAdultToyManager_ConnectToLovenseViaHTTP_Statics::NewProp_IP	Label
14cf33098	?NewProp_IP@Z_Construct_UFunction_UAdultToyManager_ConnectToLovenseViaHTTP_Statics@@2UFGenericPropertyParams@UECodeGen_Private@@B	Label
14cf330d0	Z_Construct_UFunction_UAdultToyManager_ConnectToLovenseViaHTTP_Statics::NewProp_Port	Label
14cf330d0	?NewProp_Port@Z_Construct_UFunction_UAdultToyManager_ConnectToLovenseViaHTTP_Statics@@2UFGenericPropertyParams@UECodeGen_Private@@B	Label
14cf33108	Z_Construct_UFunction_UAdultToyManager_ConnectToLovenseViaHTTP_Statics::PropPointers	Label
14cf33120	Z_Construct_UFunction_UAdultToyManager_ConnectToLovenseViaMobile_Statics::NewProp_IP	Label
14cf33120	?NewProp_IP@Z_Construct_UFunction_UAdultToyManager_ConnectToLovenseViaMobile_Statics@@2UFGenericPropertyParams@UECodeGen_Private@@B	Label
14cf33158	Z_Construct_UFunction_UAdultToyManager_ConnectToLovenseViaMobile_Statics::NewProp_Port	Label
14cf33158	?NewProp_Port@Z_Construct_UFunction_UAdultToyManager_ConnectToLovenseViaMobile_Statics@@2UFGenericPropertyParams@UECodeGen_Private@@B	Label
14cf33190	Z_Construct_UFunction_UAdultToyManager_ConnectToLovenseViaMobile_Statics::PropPointers	Label
14cf33190	?PropPointers@Z_Construct_UFunction_UAdultToyManager_ConnectToLovenseViaMobile_Statics@@2QBQEBUFPropertyParamsBase@UECodeGen_Private@@B	Label
14cf331a0	Z_Construct_UFunction_UAdultToyManager_EnableBeatSynchronization_Statics::NewProp_bEnable	Label
14cf331a0	?NewProp_bEnable@Z_Construct_UFunction_UAdultToyManager_EnableBeatSynchronization_Statics@@2UFBoolPropertyParams@UECodeGen_Private@@B	Label
14cf331e0	Z_Construct_UFunction_UAdultToyManager_EnableBeatSynchronization_Statics::PropPointers	Label
14cf331e0	?PropPointers@Z_Construct_UFunction_UAdultToyManager_EnableBeatSynchronization_Statics@@2QBQEBUFPropertyParamsBase@UECodeGen_Private@@B	Label
14cf331e8	Z_Construct_UFunction_UAdultToyManager_GetButtplugDebugString_Statics::NewProp_ReturnValue	Label
14cf331e8	?NewProp_ReturnValue@Z_Construct_UFunction_UAdultToyManager_GetButtplugDebugString_Statics@@2UFGenericPropertyParams@UECodeGen_Private@@B	Label
14cf33220	Z_Construct_UFunction_UAdultToyManager_GetButtplugDebugString_Statics::PropPointers	Label
14cf33220	?PropPointers@Z_Construct_UFunction_UAdultToyManager_GetButtplugDebugString_Statics@@2QBQEBUFPropertyParamsBase@UECodeGen_Private@@B	Label
14cf33228	Z_Construct_UFunction_UAdultToyManager_GetConnectedButtplugDeviceCount_Statics::NewProp_ReturnValue	Label
14cf33260	Z_Construct_UFunction_UAdultToyManager_GetConnectedButtplugDeviceCount_Statics::PropPointers	Label
14cf33268	Z_Construct_UFunction_UAdultToyManager_GetConnectedButtplugDeviceNames_Statics::NewProp_ReturnValue_Inner	Label
14cf33268	?NewProp_ReturnValue_Inner@Z_Construct_UFunction_UAdultToyManager_GetConnectedButtplugDeviceNames_Statics@@2UFGenericPropertyParams@UECodeGen_Private@@B	Label
14cf332a0	Z_Construct_UFunction_UAdultToyManager_GetConnectedButtplugDeviceNames_Statics::NewProp_ReturnValue	Label
14cf332d8	Z_Construct_UFunction_UAdultToyManager_GetConnectedButtplugDeviceNames_Statics::PropPointers	Label
14cf332d8	?PropPointers@Z_Construct_UFunction_UAdultToyManager_GetConnectedButtplugDeviceNames_Statics@@2QBQEBUFPropertyParamsBase@UECodeGen_Private@@B	Label
14cf332e8	Z_Construct_UFunction_UAdultToyManager_GetConnectedLovenseDeviceCount_Statics::NewProp_ReturnValue	Label
14cf332e8	?NewProp_ReturnValue@Z_Construct_UFunction_UAdultToyManager_GetConnectedLovenseDeviceCount_Statics@@2UFGenericPropertyParams@UECodeGen_Private@@B	Label
14cf33320	Z_Construct_UFunction_UAdultToyManager_GetConnectedLovenseDeviceCount_Statics::PropPointers	Label
14cf33320	?PropPointers@Z_Construct_UFunction_UAdultToyManager_GetConnectedLovenseDeviceCount_Statics@@2QBQEBUFPropertyParamsBase@UECodeGen_Private@@B	Label
14cf33328	Z_Construct_UFunction_UAdultToyManager_GetConnectedLovenseDeviceNames_Statics::NewProp_ReturnValue_Inner	Label
14cf33328	?NewProp_ReturnValue_Inner@Z_Construct_UFunction_UAdultToyManager_GetConnectedLovenseDeviceNames_Statics@@2UFGenericPropertyParams@UECodeGen_Private@@B	Label
14cf33360	Z_Construct_UFunction_UAdultToyManager_GetConnectedLovenseDeviceNames_Statics::NewProp_ReturnValue	Label
14cf33360	?NewProp_ReturnValue@Z_Construct_UFunction_UAdultToyManager_GetConnectedLovenseDeviceNames_Statics@@2UFArrayPropertyParams@UECodeGen_Private@@B	Label
14cf33398	Z_Construct_UFunction_UAdultToyManager_GetConnectedLovenseDeviceNames_Statics::PropPointers	Label
14cf333b0	Z_Construct_UFunction_UAdultToyManager_GetConnectionStatus_Statics::NewProp_ReturnValue_Underlying	Label
14cf333b0	?NewProp_ReturnValue_Underlying@Z_Construct_UFunction_UAdultToyManager_GetConnectionStatus_Statics@@2UFBytePropertyParams@UECodeGen_Private@@B	Label
14cf333f0	Z_Construct_UFunction_UAdultToyManager_GetConnectionStatus_Statics::NewProp_ReturnValue	Label
14cf333f0	?NewProp_ReturnValue@Z_Construct_UFunction_UAdultToyManager_GetConnectionStatus_Statics@@2UFEnumPropertyParams@UECodeGen_Private@@B	Label
14cf33430	Z_Construct_UFunction_UAdultToyManager_GetConnectionStatus_Statics::PropPointers	Label
14cf33440	Z_Construct_UFunction_UAdultToyManager_GetLovenseConnectionMethod_Statics::NewProp_ReturnValue_Underlying	Label
14cf33440	?NewProp_ReturnValue_Underlying@Z_Construct_UFunction_UAdultToyManager_GetLovenseConnectionMethod_Statics@@2UFBytePropertyParams@UECodeGen_Private@@B	Label
14cf33480	Z_Construct_UFunction_UAdultToyManager_GetLovenseConnectionMethod_Statics::NewProp_ReturnValue	Label
14cf33480	?NewProp_ReturnValue@Z_Construct_UFunction_UAdultToyManager_GetLovenseConnectionMethod_Statics@@2UFEnumPropertyParams@UECodeGen_Private@@B	Label
14cf334c0	Z_Construct_UFunction_UAdultToyManager_GetLovenseConnectionMethod_Statics::PropPointers	Label
14cf334d0	Z_Construct_UFunction_UAdultToyManager_HasAnyConnectedButtplugDevices_Statics::NewProp_ReturnValue	Label
14cf334d0	?NewProp_ReturnValue@Z_Construct_UFunction_UAdultToyManager_HasAnyConnectedButtplugDevices_Statics@@2UFBoolPropertyParams@UECodeGen_Private@@B	Label
14cf33510	Z_Construct_UFunction_UAdultToyManager_HasAnyConnectedButtplugDevices_Statics::PropPointers	Label
14cf33510	?PropPointers@Z_Construct_UFunction_UAdultToyManager_HasAnyConnectedButtplugDevices_Statics@@2QBQEBUFPropertyParamsBase@UECodeGen_Private@@B	Label
14cf33520	Z_Construct_UFunction_UAdultToyManager_HasConnectedButtplugStrokers_Statics::NewProp_ReturnValue	Label
14cf33520	?NewProp_ReturnValue@Z_Construct_UFunction_UAdultToyManager_HasConnectedButtplugStrokers_Statics@@2UFBoolPropertyParams@UECodeGen_Private@@B	Label
14cf33560	Z_Construct_UFunction_UAdultToyManager_HasConnectedButtplugStrokers_Statics::PropPointers	Label
14cf33570	Z_Construct_UFunction_UAdultToyManager_HasConnectedButtplugVibrators_Statics::NewProp_ReturnValue	Label
14cf33570	?NewProp_ReturnValue@Z_Construct_UFunction_UAdultToyManager_HasConnectedButtplugVibrators_Statics@@2UFBoolPropertyParams@UECodeGen_Private@@B	Label
14cf335b0	Z_Construct_UFunction_UAdultToyManager_HasConnectedButtplugVibrators_Statics::PropPointers	Label
14cf335c0	Z_Construct_UFunction_UAdultToyManager_HasConnectedLovenseDevices_Statics::NewProp_ReturnValue	Label
14cf33600	Z_Construct_UFunction_UAdultToyManager_HasConnectedLovenseDevices_Statics::PropPointers	Label
14cf33600	?PropPointers@Z_Construct_UFunction_UAdultToyManager_HasConnectedLovenseDevices_Statics@@2QBQEBUFPropertyParamsBase@UECodeGen_Private@@B	Label
14cf33610	Z_Construct_UFunction_UAdultToyManager_InitializeWithGameInstance_Statics::NewProp_GameInstance	Label
14cf33610	?NewProp_GameInstance@Z_Construct_UFunction_UAdultToyManager_InitializeWithGameInstance_Statics@@2UFObjectPropertyParams@UECodeGen_Private@@B	Label
14cf33650	Z_Construct_UFunction_UAdultToyManager_InitializeWithGameInstance_Statics::PropPointers	Label
14cf33650	?PropPointers@Z_Construct_UFunction_UAdultToyManager_InitializeWithGameInstance_Statics@@2QBQEBUFPropertyParamsBase@UECodeGen_Private@@B	Label
14cf33660	Z_Construct_UFunction_UAdultToyManager_IsButtplugConnected_Statics::NewProp_ReturnValue	Label
14cf33660	?NewProp_ReturnValue@Z_Construct_UFunction_UAdultToyManager_IsButtplugConnected_Statics@@2UFBoolPropertyParams@UECodeGen_Private@@B	Label
14cf336a0	Z_Construct_UFunction_UAdultToyManager_IsButtplugConnected_Statics::PropPointers	Label
14cf336b0	Z_Construct_UFunction_UAdultToyManager_IsHandyConnected_Statics::NewProp_ReturnValue	Label
14cf336b0	?NewProp_ReturnValue@Z_Construct_UFunction_UAdultToyManager_IsHandyConnected_Statics@@2UFBoolPropertyParams@UECodeGen_Private@@B	Label
14cf336f0	Z_Construct_UFunction_UAdultToyManager_IsHandyConnected_Statics::PropPointers	Label
14cf336f0	?PropPointers@Z_Construct_UFunction_UAdultToyManager_IsHandyConnected_Statics@@2QBQEBUFPropertyParamsBase@UECodeGen_Private@@B	Label
14cf33700	Z_Construct_UFunction_UAdultToyManager_IsLovenseMobileConnected_Statics::NewProp_ReturnValue	Label
14cf33740	Z_Construct_UFunction_UAdultToyManager_IsLovenseMobileConnected_Statics::PropPointers	Label
14cf33740	?PropPointers@Z_Construct_UFunction_UAdultToyManager_IsLovenseMobileConnected_Statics@@2QBQEBUFPropertyParamsBase@UECodeGen_Private@@B	Label
14cf33750	Z_Construct_UFunction_UAdultToyManager_IsProperlyInitialized_Statics::NewProp_ReturnValue	Label
14cf33750	?NewProp_ReturnValue@Z_Construct_UFunction_UAdultToyManager_IsProperlyInitialized_Statics@@2UFBoolPropertyParams@UECodeGen_Private@@B	Label
14cf33790	Z_Construct_UFunction_UAdultToyManager_IsProperlyInitialized_Statics::PropPointers	Label
14cf33790	?PropPointers@Z_Construct_UFunction_UAdultToyManager_IsProperlyInitialized_Statics@@2QBQEBUFPropertyParamsBase@UECodeGen_Private@@B	Label
14cf337a0	Z_Construct_UFunction_UAdultToyManager_OnBeatFired_Statics::NewProp_BeatEvent	Label
14cf337a0	?NewProp_BeatEvent@Z_Construct_UFunction_UAdultToyManager_OnBeatFired_Statics@@2UFStructPropertyParams@UECodeGen_Private@@B	Label
14cf337e0	Z_Construct_UFunction_UAdultToyManager_OnBeatFired_Statics::PropPointers	Label
14cf337e0	?PropPointers@Z_Construct_UFunction_UAdultToyManager_OnBeatFired_Statics@@2QBQEBUFPropertyParamsBase@UECodeGen_Private@@B	Label
14cf33800	Z_Construct_UFunction_UAdultToyManager_OnBeatHitCenter_Statics::NewProp_BeatEvent	Label
14cf33800	?NewProp_BeatEvent@Z_Construct_UFunction_UAdultToyManager_OnBeatHitCenter_Statics@@2UFStructPropertyParams@UECodeGen_Private@@B	Label
14cf33840	Z_Construct_UFunction_UAdultToyManager_OnBeatHitCenter_Statics::PropPointers	Label
14cf33840	?PropPointers@Z_Construct_UFunction_UAdultToyManager_OnBeatHitCenter_Statics@@2QBQEBUFPropertyParamsBase@UECodeGen_Private@@B	Label
14cf33848	Z_Construct_UFunction_UAdultToyManager_OnMobileEventsAPIResultCode_Statics::NewProp_ResultCode	Label
14cf33848	?NewProp_ResultCode@Z_Construct_UFunction_UAdultToyManager_OnMobileEventsAPIResultCode_Statics@@2UFGenericPropertyParams@UECodeGen_Private@@B	Label
14cf33880	Z_Construct_UFunction_UAdultToyManager_OnMobileEventsAPIResultCode_Statics::PropPointers	Label
14cf33880	?PropPointers@Z_Construct_UFunction_UAdultToyManager_OnMobileEventsAPIResultCode_Statics@@2QBQEBUFPropertyParamsBase@UECodeGen_Private@@B	Label
14cf338a0	Z_Construct_UFunction_UAdultToyManager_OnMobileEventsAPIToysReceived_Statics::NewProp_Toys_Inner	Label
14cf338a0	?NewProp_Toys_Inner@Z_Construct_UFunction_UAdultToyManager_OnMobileEventsAPIToysReceived_Statics@@2UFObjectPropertyParams@UECodeGen_Private@@B	Label
14cf338e0	Z_Construct_UFunction_UAdultToyManager_OnMobileEventsAPIToysReceived_Statics::NewProp_Toys	Label
14cf338e0	?NewProp_Toys@Z_Construct_UFunction_UAdultToyManager_OnMobileEventsAPIToysReceived_Statics@@2UFArrayPropertyParams@UECodeGen_Private@@B	Label
14cf33918	Z_Construct_UFunction_UAdultToyManager_OnMobileEventsAPIToysReceived_Statics::PropPointers	Label
14cf33930	Z_Construct_UFunction_UAdultToyManager_OnMobileEventsToyBatteryChanged_Statics::NewProp_ToyID	Label
14cf33968	Z_Construct_UFunction_UAdultToyManager_OnMobileEventsToyBatteryChanged_Statics::NewProp_Battery	Label
14cf33968	?NewProp_Battery@Z_Construct_UFunction_UAdultToyManager_OnMobileEventsToyBatteryChanged_Statics@@2UFGenericPropertyParams@UECodeGen_Private@@B	Label
14cf339a0	Z_Construct_UFunction_UAdultToyManager_OnMobileEventsToyBatteryChanged_Statics::PropPointers	Label
14cf339b0	Z_Construct_UFunction_UAdultToyManager_OnMobileEventsToyConnectStatusChanged_Statics::NewProp_ToyID	Label
14cf339b0	?NewProp_ToyID@Z_Construct_UFunction_UAdultToyManager_OnMobileEventsToyConnectStatusChanged_Statics@@2UFGenericPropertyParams@UECodeGen_Private@@B	Label
14cf339f0	Z_Construct_UFunction_UAdultToyManager_OnMobileEventsToyConnectStatusChanged_Statics::NewProp_bIsConnected	Label
14cf339f0	?NewProp_bIsConnected@Z_Construct_UFunction_UAdultToyManager_OnMobileEventsToyConnectStatusChanged_Statics@@2UFBoolPropertyParams@UECodeGen_Private@@B	Label
14cf33a30	Z_Construct_UFunction_UAdultToyManager_OnMobileEventsToyConnectStatusChanged_Statics::PropPointers	Label
14cf33a30	?PropPointers@Z_Construct_UFunction_UAdultToyManager_OnMobileEventsToyConnectStatusChanged_Statics@@2QBQEBUFPropertyParamsBase@UECodeGen_Private@@B	Label
14cf33a40	Z_Construct_UFunction_UAdultToyManager_ProcessBeatCommand_Statics::NewProp_Command	Label
14cf33a40	?NewProp_Command@Z_Construct_UFunction_UAdultToyManager_ProcessBeatCommand_Statics@@2UFStructPropertyParams@UECodeGen_Private@@B	Label
14cf33a80	Z_Construct_UFunction_UAdultToyManager_ProcessBeatCommand_Statics::PropPointers	Label
14cf33a90	Z_Construct_UFunction_UAdultToyManager_SetBeatSpawnerReference_Statics::NewProp_BeatSpawner	Label
14cf33a90	?NewProp_BeatSpawner@Z_Construct_UFunction_UAdultToyManager_SetBeatSpawnerReference_Statics@@2UFObjectPropertyParams@UECodeGen_Private@@B	Label
14cf33ad0	Z_Construct_UFunction_UAdultToyManager_SetBeatSpawnerReference_Statics::PropPointers	Label
14cf33ad0	?PropPointers@Z_Construct_UFunction_UAdultToyManager_SetBeatSpawnerReference_Statics@@2QBQEBUFPropertyParamsBase@UECodeGen_Private@@B	Label
14cf33ae8	Z_Construct_UFunction_UAdultToyManager_SetButtplugStrokeRange_Statics::NewProp_MinPercent	Label
14cf33ae8	?NewProp_MinPercent@Z_Construct_UFunction_UAdultToyManager_SetButtplugStrokeRange_Statics@@2UFGenericPropertyParams@UECodeGen_Private@@B	Label
14cf33b20	Z_Construct_UFunction_UAdultToyManager_SetButtplugStrokeRange_Statics::NewProp_MaxPercent	Label
14cf33b20	?NewProp_MaxPercent@Z_Construct_UFunction_UAdultToyManager_SetButtplugStrokeRange_Statics@@2UFGenericPropertyParams@UECodeGen_Private@@B	Label
14cf33b58	Z_Construct_UFunction_UAdultToyManager_SetButtplugStrokeRange_Statics::PropPointers	Label
14cf33b58	?PropPointers@Z_Construct_UFunction_UAdultToyManager_SetButtplugStrokeRange_Statics@@2QBQEBUFPropertyParamsBase@UECodeGen_Private@@B	Label
14cf33b88	Z_Construct_UFunction_UAdultToyManager_SetButtplugVibratorIntensity_Statics::NewProp_Intensity	Label
14cf33b88	?NewProp_Intensity@Z_Construct_UFunction_UAdultToyManager_SetButtplugVibratorIntensity_Statics@@2UFGenericPropertyParams@UECodeGen_Private@@B	Label
14cf33bc0	Z_Construct_UFunction_UAdultToyManager_SetButtplugVibratorIntensity_Statics::PropPointers	Label
14cf33bc0	?PropPointers@Z_Construct_UFunction_UAdultToyManager_SetButtplugVibratorIntensity_Statics@@2QBQEBUFPropertyParamsBase@UECodeGen_Private@@B	Label
14cf33bc8	Z_Construct_UFunction_UAdultToyManager_SetButtplugVibratorPulseDuration_Statics::NewProp_DurationSeconds	Label
14cf33bc8	?NewProp_DurationSeconds@Z_Construct_UFunction_UAdultToyManager_SetButtplugVibratorPulseDuration_Statics@@2UFGenericPropertyParams@UECodeGen_Private@@B	Label
14cf33c00	Z_Construct_UFunction_UAdultToyManager_SetButtplugVibratorPulseDuration_Statics::PropPointers	Label
14cf33c20	Z_Construct_UFunction_UAdultToyManager_SetHandyMode_Statics::NewProp_Mode_Underlying	Label
14cf33c20	?NewProp_Mode_Underlying@Z_Construct_UFunction_UAdultToyManager_SetHandyMode_Statics@@2UFBytePropertyParams@UECodeGen_Private@@B	Label
14cf33c60	Z_Construct_UFunction_UAdultToyManager_SetHandyMode_Statics::NewProp_Mode	Label
14cf33ca0	Z_Construct_UFunction_UAdultToyManager_SetHandyMode_Statics::PropPointers	Label
14cf33ca0	?PropPointers@Z_Construct_UFunction_UAdultToyManager_SetHandyMode_Statics@@2QBQEBUFPropertyParamsBase@UECodeGen_Private@@B	Label
14cf33cb0	Z_Construct_UFunction_UAdultToyManager_SetHandyPosition_Statics::NewProp_PositionPercent	Label
14cf33cb0	?NewProp_PositionPercent@Z_Construct_UFunction_UAdultToyManager_SetHandyPosition_Statics@@2UFGenericPropertyParams@UECodeGen_Private@@B	Label
14cf33ce8	Z_Construct_UFunction_UAdultToyManager_SetHandyPosition_Statics::NewProp_DurationMs	Label
14cf33ce8	?NewProp_DurationMs@Z_Construct_UFunction_UAdultToyManager_SetHandyPosition_Statics@@2UFGenericPropertyParams@UECodeGen_Private@@B	Label
14cf33d20	Z_Construct_UFunction_UAdultToyManager_SetHandyPosition_Statics::PropPointers	Label
14cf33d20	?PropPointers@Z_Construct_UFunction_UAdultToyManager_SetHandyPosition_Statics@@2QBQEBUFPropertyParamsBase@UECodeGen_Private@@B	Label
14cf33d50	Z_Construct_UFunction_UAdultToyManager_SetHandyPositionWithTime_Statics::NewProp_PositionPercent	Label
14cf33d88	Z_Construct_UFunction_UAdultToyManager_SetHandyPositionWithTime_Statics::NewProp_DurationMs	Label
14cf33d88	?NewProp_DurationMs@Z_Construct_UFunction_UAdultToyManager_SetHandyPositionWithTime_Statics@@2UFGenericPropertyParams@UECodeGen_Private@@B	Label
14cf33dc0	Z_Construct_UFunction_UAdultToyManager_SetHandyPositionWithTime_Statics::NewProp_bStopOnTarget	Label
14cf33e00	Z_Construct_UFunction_UAdultToyManager_SetHandyPositionWithTime_Statics::PropPointers	Label
14cf33e28	Z_Construct_UFunction_UAdultToyManager_SetHandyPositionWithVelocity_Statics::NewProp_PositionPercent	Label
14cf33e28	?NewProp_PositionPercent@Z_Construct_UFunction_UAdultToyManager_SetHandyPositionWithVelocity_Statics@@2UFGenericPropertyParams@UECodeGen_Private@@B	Label
14cf33e60	Z_Construct_UFunction_UAdultToyManager_SetHandyPositionWithVelocity_Statics::NewProp_VelocityPercent	Label
14cf33ea0	Z_Construct_UFunction_UAdultToyManager_SetHandyPositionWithVelocity_Statics::NewProp_bStopOnTarget	Label
14cf33ea0	?NewProp_bStopOnTarget@Z_Construct_UFunction_UAdultToyManager_SetHandyPositionWithVelocity_Statics@@2UFBoolPropertyParams@UECodeGen_Private@@B	Label
14cf33ee0	Z_Construct_UFunction_UAdultToyManager_SetHandyPositionWithVelocity_Statics::PropPointers	Label
14cf33ee0	?PropPointers@Z_Construct_UFunction_UAdultToyManager_SetHandyPositionWithVelocity_Statics@@2QBQEBUFPropertyParamsBase@UECodeGen_Private@@B	Label
14cf33f08	Z_Construct_UFunction_UAdultToyManager_SetHandySlideSettings_Statics::NewProp_MinPercent	Label
14cf33f08	?NewProp_MinPercent@Z_Construct_UFunction_UAdultToyManager_SetHandySlideSettings_Statics@@2UFGenericPropertyParams@UECodeGen_Private@@B	Label
14cf33f40	Z_Construct_UFunction_UAdultToyManager_SetHandySlideSettings_Statics::NewProp_MaxPercent	Label
14cf33f78	Z_Construct_UFunction_UAdultToyManager_SetHandySlideSettings_Statics::PropPointers	Label
14cf33f78	?PropPointers@Z_Construct_UFunction_UAdultToyManager_SetHandySlideSettings_Statics@@2QBQEBUFPropertyParamsBase@UECodeGen_Private@@B	Label
14cf33f88	Z_Construct_UFunction_UAdultToyManager_SetHandyVelocity_Statics::NewProp_Velocity	Label
14cf33fc0	Z_Construct_UFunction_UAdultToyManager_SetHandyVelocity_Statics::PropPointers	Label
14cf33fc8	Z_Construct_UFunction_UAdultToyManager_SetStrokeSlider_Statics::NewProp_SliderValue	Label
14cf34000	Z_Construct_UFunction_UAdultToyManager_SetStrokeSlider_Statics::PropPointers	Label
14cf34000	?PropPointers@Z_Construct_UFunction_UAdultToyManager_SetStrokeSlider_Statics@@2QBQEBUFPropertyParamsBase@UECodeGen_Private@@B	Label
14cf34018	Z_Construct_UFunction_UAdultToyManager_SetStrokeZone_Statics::NewProp_ZoneMinPercent	Label
14cf34018	?NewProp_ZoneMinPercent@Z_Construct_UFunction_UAdultToyManager_SetStrokeZone_Statics@@2UFGenericPropertyParams@UECodeGen_Private@@B	Label
14cf34050	Z_Construct_UFunction_UAdultToyManager_SetStrokeZone_Statics::NewProp_ZoneMaxPercent	Label
14cf34088	Z_Construct_UFunction_UAdultToyManager_SetStrokeZone_Statics::PropPointers	Label
14cf34088	?PropPointers@Z_Construct_UFunction_UAdultToyManager_SetStrokeZone_Statics@@2QBQEBUFPropertyParamsBase@UECodeGen_Private@@B	Label
14cf340b8	Z_Construct_UFunction_UAdultToyManager_StartHandyHAMP_Statics::NewProp_Velocity	Label
14cf340b8	?NewProp_Velocity@Z_Construct_UFunction_UAdultToyManager_StartHandyHAMP_Statics@@2UFGenericPropertyParams@UECodeGen_Private@@B	Label
14cf340f0	Z_Construct_UFunction_UAdultToyManager_StartHandyHAMP_Statics::PropPointers	Label
14cf340f0	?PropPointers@Z_Construct_UFunction_UAdultToyManager_StartHandyHAMP_Statics@@2QBQEBUFPropertyParamsBase@UECodeGen_Private@@B	Label
14cf34120	Z_Construct_UClass_UAdultToyManager_Statics::DependentSingletons	Label
14cf34130	Z_Construct_UClass_UAdultToyManager_Statics::FuncInfo	Label
14cf34130	?FuncInfo@Z_Construct_UClass_UAdultToyManager_Statics@@2QBUFClassFunctionLinkInfo@@B	Label
14cf345b0	Z_Construct_UClass_UAdultToyManager_Statics::NewProp_ButtplugVibratorIntensity	Label
14cf345b0	?NewProp_ButtplugVibratorIntensity@Z_Construct_UClass_UAdultToyManager_Statics@@2UFGenericPropertyParams@UECodeGen_Private@@B	Label
14cf345e8	Z_Construct_UClass_UAdultToyManager_Statics::NewProp_ButtplugVibratorPulseDuration	Label
14cf345e8	?NewProp_ButtplugVibratorPulseDuration@Z_Construct_UClass_UAdultToyManager_Statics@@2UFGenericPropertyParams@UECodeGen_Private@@B	Label
14cf34620	Z_Construct_UClass_UAdultToyManager_Statics::NewProp_OnButtplugDeviceAdded	Label
14cf34620	?NewProp_OnButtplugDeviceAdded@Z_Construct_UClass_UAdultToyManager_Statics@@2UFMulticastDelegatePropertyParams@UECodeGen_Private@@B	Label
14cf34660	Z_Construct_UClass_UAdultToyManager_Statics::NewProp_OnButtplugDeviceRemoved	Label
14cf346a0	Z_Construct_UClass_UAdultToyManager_Statics::NewProp_OnButtplugDeviceListUpdated	Label
14cf346a0	?NewProp_OnButtplugDeviceListUpdated@Z_Construct_UClass_UAdultToyManager_Statics@@2UFMulticastDelegatePropertyParams@UECodeGen_Private@@B	Label
14cf346e0	Z_Construct_UClass_UAdultToyManager_Statics::NewProp_ButtplugStrokersConnected	Label
14cf34718	Z_Construct_UClass_UAdultToyManager_Statics::NewProp_ButtplugVibratorsConnected	Label
14cf34718	?NewProp_ButtplugVibratorsConnected@Z_Construct_UClass_UAdultToyManager_Statics@@2UFGenericPropertyParams@UECodeGen_Private@@B	Label
14cf34750	Z_Construct_UClass_UAdultToyManager_Statics::NewProp_ButtplugRotatorsConnected	Label
14cf34788	Z_Construct_UClass_UAdultToyManager_Statics::NewProp_ButtplugTotalDevices	Label
14cf34788	?NewProp_ButtplugTotalDevices@Z_Construct_UClass_UAdultToyManager_Statics@@2UFGenericPropertyParams@UECodeGen_Private@@B	Label
14cf347c0	Z_Construct_UClass_UAdultToyManager_Statics::NewProp_bButtplugFullStrokePerBeat	Label
14cf347c0	?NewProp_bButtplugFullStrokePerBeat@Z_Construct_UClass_UAdultToyManager_Statics@@2UFBoolPropertyParams@UECodeGen_Private@@B	Label
14cf34800	Z_Construct_UClass_UAdultToyManager_Statics::NewProp_HandyApiUrl	Label
14cf34800	?NewProp_HandyApiUrl@Z_Construct_UClass_UAdultToyManager_Statics@@2UFGenericPropertyParams@UECodeGen_Private@@B	Label
14cf34838	Z_Construct_UClass_UAdultToyManager_Statics::NewProp_ButtplugServerUrl	Label
14cf34870	Z_Construct_UClass_UAdultToyManager_Statics::NewProp_ButtplugClientName	Label
14cf348b0	Z_Construct_UClass_UAdultToyManager_Statics::NewProp_bButtplugAutoReconnectEnabled	Label
14cf348b0	?NewProp_bButtplugAutoReconnectEnabled@Z_Construct_UClass_UAdultToyManager_Statics@@2UFBoolPropertyParams@UECodeGen_Private@@B	Label
14cf348f0	Z_Construct_UClass_UAdultToyManager_Statics::NewProp_ButtplugReconnectDelay	Label
14cf34928	Z_Construct_UClass_UAdultToyManager_Statics::NewProp_ButtplugMaxReconnectAttempts	Label
14cf34928	?NewProp_ButtplugMaxReconnectAttempts@Z_Construct_UClass_UAdultToyManager_Statics@@2UFGenericPropertyParams@UECodeGen_Private@@B	Label
14cf34960	Z_Construct_UClass_UAdultToyManager_Statics::NewProp_StatusUpdateInterval	Label
14cf34960	?NewProp_StatusUpdateInterval@Z_Construct_UClass_UAdultToyManager_Statics@@2UFGenericPropertyParams@UECodeGen_Private@@B	Label
14cf34998	Z_Construct_UClass_UAdultToyManager_Statics::NewProp_DeviceCheckInterval	Label
14cf349d0	Z_Construct_UClass_UAdultToyManager_Statics::NewProp_bAutoReconnect	Label
14cf34a10	Z_Construct_UClass_UAdultToyManager_Statics::NewProp_bBeatSyncEnabled	Label
14cf34a10	?NewProp_bBeatSyncEnabled@Z_Construct_UClass_UAdultToyManager_Statics@@2UFBoolPropertyParams@UECodeGen_Private@@B	Label
14cf34a50	Z_Construct_UClass_UAdultToyManager_Statics::NewProp_BeatIntensityMultiplier	Label
14cf34a50	?NewProp_BeatIntensityMultiplier@Z_Construct_UClass_UAdultToyManager_Statics@@2UFGenericPropertyParams@UECodeGen_Private@@B	Label
14cf34a88	Z_Construct_UClass_UAdultToyManager_Statics::NewProp_NetworkLatencyMs	Label
14cf34ac0	Z_Construct_UClass_UAdultToyManager_Statics::NewProp_LovenseVibrationDuration	Label
14cf34af8	Z_Construct_UClass_UAdultToyManager_Statics::NewProp_LovenseVibrationIntensity	Label
14cf34af8	?NewProp_LovenseVibrationIntensity@Z_Construct_UClass_UAdultToyManager_Statics@@2UFGenericPropertyParams@UECodeGen_Private@@B	Label
14cf34b30	Z_Construct_UClass_UAdultToyManager_Statics::NewProp_bLovenseAutoConnect	Label
14cf34b30	?NewProp_bLovenseAutoConnect@Z_Construct_UClass_UAdultToyManager_Statics@@2UFBoolPropertyParams@UECodeGen_Private@@B	Label
14cf34b70	Z_Construct_UClass_UAdultToyManager_Statics::NewProp_LovenseMobileIP	Label
14cf34ba8	Z_Construct_UClass_UAdultToyManager_Statics::NewProp_LovenseMobilePort	Label
14cf34be0	Z_Construct_UClass_UAdultToyManager_Statics::NewProp_ApiCallsPerSecond	Label
14cf34be0	?NewProp_ApiCallsPerSecond@Z_Construct_UClass_UAdultToyManager_Statics@@2UFGenericPropertyParams@UECodeGen_Private@@B	Label
14cf34c18	Z_Construct_UClass_UAdultToyManager_Statics::NewProp_TotalApiCallsThisSecond	Label
14cf34c50	Z_Construct_UClass_UAdultToyManager_Statics::NewProp_BeatsProcessed	Label
14cf34c88	Z_Construct_UClass_UAdultToyManager_Statics::NewProp_LovenseStrokersConnected	Label
14cf34c88	?NewProp_LovenseStrokersConnected@Z_Construct_UClass_UAdultToyManager_Statics@@2UFGenericPropertyParams@UECodeGen_Private@@B	Label
14cf34cc0	Z_Construct_UClass_UAdultToyManager_Statics::NewProp_LovenseVibratorsConnected	Label
14cf34cc0	?NewProp_LovenseVibratorsConnected@Z_Construct_UClass_UAdultToyManager_Statics@@2UFGenericPropertyParams@UECodeGen_Private@@B	Label
14cf34cf8	Z_Construct_UClass_UAdultToyManager_Statics::NewProp_LovenseHTTPRequestsSent	Label
14cf34cf8	?NewProp_LovenseHTTPRequestsSent@Z_Construct_UClass_UAdultToyManager_Statics@@2UFGenericPropertyParams@UECodeGen_Private@@B	Label
14cf34d30	Z_Construct_UClass_UAdultToyManager_Statics::NewProp_LovenseHTTPRequestsCompleted	Label
14cf34d30	?NewProp_LovenseHTTPRequestsCompleted@Z_Construct_UClass_UAdultToyManager_Statics@@2UFGenericPropertyParams@UECodeGen_Private@@B	Label
14cf34d68	Z_Construct_UClass_UAdultToyManager_Statics::NewProp_LovenseHTTPRequestsFailed	Label
14cf34da0	Z_Construct_UClass_UAdultToyManager_Statics::NewProp_OnToyConnected	Label
14cf34da0	?NewProp_OnToyConnected@Z_Construct_UClass_UAdultToyManager_Statics@@2UFMulticastDelegatePropertyParams@UECodeGen_Private@@B	Label
14cf34de0	Z_Construct_UClass_UAdultToyManager_Statics::NewProp_OnToyDisconnected	Label
14cf34de0	?NewProp_OnToyDisconnected@Z_Construct_UClass_UAdultToyManager_Statics@@2UFMulticastDelegatePropertyParams@UECodeGen_Private@@B	Label
14cf34e20	Z_Construct_UClass_UAdultToyManager_Statics::NewProp_OnToyError	Label
14cf34e60	Z_Construct_UClass_UAdultToyManager_Statics::NewProp_OnHandyStatusUpdated	Label
14cf34e60	?NewProp_OnHandyStatusUpdated@Z_Construct_UClass_UAdultToyManager_Statics@@2UFMulticastDelegatePropertyParams@UECodeGen_Private@@B	Label
14cf34ea0	Z_Construct_UClass_UAdultToyManager_Statics::NewProp_HandyConnectionKey	Label
14cf34ee0	Z_Construct_UClass_UAdultToyManager_Statics::NewProp_HandyConnectionStatus_Underlying	Label
14cf34ee0	?NewProp_HandyConnectionStatus_Underlying@Z_Construct_UClass_UAdultToyManager_Statics@@2UFBytePropertyParams@UECodeGen_Private@@B	Label
14cf34f20	Z_Construct_UClass_UAdultToyManager_Statics::NewProp_HandyConnectionStatus	Label
14cf34f20	?NewProp_HandyConnectionStatus@Z_Construct_UClass_UAdultToyManager_Statics@@2UFEnumPropertyParams@UECodeGen_Private@@B	Label
14cf34f60	Z_Construct_UClass_UAdultToyManager_Statics::NewProp_LovenseConnectionStatus_Underlying	Label
14cf34fa0	Z_Construct_UClass_UAdultToyManager_Statics::NewProp_LovenseConnectionStatus	Label
14cf34fa0	?NewProp_LovenseConnectionStatus@Z_Construct_UClass_UAdultToyManager_Statics@@2UFEnumPropertyParams@UECodeGen_Private@@B	Label
14cf34fe0	Z_Construct_UClass_UAdultToyManager_Statics::NewProp_HandyInfo	Label
14cf35020	Z_Construct_UClass_UAdultToyManager_Statics::NewProp_HandyStatus	Label
14cf35060	Z_Construct_UClass_UAdultToyManager_Statics::NewProp_BeatSpawnerManager	Label
14cf350a0	Z_Construct_UClass_UAdultToyManager_Statics::NewProp_ConnectedLovenseStrokers_Inner	Label
14cf350a0	?NewProp_ConnectedLovenseStrokers_Inner@Z_Construct_UClass_UAdultToyManager_Statics@@2UFObjectPropertyParams@UECodeGen_Private@@B	Label
14cf350e0	Z_Construct_UClass_UAdultToyManager_Statics::NewProp_ConnectedLovenseStrokers	Label
14cf350e0	?NewProp_ConnectedLovenseStrokers@Z_Construct_UClass_UAdultToyManager_Statics@@2UFArrayPropertyParams@UECodeGen_Private@@B	Label
14cf35120	Z_Construct_UClass_UAdultToyManager_Statics::NewProp_ConnectedLovenseVibrators_Inner	Label
14cf35160	Z_Construct_UClass_UAdultToyManager_Statics::NewProp_ConnectedLovenseVibrators	Label
14cf35160	?NewProp_ConnectedLovenseVibrators@Z_Construct_UClass_UAdultToyManager_Statics@@2UFArrayPropertyParams@UECodeGen_Private@@B	Label
14cf351a0	Z_Construct_UClass_UAdultToyManager_Statics::NewProp_ConnectedLovenseOtherDevices_Inner	Label
14cf351a0	?NewProp_ConnectedLovenseOtherDevices_Inner@Z_Construct_UClass_UAdultToyManager_Statics@@2UFObjectPropertyParams@UECodeGen_Private@@B	Label
14cf351e0	Z_Construct_UClass_UAdultToyManager_Statics::NewProp_ConnectedLovenseOtherDevices	Label
14cf35220	Z_Construct_UClass_UAdultToyManager_Statics::NewProp_CurrentLovenseConnectionMethod_Underlying	Label
14cf35260	Z_Construct_UClass_UAdultToyManager_Statics::NewProp_CurrentLovenseConnectionMethod	Label
14cf352a0	Z_Construct_UClass_UAdultToyManager_Statics::NewProp_MobileEventsToys_Inner	Label
14cf352a0	?NewProp_MobileEventsToys_Inner@Z_Construct_UClass_UAdultToyManager_Statics@@2UFObjectPropertyParams@UECodeGen_Private@@B	Label
14cf352e0	Z_Construct_UClass_UAdultToyManager_Statics::NewProp_MobileEventsToys	Label
14cf352e0	?NewProp_MobileEventsToys@Z_Construct_UClass_UAdultToyManager_Statics@@2UFArrayPropertyParams@UECodeGen_Private@@B	Label
14cf35318	Z_Construct_UClass_UAdultToyManager_Statics::NewProp_LovenseHTTPUrl	Label
14cf35318	?NewProp_LovenseHTTPUrl@Z_Construct_UClass_UAdultToyManager_Statics@@2UFGenericPropertyParams@UECodeGen_Private@@B	Label
14cf35350	Z_Construct_UClass_UAdultToyManager_Statics::NewProp_ConnectedHTTPToys_Inner	Label
14cf35350	?NewProp_ConnectedHTTPToys_Inner@Z_Construct_UClass_UAdultToyManager_Statics@@2UFStructPropertyParams@UECodeGen_Private@@B	Label
14cf35390	Z_Construct_UClass_UAdultToyManager_Statics::NewProp_ConnectedHTTPToys	Label
14cf35390	?NewProp_ConnectedHTTPToys@Z_Construct_UClass_UAdultToyManager_Statics@@2UFArrayPropertyParams@UECodeGen_Private@@B	Label
14cf353d0	Z_Construct_UClass_UAdultToyManager_Statics::NewProp_bLovenseCurrentlyVibrating	Label
14cf35410	Z_Construct_UClass_UAdultToyManager_Statics::NewProp_LovenseVibrateStartTime	Label
14cf35410	?NewProp_LovenseVibrateStartTime@Z_Construct_UClass_UAdultToyManager_Statics@@2UFGenericPropertyParams@UECodeGen_Private@@B	Label
14cf35448	Z_Construct_UClass_UAdultToyManager_Statics::NewProp_CurrentBeatInterval	Label
14cf35448	?NewProp_CurrentBeatInterval@Z_Construct_UClass_UAdultToyManager_Statics@@2UFGenericPropertyParams@UECodeGen_Private@@B	Label
14cf35480	Z_Construct_UClass_UAdultToyManager_Statics::NewProp_CachedWorld	Label
14cf354c0	Z_Construct_UClass_UAdultToyManager_Statics::NewProp_CachedGameInstance	Label
14cf354c0	?NewProp_CachedGameInstance@Z_Construct_UClass_UAdultToyManager_Statics@@2UFObjectPropertyParams@UECodeGen_Private@@B	Label
14cf35500	Z_Construct_UClass_UAdultToyManager_Statics::NewProp_PendingToyStops_Inner	Label
14cf35540	Z_Construct_UClass_UAdultToyManager_Statics::NewProp_PendingToyStops	Label
14cf35540	?NewProp_PendingToyStops@Z_Construct_UClass_UAdultToyManager_Statics@@2UFArrayPropertyParams@UECodeGen_Private@@B	Label
14cf35580	Z_Construct_UClass_UAdultToyManager_Statics::NewProp_ConnectedButtplugDevices_Inner	Label
14cf35580	?NewProp_ConnectedButtplugDevices_Inner@Z_Construct_UClass_UAdultToyManager_Statics@@2UFStructPropertyParams@UECodeGen_Private@@B	Label
14cf355c0	Z_Construct_UClass_UAdultToyManager_Statics::NewProp_ConnectedButtplugDevices	Label
14cf355c0	?NewProp_ConnectedButtplugDevices@Z_Construct_UClass_UAdultToyManager_Statics@@2UFArrayPropertyParams@UECodeGen_Private@@B	Label
14cf35600	Z_Construct_UClass_UAdultToyManager_Statics::NewProp_ConnectedButtplugStrokers_Inner	Label
14cf35600	?NewProp_ConnectedButtplugStrokers_Inner@Z_Construct_UClass_UAdultToyManager_Statics@@2UFStructPropertyParams@UECodeGen_Private@@B	Label
14cf35640	Z_Construct_UClass_UAdultToyManager_Statics::NewProp_ConnectedButtplugStrokers	Label
14cf35640	?NewProp_ConnectedButtplugStrokers@Z_Construct_UClass_UAdultToyManager_Statics@@2UFArrayPropertyParams@UECodeGen_Private@@B	Label
14cf35680	Z_Construct_UClass_UAdultToyManager_Statics::NewProp_ConnectedButtplugVibrators_Inner	Label
14cf35680	?NewProp_ConnectedButtplugVibrators_Inner@Z_Construct_UClass_UAdultToyManager_Statics@@2UFStructPropertyParams@UECodeGen_Private@@B	Label
14cf356c0	Z_Construct_UClass_UAdultToyManager_Statics::NewProp_ConnectedButtplugVibrators	Label
14cf35700	Z_Construct_UClass_UAdultToyManager_Statics::NewProp_ConnectedButtplugRotators_Inner	Label
14cf35700	?NewProp_ConnectedButtplugRotators_Inner@Z_Construct_UClass_UAdultToyManager_Statics@@2UFStructPropertyParams@UECodeGen_Private@@B	Label
14cf35740	Z_Construct_UClass_UAdultToyManager_Statics::NewProp_ConnectedButtplugRotators	Label
14cf35740	?NewProp_ConnectedButtplugRotators@Z_Construct_UClass_UAdultToyManager_Statics@@2UFArrayPropertyParams@UECodeGen_Private@@B	Label
14cf35780	Z_Construct_UClass_UAdultToyManager_Statics::PropPointers	Label
14cf359d8	Z_Construct_UClass_UAdultToyManager_Statics::StaticCppClassTypeInfo	Label
14cf359e0	Z_Construct_UClass_UAdultToyManager_Statics::ClassParams	Label
14cf359e0	?ClassParams@Z_Construct_UClass_UAdultToyManager_Statics@@2UFClassParams@UECodeGen_Private@@B	Label
14cf36070	UAdultToyManager::`vftable'	Label
14cf36070	??_7UAdultToyManager@@6BUObject@@@	Label
14cf36328	UAdultToyManager::`vftable'	Label
14cf36328	??_7UAdultToyManager@@6BFTickableGameObject@@@	Label
14cf36d80	Z_Construct_UScriptStruct_FCHPackMediaEntry_Statics::NewProp_File	Label
14cf36d80	?NewProp_File@Z_Construct_UScriptStruct_FCHPackMediaEntry_Statics@@2UFGenericPropertyParams@UECodeGen_Private@@B	Label
14cf36db8	Z_Construct_UScriptStruct_FCHPackMediaEntry_Statics::NewProp_Type	Label
14cf36df0	Z_Construct_UScriptStruct_FCHPackMediaEntry_Statics::NewProp_Tags_Inner	Label
14cf36df0	?NewProp_Tags_Inner@Z_Construct_UScriptStruct_FCHPackMediaEntry_Statics@@2UFGenericPropertyParams@UECodeGen_Private@@B	Label
14cf36e28	Z_Construct_UScriptStruct_FCHPackMediaEntry_Statics::NewProp_Tags	Label
14cf36e60	Z_Construct_UScriptStruct_FCHPackMediaEntry_Statics::NewProp_FullPath	Label
14cf36e98	Z_Construct_UScriptStruct_FCHPackMediaEntry_Statics::PropPointers	Label
14cf36e98	?PropPointers@Z_Construct_UScriptStruct_FCHPackMediaEntry_Statics@@2QBQEBUFPropertyParamsBase@UECodeGen_Private@@B	Label
14cf36ef8	Z_Construct_UScriptStruct_FCHPackManifest_Statics::NewProp_Version	Label
14cf36ef8	?NewProp_Version@Z_Construct_UScriptStruct_FCHPackManifest_Statics@@2UFGenericPropertyParams@UECodeGen_Private@@B	Label
14cf36f30	Z_Construct_UScriptStruct_FCHPackManifest_Statics::NewProp_Name	Label
14cf36f30	?NewProp_Name@Z_Construct_UScriptStruct_FCHPackManifest_Statics@@2UFGenericPropertyParams@UECodeGen_Private@@B	Label
14cf36f68	Z_Construct_UScriptStruct_FCHPackManifest_Statics::NewProp_Author	Label
14cf36f68	?NewProp_Author@Z_Construct_UScriptStruct_FCHPackManifest_Statics@@2UFGenericPropertyParams@UECodeGen_Private@@B	Label
14cf36fa0	Z_Construct_UScriptStruct_FCHPackManifest_Statics::NewProp_Description	Label
14cf36fd8	Z_Construct_UScriptStruct_FCHPackManifest_Statics::NewProp_Preview	Label
14cf37010	Z_Construct_UScriptStruct_FCHPackManifest_Statics::NewProp_UnlockCost	Label
14cf37010	?NewProp_UnlockCost@Z_Construct_UScriptStruct_FCHPackManifest_Statics@@2UFGenericPropertyParams@UECodeGen_Private@@B	Label
14cf37048	Z_Construct_UScriptStruct_FCHPackManifest_Statics::NewProp_RequiredChallenge	Label
14cf37048	?NewProp_RequiredChallenge@Z_Construct_UScriptStruct_FCHPackManifest_Statics@@2UFGenericPropertyParams@UECodeGen_Private@@B	Label
14cf37080	Z_Construct_UScriptStruct_FCHPackManifest_Statics::NewProp_Media_Inner	Label
14cf37080	?NewProp_Media_Inner@Z_Construct_UScriptStruct_FCHPackManifest_Statics@@2UFStructPropertyParams@UECodeGen_Private@@B	Label
14cf370c0	Z_Construct_UScriptStruct_FCHPackManifest_Statics::NewProp_Media	Label
14cf370c0	?NewProp_Media@Z_Construct_UScriptStruct_FCHPackManifest_Statics@@2UFArrayPropertyParams@UECodeGen_Private@@B	Label
14cf370f8	Z_Construct_UScriptStruct_FCHPackManifest_Statics::NewProp_OnlyFans	Label
14cf370f8	?NewProp_OnlyFans@Z_Construct_UScriptStruct_FCHPackManifest_Statics@@2UFGenericPropertyParams@UECodeGen_Private@@B	Label
14cf37130	Z_Construct_UScriptStruct_FCHPackManifest_Statics::NewProp_Fansly	Label
14cf37130	?NewProp_Fansly@Z_Construct_UScriptStruct_FCHPackManifest_Statics@@2UFGenericPropertyParams@UECodeGen_Private@@B	Label
14cf37168	Z_Construct_UScriptStruct_FCHPackManifest_Statics::NewProp_Twitter	Label
14cf371a0	Z_Construct_UScriptStruct_FCHPackManifest_Statics::NewProp_Linktree	Label
14cf371a0	?NewProp_Linktree@Z_Construct_UScriptStruct_FCHPackManifest_Statics@@2UFGenericPropertyParams@UECodeGen_Private@@B	Label
14cf371d8	Z_Construct_UScriptStruct_FCHPackManifest_Statics::NewProp_Manyvids	Label
14cf37210	Z_Construct_UScriptStruct_FCHPackManifest_Statics::NewProp_Redgifs	Label
14cf37210	?NewProp_Redgifs@Z_Construct_UScriptStruct_FCHPackManifest_Statics@@2UFGenericPropertyParams@UECodeGen_Private@@B	Label
14cf37250	Z_Construct_UScriptStruct_FCHPackManifest_Statics::NewProp_bPatreonExclusive	Label
14cf37250	?NewProp_bPatreonExclusive@Z_Construct_UScriptStruct_FCHPackManifest_Statics@@2UFBoolPropertyParams@UECodeGen_Private@@B	Label
14cf37290	Z_Construct_UScriptStruct_FCHPackManifest_Statics::NewProp_Discord	Label
14cf37290	?NewProp_Discord@Z_Construct_UScriptStruct_FCHPackManifest_Statics@@2UFGenericPropertyParams@UECodeGen_Private@@B	Label
14cf372c8	Z_Construct_UScriptStruct_FCHPackManifest_Statics::NewProp_Patreon	Label
14cf372c8	?NewProp_Patreon@Z_Construct_UScriptStruct_FCHPackManifest_Statics@@2UFGenericPropertyParams@UECodeGen_Private@@B	Label
14cf37300	Z_Construct_UScriptStruct_FCHPackManifest_Statics::NewProp_SubscribeStar	Label
14cf37338	Z_Construct_UScriptStruct_FCHPackManifest_Statics::NewProp_Kofi	Label
14cf37338	?NewProp_Kofi@Z_Construct_UScriptStruct_FCHPackManifest_Statics@@2UFGenericPropertyParams@UECodeGen_Private@@B	Label
14cf37370	Z_Construct_UScriptStruct_FCHPackManifest_Statics::NewProp_TotalMediaCount	Label
14cf373a8	Z_Construct_UScriptStruct_FCHPackManifest_Statics::NewProp_ImageCount	Label
14cf373a8	?NewProp_ImageCount@Z_Construct_UScriptStruct_FCHPackManifest_Statics@@2UFGenericPropertyParams@UECodeGen_Private@@B	Label
14cf373e0	Z_Construct_UScriptStruct_FCHPackManifest_Statics::NewProp_VideoCount	Label
14cf373e0	?NewProp_VideoCount@Z_Construct_UScriptStruct_FCHPackManifest_Statics@@2UFGenericPropertyParams@UECodeGen_Private@@B	Label
14cf37420	Z_Construct_UScriptStruct_FCHPackManifest_Statics::PropPointers	Label
14cf37420	?PropPointers@Z_Construct_UScriptStruct_FCHPackManifest_Statics@@2QBQEBUFPropertyParamsBase@UECodeGen_Private@@B	Label
14cf37d38	Z_Construct_UFunction_UCHPackManager_ExtractChpackToFolder_Statics::NewProp_ChpackPath	Label
14cf37d38	?NewProp_ChpackPath@Z_Construct_UFunction_UCHPackManager_ExtractChpackToFolder_Statics@@2UFGenericPropertyParams@UECodeGen_Private@@B	Label
14cf37d70	Z_Construct_UFunction_UCHPackManager_ExtractChpackToFolder_Statics::NewProp_OutExtractedFolder	Label
14cf37d70	?NewProp_OutExtractedFolder@Z_Construct_UFunction_UCHPackManager_ExtractChpackToFolder_Statics@@2UFGenericPropertyParams@UECodeGen_Private@@B	Label
14cf37db0	Z_Construct_UFunction_UCHPackManager_ExtractChpackToFolder_Statics::NewProp_ReturnValue	Label
14cf37df0	Z_Construct_UFunction_UCHPackManager_ExtractChpackToFolder_Statics::PropPointers	Label
14cf37e30	Z_Construct_UFunction_UCHPackManager_FilterMediaIntoCategoriesAsync_Statics::NewProp_WorldContextObject	Label
14cf37e30	?NewProp_WorldContextObject@Z_Construct_UFunction_UCHPackManager_FilterMediaIntoCategoriesAsync_Statics@@2UFObjectPropertyParams@UECodeGen_Private@@B	Label
14cf37e70	Z_Construct_UFunction_UCHPackManager_FilterMediaIntoCategoriesAsync_Statics::NewProp_AllMedia_Inner	Label
14cf37e70	?NewProp_AllMedia_Inner@Z_Construct_UFunction_UCHPackManager_FilterMediaIntoCategoriesAsync_Statics@@2UFStructPropertyParams@UECodeGen_Private@@B	Label
14cf37eb0	Z_Construct_UFunction_UCHPackManager_FilterMediaIntoCategoriesAsync_Statics::NewProp_AllMedia	Label
14cf37ee8	Z_Construct_UFunction_UCHPackManager_FilterMediaIntoCategoriesAsync_Statics::NewProp_ExcludedTags_Inner	Label
14cf37f20	Z_Construct_UFunction_UCHPackManager_FilterMediaIntoCategoriesAsync_Statics::NewProp_ExcludedTags	Label
14cf37f60	Z_Construct_UFunction_UCHPackManager_FilterMediaIntoCategoriesAsync_Statics::NewProp_bAssFanaticEnabled	Label
14cf37f60	?NewProp_bAssFanaticEnabled@Z_Construct_UFunction_UCHPackManager_FilterMediaIntoCategoriesAsync_Statics@@2UFBoolPropertyParams@UECodeGen_Private@@B	Label
14cf37fa0	Z_Construct_UFunction_UCHPackManager_FilterMediaIntoCategoriesAsync_Statics::NewProp_bBoobFanaticEnabled	Label
14cf37fa0	?NewProp_bBoobFanaticEnabled@Z_Construct_UFunction_UCHPackManager_FilterMediaIntoCategoriesAsync_Statics@@2UFBoolPropertyParams@UECodeGen_Private@@B	Label
14cf37fe0	Z_Construct_UFunction_UCHPackManager_FilterMediaIntoCategoriesAsync_Statics::NewProp_bFeetFanaticEnabled	Label
14cf37fe0	?NewProp_bFeetFanaticEnabled@Z_Construct_UFunction_UCHPackManager_FilterMediaIntoCategoriesAsync_Statics@@2UFBoolPropertyParams@UECodeGen_Private@@B	Label
14cf38020	Z_Construct_UFunction_UCHPackManager_FilterMediaIntoCategoriesAsync_Statics::NewProp_OutSlowCards_Inner	Label
14cf38020	?NewProp_OutSlowCards_Inner@Z_Construct_UFunction_UCHPackManager_FilterMediaIntoCategoriesAsync_Statics@@2UFStructPropertyParams@UECodeGen_Private@@B	Label
14cf38060	Z_Construct_UFunction_UCHPackManager_FilterMediaIntoCategoriesAsync_Statics::NewProp_OutSlowCards	Label
14cf380a0	Z_Construct_UFunction_UCHPackManager_FilterMediaIntoCategoriesAsync_Statics::NewProp_OutMediumCards_Inner	Label
14cf380a0	?NewProp_OutMediumCards_Inner@Z_Construct_UFunction_UCHPackManager_FilterMediaIntoCategoriesAsync_Statics@@2UFStructPropertyParams@UECodeGen_Private@@B	Label
14cf380e0	Z_Construct_UFunction_UCHPackManager_FilterMediaIntoCategoriesAsync_Statics::NewProp_OutMediumCards	Label
14cf380e0	?NewProp_OutMediumCards@Z_Construct_UFunction_UCHPackManager_FilterMediaIntoCategoriesAsync_Statics@@2UFArrayPropertyParams@UECodeGen_Private@@B	Label
14cf38120	Z_Construct_UFunction_UCHPackManager_FilterMediaIntoCategoriesAsync_Statics::NewProp_OutFastCards_Inner	Label
14cf38120	?NewProp_OutFastCards_Inner@Z_Construct_UFunction_UCHPackManager_FilterMediaIntoCategoriesAsync_Statics@@2UFStructPropertyParams@UECodeGen_Private@@B	Label
14cf38160	Z_Construct_UFunction_UCHPackManager_FilterMediaIntoCategoriesAsync_Statics::NewProp_OutFastCards	Label
14cf38160	?NewProp_OutFastCards@Z_Construct_UFunction_UCHPackManager_FilterMediaIntoCategoriesAsync_Statics@@2UFArrayPropertyParams@UECodeGen_Private@@B	Label
14cf381a0	Z_Construct_UFunction_UCHPackManager_FilterMediaIntoCategoriesAsync_Statics::NewProp_OutCumCards_Inner	Label
14cf381e0	Z_Construct_UFunction_UCHPackManager_FilterMediaIntoCategoriesAsync_Statics::NewProp_OutCumCards	Label
14cf381e0	?NewProp_OutCumCards@Z_Construct_UFunction_UCHPackManager_FilterMediaIntoCategoriesAsync_Statics@@2UFArrayPropertyParams@UECodeGen_Private@@B	Label
14cf38220	Z_Construct_UFunction_UCHPackManager_FilterMediaIntoCategoriesAsync_Statics::NewProp_OutSuccubusCards_Inner	Label
14cf38220	?NewProp_OutSuccubusCards_Inner@Z_Construct_UFunction_UCHPackManager_FilterMediaIntoCategoriesAsync_Statics@@2UFStructPropertyParams@UECodeGen_Private@@B	Label
14cf38260	Z_Construct_UFunction_UCHPackManager_FilterMediaIntoCategoriesAsync_Statics::NewProp_OutSuccubusCards	Label
14cf38260	?NewProp_OutSuccubusCards@Z_Construct_UFunction_UCHPackManager_FilterMediaIntoCategoriesAsync_Statics@@2UFArrayPropertyParams@UECodeGen_Private@@B	Label
14cf382a0	Z_Construct_UFunction_UCHPackManager_FilterMediaIntoCategoriesAsync_Statics::NewProp_OutAssCards_Inner	Label
14cf382a0	?NewProp_OutAssCards_Inner@Z_Construct_UFunction_UCHPackManager_FilterMediaIntoCategoriesAsync_Statics@@2UFStructPropertyParams@UECodeGen_Private@@B	Label
14cf382e0	Z_Construct_UFunction_UCHPackManager_FilterMediaIntoCategoriesAsync_Statics::NewProp_OutAssCards	Label
14cf382e0	?NewProp_OutAssCards@Z_Construct_UFunction_UCHPackManager_FilterMediaIntoCategoriesAsync_Statics@@2UFArrayPropertyParams@UECodeGen_Private@@B	Label
14cf38320	Z_Construct_UFunction_UCHPackManager_FilterMediaIntoCategoriesAsync_Statics::NewProp_OutBoobCards_Inner	Label
14cf38320	?NewProp_OutBoobCards_Inner@Z_Construct_UFunction_UCHPackManager_FilterMediaIntoCategoriesAsync_Statics@@2UFStructPropertyParams@UECodeGen_Private@@B	Label
14cf38360	Z_Construct_UFunction_UCHPackManager_FilterMediaIntoCategoriesAsync_Statics::NewProp_OutBoobCards	Label
14cf38360	?NewProp_OutBoobCards@Z_Construct_UFunction_UCHPackManager_FilterMediaIntoCategoriesAsync_Statics@@2UFArrayPropertyParams@UECodeGen_Private@@B	Label
14cf38398	Z_Construct_UFunction_UCHPackManager_FilterMediaIntoCategoriesAsync_Statics::NewProp_OutProgress	Label
14cf383d0	Z_Construct_UFunction_UCHPackManager_FilterMediaIntoCategoriesAsync_Statics::NewProp_OutProcessedCount	Label
14cf383d0	?NewProp_OutProcessedCount@Z_Construct_UFunction_UCHPackManager_FilterMediaIntoCategoriesAsync_Statics@@2UFGenericPropertyParams@UECodeGen_Private@@B	Label
14cf38408	Z_Construct_UFunction_UCHPackManager_FilterMediaIntoCategoriesAsync_Statics::NewProp_OutTotalCount	Label
14cf38440	Z_Construct_UFunction_UCHPackManager_FilterMediaIntoCategoriesAsync_Statics::NewProp_LatentInfo	Label
14cf38440	?NewProp_LatentInfo@Z_Construct_UFunction_UCHPackManager_FilterMediaIntoCategoriesAsync_Statics@@2UFStructPropertyParams@UECodeGen_Private@@B	Label
14cf38480	Z_Construct_UFunction_UCHPackManager_FilterMediaIntoCategoriesAsync_Statics::NewProp_EntriesPerFrame	Label
14cf384c0	Z_Construct_UFunction_UCHPackManager_FilterMediaIntoCategoriesAsync_Statics::PropPointers	Label
14cf384c0	?PropPointers@Z_Construct_UFunction_UCHPackManager_FilterMediaIntoCategoriesAsync_Statics@@2QBQEBUFPropertyParamsBase@UECodeGen_Private@@B	Label
14cf386c0	Z_Construct_UFunction_UCHPackManager_GetAllChpackPaths_Statics::NewProp_ReturnValue_Inner	Label
14cf386f8	Z_Construct_UFunction_UCHPackManager_GetAllChpackPaths_Statics::NewProp_ReturnValue	Label
14cf386f8	?NewProp_ReturnValue@Z_Construct_UFunction_UCHPackManager_GetAllChpackPaths_Statics@@2UFArrayPropertyParams@UECodeGen_Private@@B	Label
14cf38730	Z_Construct_UFunction_UCHPackManager_GetAllChpackPaths_Statics::PropPointers	Label
14cf38740	Z_Construct_UFunction_UCHPackManager_GetAllPackInfos_Statics::NewProp_ReturnValue_Inner	Label
14cf38740	?NewProp_ReturnValue_Inner@Z_Construct_UFunction_UCHPackManager_GetAllPackInfos_Statics@@2UFStructPropertyParams@UECodeGen_Private@@B	Label
14cf38780	Z_Construct_UFunction_UCHPackManager_GetAllPackInfos_Statics::NewProp_ReturnValue	Label
14cf38780	?NewProp_ReturnValue@Z_Construct_UFunction_UCHPackManager_GetAllPackInfos_Statics@@2UFArrayPropertyParams@UECodeGen_Private@@B	Label
14cf387b8	Z_Construct_UFunction_UCHPackManager_GetAllPackInfos_Statics::PropPointers	Label
14cf387c8	Z_Construct_UFunction_UCHPackManager_GetCurrentFilterProcessed_Statics::NewProp_ReturnValue	Label
14cf38800	Z_Construct_UFunction_UCHPackManager_GetCurrentFilterProcessed_Statics::PropPointers	Label
14cf38808	Z_Construct_UFunction_UCHPackManager_GetCurrentFilterProgress_Statics::NewProp_ReturnValue	Label
14cf38808	?NewProp_ReturnValue@Z_Construct_UFunction_UCHPackManager_GetCurrentFilterProgress_Statics@@2UFGenericPropertyParams@UECodeGen_Private@@B	Label
14cf38840	Z_Construct_UFunction_UCHPackManager_GetCurrentFilterProgress_Statics::PropPointers	Label
14cf38848	Z_Construct_UFunction_UCHPackManager_GetCurrentFilterTotal_Statics::NewProp_ReturnValue	Label
14cf38848	?NewProp_ReturnValue@Z_Construct_UFunction_UCHPackManager_GetCurrentFilterTotal_Statics@@2UFGenericPropertyParams@UECodeGen_Private@@B	Label
14cf38880	Z_Construct_UFunction_UCHPackManager_GetCurrentFilterTotal_Statics::PropPointers	Label
14cf38880	?PropPointers@Z_Construct_UFunction_UCHPackManager_GetCurrentFilterTotal_Statics@@2QBQEBUFPropertyParamsBase@UECodeGen_Private@@B	Label
14cf38888	Z_Construct_UFunction_UCHPackManager_GetExtractedPackNames_Statics::NewProp_ReturnValue_Inner	Label
14cf38888	?NewProp_ReturnValue_Inner@Z_Construct_UFunction_UCHPackManager_GetExtractedPackNames_Statics@@2UFGenericPropertyParams@UECodeGen_Private@@B	Label
14cf388c0	Z_Construct_UFunction_UCHPackManager_GetExtractedPackNames_Statics::NewProp_ReturnValue	Label
14cf388f8	Z_Construct_UFunction_UCHPackManager_GetExtractedPackNames_Statics::PropPointers	Label
14cf38908	Z_Construct_UFunction_UCHPackManager_GetManifestMedia_Statics::NewProp_PackName	Label
14cf38908	?NewProp_PackName@Z_Construct_UFunction_UCHPackManager_GetManifestMedia_Statics@@2UFGenericPropertyParams@UECodeGen_Private@@B	Label
14cf38940	Z_Construct_UFunction_UCHPackManager_GetManifestMedia_Statics::NewProp_ReturnValue_Inner	Label
14cf38940	?NewProp_ReturnValue_Inner@Z_Construct_UFunction_UCHPackManager_GetManifestMedia_Statics@@2UFStructPropertyParams@UECodeGen_Private@@B	Label
14cf38980	Z_Construct_UFunction_UCHPackManager_GetManifestMedia_Statics::NewProp_ReturnValue	Label
14cf38980	?NewProp_ReturnValue@Z_Construct_UFunction_UCHPackManager_GetManifestMedia_Statics@@2UFArrayPropertyParams@UECodeGen_Private@@B	Label
14cf389b8	Z_Construct_UFunction_UCHPackManager_GetManifestMedia_Statics::PropPointers	Label
14cf389b8	?PropPointers@Z_Construct_UFunction_UCHPackManager_GetManifestMedia_Statics@@2QBQEBUFPropertyParamsBase@UECodeGen_Private@@B	Label
14cf389d0	Z_Construct_UFunction_UCHPackManager_LoadManifestFromChpack_Statics::NewProp_ChpackFilePath	Label
14cf389d0	?NewProp_ChpackFilePath@Z_Construct_UFunction_UCHPackManager_LoadManifestFromChpack_Statics@@2UFGenericPropertyParams@UECodeGen_Private@@B	Label
14cf38a10	Z_Construct_UFunction_UCHPackManager_LoadManifestFromChpack_Statics::NewProp_OutManifest	Label
14cf38a50	Z_Construct_UFunction_UCHPackManager_LoadManifestFromChpack_Statics::NewProp_ReturnValue	Label
14cf38a50	?NewProp_ReturnValue@Z_Construct_UFunction_UCHPackManager_LoadManifestFromChpack_Statics@@2UFBoolPropertyParams@UECodeGen_Private@@B	Label
14cf38a90	Z_Construct_UFunction_UCHPackManager_LoadManifestFromChpack_Statics::PropPointers	Label
14cf38a90	?PropPointers@Z_Construct_UFunction_UCHPackManager_LoadManifestFromChpack_Statics@@2QBQEBUFPropertyParamsBase@UECodeGen_Private@@B	Label
14cf38ac8	Z_Construct_UFunction_UCHPackManager_LoadManifestFromJson_Statics::NewProp_ManifestPath	Label
14cf38b00	Z_Construct_UFunction_UCHPackManager_LoadManifestFromJson_Statics::NewProp_OutManifest	Label
14cf38b00	?NewProp_OutManifest@Z_Construct_UFunction_UCHPackManager_LoadManifestFromJson_Statics@@2UFStructPropertyParams@UECodeGen_Private@@B	Label
14cf38b40	Z_Construct_UFunction_UCHPackManager_LoadManifestFromJson_Statics::NewProp_ReturnValue	Label
14cf38b40	?NewProp_ReturnValue@Z_Construct_UFunction_UCHPackManager_LoadManifestFromJson_Statics@@2UFBoolPropertyParams@UECodeGen_Private@@B	Label
14cf38b80	Z_Construct_UFunction_UCHPackManager_LoadManifestFromJson_Statics::PropPointers	Label
14cf38bb0	Z_Construct_UFunction_UCHPackManager_SetPatronStatus_Statics::NewProp_bPatronStatus	Label
14cf38bb0	?NewProp_bPatronStatus@Z_Construct_UFunction_UCHPackManager_SetPatronStatus_Statics@@2UFBoolPropertyParams@UECodeGen_Private@@B	Label
14cf38bf0	Z_Construct_UFunction_UCHPackManager_SetPatronStatus_Statics::PropPointers	Label
14cf38bf0	?PropPointers@Z_Construct_UFunction_UCHPackManager_SetPatronStatus_Statics@@2QBQEBUFPropertyParamsBase@UECodeGen_Private@@B	Label
14cf38c08	Z_Construct_UFunction_UCHPackManager_UpdateManifestWithCounts_Statics::NewProp_PackName	Label
14cf38c08	?NewProp_PackName@Z_Construct_UFunction_UCHPackManager_UpdateManifestWithCounts_Statics@@2UFGenericPropertyParams@UECodeGen_Private@@B	Label
14cf38c40	Z_Construct_UFunction_UCHPackManager_UpdateManifestWithCounts_Statics::NewProp_ReturnValue	Label
14cf38c40	?NewProp_ReturnValue@Z_Construct_UFunction_UCHPackManager_UpdateManifestWithCounts_Statics@@2UFBoolPropertyParams@UECodeGen_Private@@B	Label
14cf38c80	Z_Construct_UFunction_UCHPackManager_UpdateManifestWithCounts_Statics::PropPointers	Label
14cf38c90	Z_Construct_UFunction_UCHPackManager_ValidateMediaEntries_Statics::NewProp_Entries_Inner	Label
14cf38c90	?NewProp_Entries_Inner@Z_Construct_UFunction_UCHPackManager_ValidateMediaEntries_Statics@@2UFStructPropertyParams@UECodeGen_Private@@B	Label
14cf38cd0	Z_Construct_UFunction_UCHPackManager_ValidateMediaEntries_Statics::NewProp_Entries	Label
14cf38cd0	?NewProp_Entries@Z_Construct_UFunction_UCHPackManager_ValidateMediaEntries_Statics@@2UFArrayPropertyParams@UECodeGen_Private@@B	Label
14cf38d10	Z_Construct_UFunction_UCHPackManager_ValidateMediaEntries_Statics::NewProp_ReturnValue_Inner	Label
14cf38d10	?NewProp_ReturnValue_Inner@Z_Construct_UFunction_UCHPackManager_ValidateMediaEntries_Statics@@2UFStructPropertyParams@UECodeGen_Private@@B	Label
14cf38d50	Z_Construct_UFunction_UCHPackManager_ValidateMediaEntries_Statics::NewProp_ReturnValue	Label
14cf38d88	Z_Construct_UFunction_UCHPackManager_ValidateMediaEntries_Statics::PropPointers	Label
14cf38dc8	Z_Construct_UClass_UCHPackManager_Statics::DependentSingletons	Label
14cf38dc8	?DependentSingletons@Z_Construct_UClass_UCHPackManager_Statics@@2QBQ6APEAVUObject@@XZB	Label
14cf38de0	Z_Construct_UClass_UCHPackManager_Statics::FuncInfo	Label
14cf38de0	?FuncInfo@Z_Construct_UClass_UCHPackManager_Statics@@2QBUFClassFunctionLinkInfo@@B	Label
14cf38ed0	Z_Construct_UClass_UCHPackManager_Statics::StaticCppClassTypeInfo	Label
14cf38ed0	?StaticCppClassTypeInfo@Z_Construct_UClass_UCHPackManager_Statics@@2UFCppClassTypeInfoStatic@@B	Label
14cf38ee0	Z_Construct_UClass_UCHPackManager_Statics::ClassParams	Label
14cf38ee0	?ClassParams@Z_Construct_UClass_UCHPackManager_Statics@@2UFClassParams@UECodeGen_Private@@B	Label
14cf38fe0	UCHPackManager::`vftable'	Label
14cf38fe0	??_7UCHPackManager@@6B@	Label
14cf39298	UScriptStruct::TCppStructOps<FCHPackMediaEntry>::`vftable'	Label
14cf39340	UScriptStruct::TCppStructOps<FCHPackManifest>::`vftable'	Label
14cf39340	??_7?$TCppStructOps@UFCHPackManifest@@@UScriptStruct@@6B@	Label
14cf396c0	Z_Construct_UFunction_UFFmpegManager_DecodeAndUploadFrames_Statics::NewProp_TargetFPS	Label
14cf396f8	Z_Construct_UFunction_UFFmpegManager_DecodeAndUploadFrames_Statics::NewProp_PlayRate	Label
14cf396f8	?NewProp_PlayRate@Z_Construct_UFunction_UFFmpegManager_DecodeAndUploadFrames_Statics@@2UFGenericPropertyParams@UECodeGen_Private@@B	Label
14cf39730	Z_Construct_UFunction_UFFmpegManager_DecodeAndUploadFrames_Statics::PropPointers	Label
14cf39730	?PropPointers@Z_Construct_UFunction_UFFmpegManager_DecodeAndUploadFrames_Statics@@2QBQEBUFPropertyParamsBase@UECodeGen_Private@@B	Label
14cf39750	Z_Construct_UFunction_UFFmpegManager_OpenVideo_Statics::NewProp_FilePath	Label
14cf39750	?NewProp_FilePath@Z_Construct_UFunction_UFFmpegManager_OpenVideo_Statics@@2UFGenericPropertyParams@UECodeGen_Private@@B	Label
14cf39790	Z_Construct_UFunction_UFFmpegManager_OpenVideo_Statics::NewProp_ReturnValue	Label
14cf397d0	Z_Construct_UFunction_UFFmpegManager_OpenVideo_Statics::PropPointers	Label
14cf39800	Z_Construct_UClass_UFFmpegManager_Statics::DependentSingletons	Label
14cf39800	?DependentSingletons@Z_Construct_UClass_UFFmpegManager_Statics@@2QBQ6APEAVUObject@@XZB	Label
14cf39810	Z_Construct_UClass_UFFmpegManager_Statics::FuncInfo	Label
14cf39810	?FuncInfo@Z_Construct_UClass_UFFmpegManager_Statics@@2QBUFClassFunctionLinkInfo@@B	Label
14cf39850	Z_Construct_UClass_UFFmpegManager_Statics::NewProp_DynamicTexture	Label
14cf39890	Z_Construct_UClass_UFFmpegManager_Statics::PropPointers	Label
14cf39890	?PropPointers@Z_Construct_UClass_UFFmpegManager_Statics@@2QBQEBUFPropertyParamsBase@UECodeGen_Private@@B	Label
14cf39898	Z_Construct_UClass_UFFmpegManager_Statics::StaticCppClassTypeInfo	Label
14cf398a0	Z_Construct_UClass_UFFmpegManager_Statics::ClassParams	Label
14cf398a0	?ClassParams@Z_Construct_UClass_UFFmpegManager_Statics@@2UFClassParams@UECodeGen_Private@@B	Label
14cf39920	UFFmpegManager::`vftable'	Label
14cf3a000	Z_Construct_UFunction_UFileImportManager_AddFiles_Statics::NewProp_FilePaths_Inner	Label
14cf3a038	Z_Construct_UFunction_UFileImportManager_AddFiles_Statics::NewProp_FilePaths	Label
14cf3a070	Z_Construct_UFunction_UFileImportManager_AddFiles_Statics::PropPointers	Label
14cf3a070	?PropPointers@Z_Construct_UFunction_UFileImportManager_AddFiles_Statics@@2QBQEBUFPropertyParamsBase@UECodeGen_Private@@B	Label
14cf3a090	Z_Construct_UFunction_UFileImportManager_BrowseForDirectory_Statics::NewProp_OutDirectory	Label
14cf3a0d0	Z_Construct_UFunction_UFileImportManager_BrowseForDirectory_Statics::NewProp_ReturnValue	Label
14cf3a0d0	?NewProp_ReturnValue@Z_Construct_UFunction_UFileImportManager_BrowseForDirectory_Statics@@2UFBoolPropertyParams@UECodeGen_Private@@B	Label
14cf3a110	Z_Construct_UFunction_UFileImportManager_BrowseForDirectory_Statics::PropPointers	Label
14cf3a110	?PropPointers@Z_Construct_UFunction_UFileImportManager_BrowseForDirectory_Statics@@2QBQEBUFPropertyParamsBase@UECodeGen_Private@@B	Label
14cf3a130	Z_Construct_UFunction_UFileImportManager_BrowseForFiles_Statics::NewProp_OutFiles_Inner	Label
14cf3a130	?NewProp_OutFiles_Inner@Z_Construct_UFunction_UFileImportManager_BrowseForFiles_Statics@@2UFGenericPropertyParams@UECodeGen_Private@@B	Label
14cf3a168	Z_Construct_UFunction_UFileImportManager_BrowseForFiles_Statics::NewProp_OutFiles	Label
14cf3a168	?NewProp_OutFiles@Z_Construct_UFunction_UFileImportManager_BrowseForFiles_Statics@@2UFArrayPropertyParams@UECodeGen_Private@@B	Label
14cf3a1a0	Z_Construct_UFunction_UFileImportManager_BrowseForFiles_Statics::NewProp_ReturnValue	Label
14cf3a1a0	?NewProp_ReturnValue@Z_Construct_UFunction_UFileImportManager_BrowseForFiles_Statics@@2UFBoolPropertyParams@UECodeGen_Private@@B	Label
14cf3a1e0	Z_Construct_UFunction_UFileImportManager_BrowseForFiles_Statics::PropPointers	Label
14cf3a208	Z_Construct_UFunction_UFileImportManager_DeletePresetFromSaveGame_Statics::NewProp_PresetName	Label
14cf3a208	?NewProp_PresetName@Z_Construct_UFunction_UFileImportManager_DeletePresetFromSaveGame_Statics@@2UFGenericPropertyParams@UECodeGen_Private@@B	Label
14cf3a240	Z_Construct_UFunction_UFileImportManager_DeletePresetFromSaveGame_Statics::NewProp_SaveGameRef	Label
14cf3a280	Z_Construct_UFunction_UFileImportManager_DeletePresetFromSaveGame_Statics::NewProp_ReturnValue	Label
14cf3a280	?NewProp_ReturnValue@Z_Construct_UFunction_UFileImportManager_DeletePresetFromSaveGame_Statics@@2UFBoolPropertyParams@UECodeGen_Private@@B	Label
14cf3a2c0	Z_Construct_UFunction_UFileImportManager_DeletePresetFromSaveGame_Statics::PropPointers	Label
14cf3a2c0	?PropPointers@Z_Construct_UFunction_UFileImportManager_DeletePresetFromSaveGame_Statics@@2QBQEBUFPropertyParamsBase@UECodeGen_Private@@B	Label
14cf3a2f0	Z_Construct_UFunction_UFileImportManager_GetAllPresetNamesFromSaveGame_Statics::NewProp_SaveGameRef	Label
14cf3a2f0	?NewProp_SaveGameRef@Z_Construct_UFunction_UFileImportManager_GetAllPresetNamesFromSaveGame_Statics@@2UFObjectPropertyParams@UECodeGen_Private@@B	Label
14cf3a330	Z_Construct_UFunction_UFileImportManager_GetAllPresetNamesFromSaveGame_Statics::NewProp_ReturnValue_Inner	Label
14cf3a330	?NewProp_ReturnValue_Inner@Z_Construct_UFunction_UFileImportManager_GetAllPresetNamesFromSaveGame_Statics@@2UFGenericPropertyParams@UECodeGen_Private@@B	Label
14cf3a368	Z_Construct_UFunction_UFileImportManager_GetAllPresetNamesFromSaveGame_Statics::NewProp_ReturnValue	Label
14cf3a368	?NewProp_ReturnValue@Z_Construct_UFunction_UFileImportManager_GetAllPresetNamesFromSaveGame_Statics@@2UFArrayPropertyParams@UECodeGen_Private@@B	Label
14cf3a3a0	Z_Construct_UFunction_UFileImportManager_GetAllPresetNamesFromSaveGame_Statics::PropPointers	Label
14cf3a3b8	Z_Construct_UFunction_UFileImportManager_GetImageCount_Statics::NewProp_ReturnValue	Label
14cf3a3b8	?NewProp_ReturnValue@Z_Construct_UFunction_UFileImportManager_GetImageCount_Statics@@2UFGenericPropertyParams@UECodeGen_Private@@B	Label
14cf3a3f0	Z_Construct_UFunction_UFileImportManager_GetImageCount_Statics::PropPointers	Label
14cf3a3f0	?PropPointers@Z_Construct_UFunction_UFileImportManager_GetImageCount_Statics@@2QBQEBUFPropertyParamsBase@UECodeGen_Private@@B	Label
14cf3a400	Z_Construct_UFunction_UFileImportManager_GetImportedFiles_Statics::NewProp_ReturnValue_Inner	Label
14cf3a440	Z_Construct_UFunction_UFileImportManager_GetImportedFiles_Statics::NewProp_ReturnValue	Label
14cf3a478	Z_Construct_UFunction_UFileImportManager_GetImportedFiles_Statics::PropPointers	Label
14cf3a478	?PropPointers@Z_Construct_UFunction_UFileImportManager_GetImportedFiles_Statics@@2QBQEBUFPropertyParamsBase@UECodeGen_Private@@B	Label
14cf3a490	Z_Construct_UFunction_UFileImportManager_GetImportedMediaEntries_Statics::NewProp_ReturnValue_Inner	Label
14cf3a490	?NewProp_ReturnValue_Inner@Z_Construct_UFunction_UFileImportManager_GetImportedMediaEntries_Statics@@2UFStructPropertyParams@UECodeGen_Private@@B	Label
14cf3a4d0	Z_Construct_UFunction_UFileImportManager_GetImportedMediaEntries_Statics::NewProp_ReturnValue	Label
14cf3a4d0	?NewProp_ReturnValue@Z_Construct_UFunction_UFileImportManager_GetImportedMediaEntries_Statics@@2UFArrayPropertyParams@UECodeGen_Private@@B	Label
14cf3a508	Z_Construct_UFunction_UFileImportManager_GetImportedMediaEntries_Statics::PropPointers	Label
14cf3a508	?PropPointers@Z_Construct_UFunction_UFileImportManager_GetImportedMediaEntries_Statics@@2QBQEBUFPropertyParamsBase@UECodeGen_Private@@B	Label
14cf3a518	Z_Construct_UFunction_UFileImportManager_GetMediaCountText_Statics::NewProp_ReturnValue	Label
14cf3a518	?NewProp_ReturnValue@Z_Construct_UFunction_UFileImportManager_GetMediaCountText_Statics@@2UFGenericPropertyParams@UECodeGen_Private@@B	Label
14cf3a550	Z_Construct_UFunction_UFileImportManager_GetMediaCountText_Statics::PropPointers	Label
14cf3a550	?PropPointers@Z_Construct_UFunction_UFileImportManager_GetMediaCountText_Statics@@2QBQEBUFPropertyParamsBase@UECodeGen_Private@@B	Label
14cf3a558	Z_Construct_UFunction_UFileImportManager_GetVideoCount_Statics::NewProp_ReturnValue	Label
14cf3a558	?NewProp_ReturnValue@Z_Construct_UFunction_UFileImportManager_GetVideoCount_Statics@@2UFGenericPropertyParams@UECodeGen_Private@@B	Label
14cf3a590	Z_Construct_UFunction_UFileImportManager_GetVideoCount_Statics::PropPointers	Label
14cf3a590	?PropPointers@Z_Construct_UFunction_UFileImportManager_GetVideoCount_Statics@@2QBQEBUFPropertyParamsBase@UECodeGen_Private@@B	Label
14cf3a598	Z_Construct_UFunction_UFileImportManager_LoadPresetFromSaveGame_Statics::NewProp_PresetName	Label
14cf3a5d0	Z_Construct_UFunction_UFileImportManager_LoadPresetFromSaveGame_Statics::NewProp_SaveGameRef	Label
14cf3a5d0	?NewProp_SaveGameRef@Z_Construct_UFunction_UFileImportManager_LoadPresetFromSaveGame_Statics@@2UFObjectPropertyParams@UECodeGen_Private@@B	Label
14cf3a610	Z_Construct_UFunction_UFileImportManager_LoadPresetFromSaveGame_Statics::NewProp_ReturnValue	Label
14cf3a650	Z_Construct_UFunction_UFileImportManager_LoadPresetFromSaveGame_Statics::PropPointers	Label
14cf3a650	?PropPointers@Z_Construct_UFunction_UFileImportManager_LoadPresetFromSaveGame_Statics@@2QBQEBUFPropertyParamsBase@UECodeGen_Private@@B	Label
14cf3a668	Z_Construct_UFunction_UFileImportManager_RemoveFile_Statics::NewProp_FilePath	Label
14cf3a6a0	Z_Construct_UFunction_UFileImportManager_RemoveFile_Statics::PropPointers	Label
14cf3a6a8	Z_Construct_UFunction_UFileImportManager_SavePresetToSaveGame_Statics::NewProp_PresetName	Label
14cf3a6e0	Z_Construct_UFunction_UFileImportManager_SavePresetToSaveGame_Statics::NewProp_SaveGameRef	Label
14cf3a6e0	?NewProp_SaveGameRef@Z_Construct_UFunction_UFileImportManager_SavePresetToSaveGame_Statics@@2UFObjectPropertyParams@UECodeGen_Private@@B	Label
14cf3a720	Z_Construct_UFunction_UFileImportManager_SavePresetToSaveGame_Statics::NewProp_ReturnValue	Label
14cf3a760	Z_Construct_UFunction_UFileImportManager_SavePresetToSaveGame_Statics::PropPointers	Label
14cf3a778	Z_Construct_UFunction_UFileImportManager_SetFileEnabled_Statics::NewProp_FilePath	Label
14cf3a7b0	Z_Construct_UFunction_UFileImportManager_SetFileEnabled_Statics::NewProp_bEnabled	Label
14cf3a7b0	?NewProp_bEnabled@Z_Construct_UFunction_UFileImportManager_SetFileEnabled_Statics@@2UFBoolPropertyParams@UECodeGen_Private@@B	Label
14cf3a7f0	Z_Construct_UFunction_UFileImportManager_SetFileEnabled_Statics::PropPointers	Label
14cf3a7f0	?PropPointers@Z_Construct_UFunction_UFileImportManager_SetFileEnabled_Statics@@2QBQEBUFPropertyParamsBase@UECodeGen_Private@@B	Label
14cf3a800	Z_Construct_UFunction_UFileImportManager_VerifyFileExists_Statics::NewProp_FilePath	Label
14cf3a840	Z_Construct_UFunction_UFileImportManager_VerifyFileExists_Statics::NewProp_ReturnValue	Label
14cf3a840	?NewProp_ReturnValue@Z_Construct_UFunction_UFileImportManager_VerifyFileExists_Statics@@2UFBoolPropertyParams@UECodeGen_Private@@B	Label
14cf3a880	Z_Construct_UFunction_UFileImportManager_VerifyFileExists_Statics::PropPointers	Label
14cf3a880	?PropPointers@Z_Construct_UFunction_UFileImportManager_VerifyFileExists_Statics@@2QBQEBUFPropertyParamsBase@UECodeGen_Private@@B	Label
14cf3a8b8	Z_Construct_UClass_UFileImportManager_Statics::DependentSingletons	Label
14cf3a8b8	?DependentSingletons@Z_Construct_UClass_UFileImportManager_Statics@@2QBQ6APEAVUObject@@XZB	Label
14cf3a8d0	Z_Construct_UClass_UFileImportManager_Statics::FuncInfo	Label
14cf3a9e0	Z_Construct_UClass_UFileImportManager_Statics::NewProp_ImportedFiles_Inner	Label
14cf3a9e0	?NewProp_ImportedFiles_Inner@Z_Construct_UClass_UFileImportManager_Statics@@2UFStructPropertyParams@UECodeGen_Private@@B	Label
14cf3aa20	Z_Construct_UClass_UFileImportManager_Statics::NewProp_ImportedFiles	Label
14cf3aa58	Z_Construct_UClass_UFileImportManager_Statics::NewProp_WatchedDirectories_Inner	Label
14cf3aa90	Z_Construct_UClass_UFileImportManager_Statics::NewProp_WatchedDirectories	Label
14cf3aa90	?NewProp_WatchedDirectories@Z_Construct_UClass_UFileImportManager_Statics@@2UFArrayPropertyParams@UECodeGen_Private@@B	Label
14cf3aac8	Z_Construct_UClass_UFileImportManager_Statics::PropPointers	Label
14cf3aac8	?PropPointers@Z_Construct_UClass_UFileImportManager_Statics@@2QBQEBUFPropertyParamsBase@UECodeGen_Private@@B	Label
14cf3aae8	Z_Construct_UClass_UFileImportManager_Statics::StaticCppClassTypeInfo	Label
14cf3aaf0	Z_Construct_UClass_UFileImportManager_Statics::ClassParams	Label
14cf3aaf0	?ClassParams@Z_Construct_UClass_UFileImportManager_Statics@@2UFClassParams@UECodeGen_Private@@B	Label
14cf3abc0	UFileImportManager::`vftable'	Label
14cf3abc0	??_7UFileImportManager@@6B@	Label
14cf3b130	Z_Construct_UFunction_UHandyManager_Init_Statics::NewProp_InAppID	Label
14cf3b130	?NewProp_InAppID@Z_Construct_UFunction_UHandyManager_Init_Statics@@2UFGenericPropertyParams@UECodeGen_Private@@B	Label
14cf3b168	Z_Construct_UFunction_UHandyManager_Init_Statics::PropPointers	Label
14cf3b180	Z_Construct_UFunction_UHandyManager_IsConnected_Statics::NewProp_ReturnValue	Label
14cf3b180	?NewProp_ReturnValue@Z_Construct_UFunction_UHandyManager_IsConnected_Statics@@2UFBoolPropertyParams@UECodeGen_Private@@B	Label
14cf3b1c0	Z_Construct_UFunction_UHandyManager_IsConnected_Statics::PropPointers	Label
14cf3b1c0	?PropPointers@Z_Construct_UFunction_UHandyManager_IsConnected_Statics@@2QBQEBUFPropertyParamsBase@UECodeGen_Private@@B	Label
14cf3b1c8	Z_Construct_UFunction_UHandyManager_SendHDSPBeatCycle_Statics::NewProp_BeatInterval	Label
14cf3b1c8	?NewProp_BeatInterval@Z_Construct_UFunction_UHandyManager_SendHDSPBeatCycle_Statics@@2UFGenericPropertyParams@UECodeGen_Private@@B	Label
14cf3b200	Z_Construct_UFunction_UHandyManager_SendHDSPBeatCycle_Statics::PropPointers	Label
14cf3b218	Z_Construct_UFunction_UHandyManager_SendPace_Statics::NewProp_Speed	Label
14cf3b250	Z_Construct_UFunction_UHandyManager_SendPace_Statics::PropPointers	Label
14cf3b258	Z_Construct_UFunction_UHandyManager_SetConnectionKey_Statics::NewProp_InKey	Label
14cf3b258	?NewProp_InKey@Z_Construct_UFunction_UHandyManager_SetConnectionKey_Statics@@2UFGenericPropertyParams@UECodeGen_Private@@B	Label
14cf3b290	Z_Construct_UFunction_UHandyManager_SetConnectionKey_Statics::PropPointers	Label
14cf3b290	?PropPointers@Z_Construct_UFunction_UHandyManager_SetConnectionKey_Statics@@2QBQEBUFPropertyParamsBase@UECodeGen_Private@@B	Label
14cf3b2b8	Z_Construct_UClass_UHandyManager_Statics::DependentSingletons	Label
14cf3b2b8	?DependentSingletons@Z_Construct_UClass_UHandyManager_Statics@@2QBQ6APEAVUObject@@XZB	Label
14cf3b2d0	Z_Construct_UClass_UHandyManager_Statics::FuncInfo	Label
14cf3b2d0	?FuncInfo@Z_Construct_UClass_UHandyManager_Statics@@2QBUFClassFunctionLinkInfo@@B	Label
14cf3b330	Z_Construct_UClass_UHandyManager_Statics::StaticCppClassTypeInfo	Label
14cf3b330	?StaticCppClassTypeInfo@Z_Construct_UClass_UHandyManager_Statics@@2UFCppClassTypeInfoStatic@@B	Label
14cf3b340	Z_Construct_UClass_UHandyManager_Statics::ClassParams	Label
14cf3b3b0	UHandyManager::`vftable'	Label
14cf3b3b0	??_7UHandyManager@@6B@	Label
14cf3e3f0	Z_Construct_UFunction_UMediaPlaybackController_UpdateBeatInterval_Statics::NewProp_NewBeatInterval	Label
14cf3e428	Z_Construct_UFunction_UMediaPlaybackController_UpdateBeatInterval_Statics::PropPointers	Label
14cf3e428	?PropPointers@Z_Construct_UFunction_UMediaPlaybackController_UpdateBeatInterval_Statics@@2QBQEBUFPropertyParamsBase@UECodeGen_Private@@B	Label
14cf3e430	Z_Construct_UFunction_UMediaPlaybackController_UpdateSpeedItemMultiplier_Statics::NewProp_NewMultiplier	Label
14cf3e430	?NewProp_NewMultiplier@Z_Construct_UFunction_UMediaPlaybackController_UpdateSpeedItemMultiplier_Statics@@2UFGenericPropertyParams@UECodeGen_Private@@B	Label
14cf3e468	Z_Construct_UFunction_UMediaPlaybackController_UpdateSpeedItemMultiplier_Statics::PropPointers	Label
14cf3e468	?PropPointers@Z_Construct_UFunction_UMediaPlaybackController_UpdateSpeedItemMultiplier_Statics@@2QBQEBUFPropertyParamsBase@UECodeGen_Private@@B	Label
14cf3e4b8	Z_Construct_UClass_UMediaPlaybackController_Statics::DependentSingletons	Label
14cf3e4b8	?DependentSingletons@Z_Construct_UClass_UMediaPlaybackController_Statics@@2QBQ6APEAVUObject@@XZB	Label
14cf3e4d0	Z_Construct_UClass_UMediaPlaybackController_Statics::FuncInfo	Label
14cf3e4d0	?FuncInfo@Z_Construct_UClass_UMediaPlaybackController_Statics@@2QBUFClassFunctionLinkInfo@@B	Label
14cf3e630	Z_Construct_UClass_UMediaPlaybackController_Statics::NewProp_bHasInitialSync	Label
14cf3e630	?NewProp_bHasInitialSync@Z_Construct_UClass_UMediaPlaybackController_Statics@@2UFBoolPropertyParams@UECodeGen_Private@@B	Label
14cf3e670	Z_Construct_UClass_UMediaPlaybackController_Statics::NewProp_bBeatSyncEnabled	Label
14cf3e670	?NewProp_bBeatSyncEnabled@Z_Construct_UClass_UMediaPlaybackController_Statics@@2UFBoolPropertyParams@UECodeGen_Private@@B	Label
14cf3e6b0	Z_Construct_UClass_UMediaPlaybackController_Statics::NewProp_CropModePreference_Underlying	Label
14cf3e6b0	?NewProp_CropModePreference_Underlying@Z_Construct_UClass_UMediaPlaybackController_Statics@@2UFBytePropertyParams@UECodeGen_Private@@B	Label
14cf3e6f0	Z_Construct_UClass_UMediaPlaybackController_Statics::NewProp_CropModePreference	Label
14cf3e6f0	?NewProp_CropModePreference@Z_Construct_UClass_UMediaPlaybackController_Statics@@2UFEnumPropertyParams@UECodeGen_Private@@B	Label
14cf3e730	Z_Construct_UClass_UMediaPlaybackController_Statics::NewProp_StreamingVideoCurrentFrame	Label
14cf3e730	?NewProp_StreamingVideoCurrentFrame@Z_Construct_UClass_UMediaPlaybackController_Statics@@2UFGenericPropertyParams@UECodeGen_Private@@B	Label
14cf3e768	Z_Construct_UClass_UMediaPlaybackController_Statics::NewProp_StreamingLastFrameTime	Label
14cf3e768	?NewProp_StreamingLastFrameTime@Z_Construct_UClass_UMediaPlaybackController_Statics@@2UFGenericPropertyParams@UECodeGen_Private@@B	Label
14cf3e7a0	Z_Construct_UClass_UMediaPlaybackController_Statics::NewProp_StreamingLastVideoPath	Label
14cf3e7a0	?NewProp_StreamingLastVideoPath@Z_Construct_UClass_UMediaPlaybackController_Statics@@2UFGenericPropertyParams@UECodeGen_Private@@B	Label
14cf3e7e0	Z_Construct_UClass_UMediaPlaybackController_Statics::NewProp_bStreamingVideoInitialized	Label
14cf3e7e0	?NewProp_bStreamingVideoInitialized@Z_Construct_UClass_UMediaPlaybackController_Statics@@2UFBoolPropertyParams@UECodeGen_Private@@B	Label
14cf3e820	Z_Construct_UClass_UMediaPlaybackController_Statics::NewProp_LatencyManager	Label
14cf3e820	?NewProp_LatencyManager@Z_Construct_UClass_UMediaPlaybackController_Statics@@2UFObjectPropertyParams@UECodeGen_Private@@B	Label
14cf3e860	Z_Construct_UClass_UMediaPlaybackController_Statics::NewProp_BoundScaleBox	Label
14cf3e860	?NewProp_BoundScaleBox@Z_Construct_UClass_UMediaPlaybackController_Statics@@2UFObjectPropertyParams@UECodeGen_Private@@B	Label
14cf3e8a0	Z_Construct_UClass_UMediaPlaybackController_Statics::NewProp_MasterTimeReference	Label
14cf3e8a0	?NewProp_MasterTimeReference@Z_Construct_UClass_UMediaPlaybackController_Statics@@2UFGenericPropertyParams@UECodeGen_Private@@B	Label
14cf3e8d8	Z_Construct_UClass_UMediaPlaybackController_Statics::NewProp_TimelineOffset	Label
14cf3e8d8	?NewProp_TimelineOffset@Z_Construct_UClass_UMediaPlaybackController_Statics@@2UFGenericPropertyParams@UECodeGen_Private@@B	Label
14cf3e910	Z_Construct_UClass_UMediaPlaybackController_Statics::NewProp_bUseSyncStartTime	Label
14cf3e950	Z_Construct_UClass_UMediaPlaybackController_Statics::NewProp_SyncStartTime	Label
14cf3e988	Z_Construct_UClass_UMediaPlaybackController_Statics::NewProp_BeatTravelTimeOffset	Label
14cf3e988	?NewProp_BeatTravelTimeOffset@Z_Construct_UClass_UMediaPlaybackController_Statics@@2UFGenericPropertyParams@UECodeGen_Private@@B	Label
14cf3e9c0	Z_Construct_UClass_UMediaPlaybackController_Statics::NewProp_StaticImageTexture	Label
14cf3e9c0	?NewProp_StaticImageTexture@Z_Construct_UClass_UMediaPlaybackController_Statics@@2UFObjectPropertyParams@UECodeGen_Private@@B	Label
14cf3ea00	Z_Construct_UClass_UMediaPlaybackController_Statics::NewProp_BoundWidget	Label
14cf3ea00	?NewProp_BoundWidget@Z_Construct_UClass_UMediaPlaybackController_Statics@@2UFObjectPropertyParams@UECodeGen_Private@@B	Label
14cf3ea40	Z_Construct_UClass_UMediaPlaybackController_Statics::NewProp_PendingStaticTexture	Label
14cf3ea80	Z_Construct_UClass_UMediaPlaybackController_Statics::NewProp_DynamicTexture	Label
14cf3ea80	?NewProp_DynamicTexture@Z_Construct_UClass_UMediaPlaybackController_Statics@@2UFObjectPropertyParams@UECodeGen_Private@@B	Label
14cf3eac0	Z_Construct_UClass_UMediaPlaybackController_Statics::PropPointers	Label
14cf3eac0	?PropPointers@Z_Construct_UClass_UMediaPlaybackController_Statics@@2QBQEBUFPropertyParamsBase@UECodeGen_Private@@B	Label
14cf3eb58	Z_Construct_UClass_UMediaPlaybackController_Statics::StaticCppClassTypeInfo	Label
14cf3eb60	Z_Construct_UClass_UMediaPlaybackController_Statics::ClassParams	Label
14cf3eb60	?ClassParams@Z_Construct_UClass_UMediaPlaybackController_Statics@@2UFClassParams@UECodeGen_Private@@B	Label
14cf3f0b0	Z_Construct_UFunction_UMediaPlaybackController_EnableBeatPatternSync_Statics::NewProp_bEnable	Label
14cf3f0b0	?NewProp_bEnable@Z_Construct_UFunction_UMediaPlaybackController_EnableBeatPatternSync_Statics@@2UFBoolPropertyParams@UECodeGen_Private@@B	Label
14cf3f0f0	Z_Construct_UFunction_UMediaPlaybackController_EnableBeatPatternSync_Statics::PropPointers	Label
14cf3f0f8	Z_Construct_UFunction_UMediaPlaybackController_FindVideoFile_Statics::NewProp_BaseFileName	Label
14cf3f0f8	?NewProp_BaseFileName@Z_Construct_UFunction_UMediaPlaybackController_FindVideoFile_Statics@@2UFGenericPropertyParams@UECodeGen_Private@@B	Label
14cf3f130	Z_Construct_UFunction_UMediaPlaybackController_FindVideoFile_Statics::NewProp_ReturnValue	Label
14cf3f130	?NewProp_ReturnValue@Z_Construct_UFunction_UMediaPlaybackController_FindVideoFile_Statics@@2UFGenericPropertyParams@UECodeGen_Private@@B	Label
14cf3f168	Z_Construct_UFunction_UMediaPlaybackController_FindVideoFile_Statics::PropPointers	Label
14cf3f168	?PropPointers@Z_Construct_UFunction_UMediaPlaybackController_FindVideoFile_Statics@@2QBQEBUFPropertyParamsBase@UECodeGen_Private@@B	Label
14cf3f188	Z_Construct_UFunction_UMediaPlaybackController_GetCurrentBeatIndex_Statics::NewProp_ReturnValue	Label
14cf3f1c0	Z_Construct_UFunction_UMediaPlaybackController_GetCurrentBeatIndex_Statics::PropPointers	Label
14cf3f1c0	?PropPointers@Z_Construct_UFunction_UMediaPlaybackController_GetCurrentBeatIndex_Statics@@2QBQEBUFPropertyParamsBase@UECodeGen_Private@@B	Label
14cf3f1c8	Z_Construct_UFunction_UMediaPlaybackController_GetCurrentFrameIndex_Statics::NewProp_ReturnValue	Label
14cf3f1c8	?NewProp_ReturnValue@Z_Construct_UFunction_UMediaPlaybackController_GetCurrentFrameIndex_Statics@@2UFGenericPropertyParams@UECodeGen_Private@@B	Label
14cf3f200	Z_Construct_UFunction_UMediaPlaybackController_GetCurrentFrameIndex_Statics::PropPointers	Label
14cf3f208	Z_Construct_UFunction_UMediaPlaybackController_GetMasterTimelinePosition_Statics::NewProp_ReturnValue	Label
14cf3f208	?NewProp_ReturnValue@Z_Construct_UFunction_UMediaPlaybackController_GetMasterTimelinePosition_Statics@@2UFGenericPropertyParams@UECodeGen_Private@@B	Label
14cf3f240	Z_Construct_UFunction_UMediaPlaybackController_GetMasterTimelinePosition_Statics::PropPointers	Label
14cf3f250	Z_Construct_UFunction_UMediaPlaybackController_GetPlaybackMode_Statics::NewProp_ReturnValue_Underlying	Label
14cf3f250	?NewProp_ReturnValue_Underlying@Z_Construct_UFunction_UMediaPlaybackController_GetPlaybackMode_Statics@@2UFBytePropertyParams@UECodeGen_Private@@B	Label
14cf3f290	Z_Construct_UFunction_UMediaPlaybackController_GetPlaybackMode_Statics::NewProp_ReturnValue	Label
14cf3f290	?NewProp_ReturnValue@Z_Construct_UFunction_UMediaPlaybackController_GetPlaybackMode_Statics@@2UFEnumPropertyParams@UECodeGen_Private@@B	Label
14cf3f2d0	Z_Construct_UFunction_UMediaPlaybackController_GetPlaybackMode_Statics::PropPointers	Label
14cf3f2d0	?PropPointers@Z_Construct_UFunction_UMediaPlaybackController_GetPlaybackMode_Statics@@2QBQEBUFPropertyParamsBase@UECodeGen_Private@@B	Label
14cf3f2e0	Z_Construct_UFunction_UMediaPlaybackController_GetTotalFrameCount_Statics::NewProp_ReturnValue	Label
14cf3f318	Z_Construct_UFunction_UMediaPlaybackController_GetTotalFrameCount_Statics::PropPointers	Label
14cf3f318	?PropPointers@Z_Construct_UFunction_UMediaPlaybackController_GetTotalFrameCount_Statics@@2QBQEBUFPropertyParamsBase@UECodeGen_Private@@B	Label
14cf3f320	Z_Construct_UFunction_UMediaPlaybackController_GetVideoDuration_Statics::NewProp_ReturnValue	Label
14cf3f320	?NewProp_ReturnValue@Z_Construct_UFunction_UMediaPlaybackController_GetVideoDuration_Statics@@2UFGenericPropertyParams@UECodeGen_Private@@B	Label
14cf3f358	Z_Construct_UFunction_UMediaPlaybackController_GetVideoDuration_Statics::PropPointers	Label
14cf3f358	?PropPointers@Z_Construct_UFunction_UMediaPlaybackController_GetVideoDuration_Statics@@2QBQEBUFPropertyParamsBase@UECodeGen_Private@@B	Label
14cf3f360	Z_Construct_UFunction_UMediaPlaybackController_IsPlaying_Statics::NewProp_ReturnValue	Label
14cf3f360	?NewProp_ReturnValue@Z_Construct_UFunction_UMediaPlaybackController_IsPlaying_Statics@@2UFBoolPropertyParams@UECodeGen_Private@@B	Label
14cf3f3a0	Z_Construct_UFunction_UMediaPlaybackController_IsPlaying_Statics::PropPointers	Label
14cf3f3a8	Z_Construct_UFunction_UMediaPlaybackController_LoadStaticImage_Statics::NewProp_FilePath	Label
14cf3f3a8	?NewProp_FilePath@Z_Construct_UFunction_UMediaPlaybackController_LoadStaticImage_Statics@@2UFGenericPropertyParams@UECodeGen_Private@@B	Label
14cf3f3e0	Z_Construct_UFunction_UMediaPlaybackController_LoadStaticImage_Statics::NewProp_ReturnValue	Label
14cf3f3e0	?NewProp_ReturnValue@Z_Construct_UFunction_UMediaPlaybackController_LoadStaticImage_Statics@@2UFBoolPropertyParams@UECodeGen_Private@@B	Label
14cf3f420	Z_Construct_UFunction_UMediaPlaybackController_LoadStaticImage_Statics::PropPointers	Label
14cf3f420	?PropPointers@Z_Construct_UFunction_UMediaPlaybackController_LoadStaticImage_Statics@@2QBQEBUFPropertyParamsBase@UECodeGen_Private@@B	Label
14cf3f430	Z_Construct_UFunction_UMediaPlaybackController_OnBeatPatternAdvanced_Statics::NewProp_BeatIndex	Label
14cf3f430	?NewProp_BeatIndex@Z_Construct_UFunction_UMediaPlaybackController_OnBeatPatternAdvanced_Statics@@2UFGenericPropertyParams@UECodeGen_Private@@B	Label
14cf3f468	Z_Construct_UFunction_UMediaPlaybackController_OnBeatPatternAdvanced_Statics::NewProp_BeatMultiplier	Label
14cf3f468	?NewProp_BeatMultiplier@Z_Construct_UFunction_UMediaPlaybackController_OnBeatPatternAdvanced_Statics@@2UFGenericPropertyParams@UECodeGen_Private@@B	Label
14cf3f4a0	Z_Construct_UFunction_UMediaPlaybackController_OnBeatPatternAdvanced_Statics::NewProp_InSpeedItemMultiplier	Label
14cf3f4d8	Z_Construct_UFunction_UMediaPlaybackController_OnBeatPatternAdvanced_Statics::PropPointers	Label
14cf3f4d8	?PropPointers@Z_Construct_UFunction_UMediaPlaybackController_OnBeatPatternAdvanced_Statics@@2QBQEBUFPropertyParamsBase@UECodeGen_Private@@B	Label
14cf3f528	Z_Construct_UFunction_UMediaPlaybackController_PlayMediaEntry_Statics::NewProp_FilePath	Label
14cf3f528	?NewProp_FilePath@Z_Construct_UFunction_UMediaPlaybackController_PlayMediaEntry_Statics@@2UFGenericPropertyParams@UECodeGen_Private@@B	Label
14cf3f560	Z_Construct_UFunction_UMediaPlaybackController_PlayMediaEntry_Statics::NewProp_Target	Label
14cf3f560	?NewProp_Target@Z_Construct_UFunction_UMediaPlaybackController_PlayMediaEntry_Statics@@2UFObjectPropertyParams@UECodeGen_Private@@B	Label
14cf3f5a0	Z_Construct_UFunction_UMediaPlaybackController_PlayMediaEntry_Statics::NewProp_InitialSyncTime	Label
14cf3f5d8	Z_Construct_UFunction_UMediaPlaybackController_PlayMediaEntry_Statics::PropPointers	Label
14cf3f5d8	?PropPointers@Z_Construct_UFunction_UMediaPlaybackController_PlayMediaEntry_Statics@@2QBQEBUFPropertyParamsBase@UECodeGen_Private@@B	Label
14cf3f600	Z_Construct_UFunction_UMediaPlaybackController_SetAsBackgroundInstance_Statics::NewProp_bIsBackground	Label
14cf3f600	?NewProp_bIsBackground@Z_Construct_UFunction_UMediaPlaybackController_SetAsBackgroundInstance_Statics@@2UFBoolPropertyParams@UECodeGen_Private@@B	Label
14cf3f640	Z_Construct_UFunction_UMediaPlaybackController_SetAsBackgroundInstance_Statics::PropPointers	Label
14cf3f658	Z_Construct_UFunction_UMediaPlaybackController_SetBeatInterval_Statics::NewProp_NewBeatInterval	Label
14cf3f658	?NewProp_NewBeatInterval@Z_Construct_UFunction_UMediaPlaybackController_SetBeatInterval_Statics@@2UFGenericPropertyParams@UECodeGen_Private@@B	Label
14cf3f690	Z_Construct_UFunction_UMediaPlaybackController_SetBeatInterval_Statics::PropPointers	Label
14cf3f690	?PropPointers@Z_Construct_UFunction_UMediaPlaybackController_SetBeatInterval_Statics@@2QBQEBUFPropertyParamsBase@UECodeGen_Private@@B	Label
14cf3f6b0	Z_Construct_UFunction_UMediaPlaybackController_SetBeatPattern_Statics::NewProp_Pattern	Label
14cf3f6b0	?NewProp_Pattern@Z_Construct_UFunction_UMediaPlaybackController_SetBeatPattern_Statics@@2UFStructPropertyParams@UECodeGen_Private@@B	Label
14cf3f6f0	Z_Construct_UFunction_UMediaPlaybackController_SetBeatPattern_Statics::NewProp_BaseInterval	Label
14cf3f6f0	?NewProp_BaseInterval@Z_Construct_UFunction_UMediaPlaybackController_SetBeatPattern_Statics@@2UFGenericPropertyParams@UECodeGen_Private@@B	Label
14cf3f728	Z_Construct_UFunction_UMediaPlaybackController_SetBeatPattern_Statics::NewProp_SpeedMultiplier	Label
14cf3f760	Z_Construct_UFunction_UMediaPlaybackController_SetBeatPattern_Statics::PropPointers	Label
14cf3f760	?PropPointers@Z_Construct_UFunction_UMediaPlaybackController_SetBeatPattern_Statics@@2QBQEBUFPropertyParamsBase@UECodeGen_Private@@B	Label
14cf3f7a0	Z_Construct_UFunction_UMediaPlaybackController_SetCropMode_Statics::NewProp_NewMode_Underlying	Label
14cf3f7e0	Z_Construct_UFunction_UMediaPlaybackController_SetCropMode_Statics::NewProp_NewMode	Label
14cf3f7e0	?NewProp_NewMode@Z_Construct_UFunction_UMediaPlaybackController_SetCropMode_Statics@@2UFEnumPropertyParams@UECodeGen_Private@@B	Label
14cf3f820	Z_Construct_UFunction_UMediaPlaybackController_SetCropMode_Statics::PropPointers	Label
14cf3f830	Z_Construct_UFunction_UMediaPlaybackController_SetScaleBoxReference_Statics::NewProp_ScaleBox	Label
14cf3f870	Z_Construct_UFunction_UMediaPlaybackController_SetScaleBoxReference_Statics::PropPointers	Label
14cf3f888	Z_Construct_UFunction_UMediaPlaybackController_SetSyncStartTime_Statics::NewProp_InStartTime	Label
14cf3f8c0	Z_Construct_UFunction_UMediaPlaybackController_SetSyncStartTime_Statics::NewProp_InBeatTravelTime	Label
14cf3f8c0	?NewProp_InBeatTravelTime@Z_Construct_UFunction_UMediaPlaybackController_SetSyncStartTime_Statics@@2UFGenericPropertyParams@UECodeGen_Private@@B	Label
14cf3f8f8	Z_Construct_UFunction_UMediaPlaybackController_SetSyncStartTime_Statics::PropPointers	Label
14cf3f920	Z_Construct_UFunction_UMediaPlaybackController_StopPlayback_Statics::NewProp_bPreserveVisual	Label
14cf3f960	Z_Construct_UFunction_UMediaPlaybackController_StopPlayback_Statics::PropPointers	Label
14cf3f978	Z_Construct_UFunction_UMediaPlaybackController_SyncToBeat_Statics::NewProp_BeatDuration	Label
14cf3f978	?NewProp_BeatDuration@Z_Construct_UFunction_UMediaPlaybackController_SyncToBeat_Statics@@2UFGenericPropertyParams@UECodeGen_Private@@B	Label
14cf3f9b0	Z_Construct_UFunction_UMediaPlaybackController_SyncToBeat_Statics::NewProp_BeatStartTime	Label
14cf3f9b0	?NewProp_BeatStartTime@Z_Construct_UFunction_UMediaPlaybackController_SyncToBeat_Statics@@2UFGenericPropertyParams@UECodeGen_Private@@B	Label
14cf3f9e8	Z_Construct_UFunction_UMediaPlaybackController_SyncToBeat_Statics::NewProp_LeadTime	Label
14cf3fa20	Z_Construct_UFunction_UMediaPlaybackController_SyncToBeat_Statics::PropPointers	Label
14cf3fa20	?PropPointers@Z_Construct_UFunction_UMediaPlaybackController_SyncToBeat_Statics@@2QBQEBUFPropertyParamsBase@UECodeGen_Private@@B	Label
14cf3fa68	UMediaPlaybackController::`vftable'	Label
14cf3fa68	??_7UMediaPlaybackController@@6BUObject@@@	Label
14cf3fd20	UMediaPlaybackController::`vftable'	Label
14cf3ff70	Z_Construct_UFunction_UPreciseBeatWidget_StartBeatMovement_Statics::NewProp_InBeatEvent	Label
14cf3ff70	?NewProp_InBeatEvent@Z_Construct_UFunction_UPreciseBeatWidget_StartBeatMovement_Statics@@2UFStructPropertyParams@UECodeGen_Private@@B	Label
14cf3ffb0	Z_Construct_UFunction_UPreciseBeatWidget_StartBeatMovement_Statics::NewProp_StartPos	Label
14cf3ffb0	?NewProp_StartPos@Z_Construct_UFunction_UPreciseBeatWidget_StartBeatMovement_Statics@@2UFStructPropertyParams@UECodeGen_Private@@B	Label
14cf3fff0	Z_Construct_UFunction_UPreciseBeatWidget_StartBeatMovement_Statics::NewProp_TargetPos	Label
14cf40030	Z_Construct_UFunction_UPreciseBeatWidget_StartBeatMovement_Statics::NewProp_TravelTime	Label
14cf40030	?NewProp_TravelTime@Z_Construct_UFunction_UPreciseBeatWidget_StartBeatMovement_Statics@@2UFGenericPropertyParams@UECodeGen_Private@@B	Label
14cf40068	Z_Construct_UFunction_UPreciseBeatWidget_StartBeatMovement_Statics::PropPointers	Label
14cf40068	?PropPointers@Z_Construct_UFunction_UPreciseBeatWidget_StartBeatMovement_Statics@@2QBQEBUFPropertyParamsBase@UECodeGen_Private@@B	Label
14cf400e0	Z_Construct_UClass_UPreciseBeatWidget_Statics::DependentSingletons	Label
14cf400e0	?DependentSingletons@Z_Construct_UClass_UPreciseBeatWidget_Statics@@2QBQ6APEAVUObject@@XZB	Label
14cf400f0	Z_Construct_UClass_UPreciseBeatWidget_Statics::FuncInfo	Label
14cf40110	Z_Construct_UClass_UPreciseBeatWidget_Statics::NewProp_OnBeatReachedCenter	Label
14cf40110	?NewProp_OnBeatReachedCenter@Z_Construct_UClass_UPreciseBeatWidget_Statics@@2UFMulticastDelegatePropertyParams@UECodeGen_Private@@B	Label
14cf40150	Z_Construct_UClass_UPreciseBeatWidget_Statics::NewProp_BeatIcon	Label
14cf40150	?NewProp_BeatIcon@Z_Construct_UClass_UPreciseBeatWidget_Statics@@2UFObjectPropertyParams@UECodeGen_Private@@B	Label
14cf40190	Z_Construct_UClass_UPreciseBeatWidget_Statics::NewProp_MasterTimeReference	Label
14cf40190	?NewProp_MasterTimeReference@Z_Construct_UClass_UPreciseBeatWidget_Statics@@2UFGenericPropertyParams@UECodeGen_Private@@B	Label
14cf401c8	Z_Construct_UClass_UPreciseBeatWidget_Statics::NewProp_TimelineOffset	Label
14cf401c8	?NewProp_TimelineOffset@Z_Construct_UClass_UPreciseBeatWidget_Statics@@2UFGenericPropertyParams@UECodeGen_Private@@B	Label
14cf40200	Z_Construct_UClass_UPreciseBeatWidget_Statics::NewProp_bIsMoving	Label
14cf40240	Z_Construct_UClass_UPreciseBeatWidget_Statics::NewProp_CurrentBeatEvent	Label
14cf40240	?NewProp_CurrentBeatEvent@Z_Construct_UClass_UPreciseBeatWidget_Statics@@2UFStructPropertyParams@UECodeGen_Private@@B	Label
14cf40280	Z_Construct_UClass_UPreciseBeatWidget_Statics::NewProp_StartPosition	Label
14cf40280	?NewProp_StartPosition@Z_Construct_UClass_UPreciseBeatWidget_Statics@@2UFStructPropertyParams@UECodeGen_Private@@B	Label
14cf402c0	Z_Construct_UClass_UPreciseBeatWidget_Statics::NewProp_TargetPosition	Label
14cf40300	Z_Construct_UClass_UPreciseBeatWidget_Statics::NewProp_TravelDuration	Label
14cf40338	Z_Construct_UClass_UPreciseBeatWidget_Statics::NewProp_MovementStartTime	Label
14cf40338	?NewProp_MovementStartTime@Z_Construct_UClass_UPreciseBeatWidget_Statics@@2UFGenericPropertyParams@UECodeGen_Private@@B	Label
14cf40370	Z_Construct_UClass_UPreciseBeatWidget_Statics::NewProp_InitialScale	Label
14cf403a8	Z_Construct_UClass_UPreciseBeatWidget_Statics::NewProp_FinalScale	Label
14cf403a8	?NewProp_FinalScale@Z_Construct_UClass_UPreciseBeatWidget_Statics@@2UFGenericPropertyParams@UECodeGen_Private@@B	Label
14cf403e0	Z_Construct_UClass_UPreciseBeatWidget_Statics::PropPointers	Label
14cf403e0	?PropPointers@Z_Construct_UClass_UPreciseBeatWidget_Statics@@2QBQEBUFPropertyParamsBase@UECodeGen_Private@@B	Label
14cf40440	Z_Construct_UClass_UPreciseBeatWidget_Statics::StaticCppClassTypeInfo	Label
14cf40440	?StaticCppClassTypeInfo@Z_Construct_UClass_UPreciseBeatWidget_Statics@@2UFCppClassTypeInfoStatic@@B	Label
14cf40450	Z_Construct_UClass_UPreciseBeatWidget_Statics::ClassParams	Label
14cf40450	?ClassParams@Z_Construct_UClass_UPreciseBeatWidget_Statics@@2UFClassParams@UECodeGen_Private@@B	Label
14cf40558	UPreciseBeatWidget::`vftable'	Label
14cf40a08	UPreciseBeatWidget::`vftable'	Label
14cf40a08	??_7UPreciseBeatWidget@@6BINotifyFieldValueChanged@@@	Label
14cf40a48	UPreciseBeatWidget::`vftable'	Label
14cf41ea8	Z_Construct_UFunction_UProgressionManager_AddModifier_Statics::NewProp_ModifierName	Label
14cf41ee0	Z_Construct_UFunction_UProgressionManager_AddModifier_Statics::PropPointers	Label
14cf41ee0	?PropPointers@Z_Construct_UFunction_UProgressionManager_AddModifier_Statics@@2QBQEBUFPropertyParamsBase@UECodeGen_Private@@B	Label
14cf41ef8	Z_Construct_UFunction_UProgressionManager_AddUnlockPoints_Statics::NewProp_Amount	Label
14cf41ef8	?NewProp_Amount@Z_Construct_UFunction_UProgressionManager_AddUnlockPoints_Statics@@2UFGenericPropertyParams@UECodeGen_Private@@B	Label
14cf41f30	Z_Construct_UFunction_UProgressionManager_AddUnlockPoints_Statics::PropPointers	Label
14cf41f38	Z_Construct_UFunction_UProgressionManager_AddXP_Statics::NewProp_Amount	Label
14cf41f38	?NewProp_Amount@Z_Construct_UFunction_UProgressionManager_AddXP_Statics@@2UFGenericPropertyParams@UECodeGen_Private@@B	Label
14cf41f70	Z_Construct_UFunction_UProgressionManager_AddXP_Statics::NewProp_Source	Label
14cf41f70	?NewProp_Source@Z_Construct_UFunction_UProgressionManager_AddXP_Statics@@2UFGenericPropertyParams@UECodeGen_Private@@B	Label
14cf41fa8	Z_Construct_UFunction_UProgressionManager_AddXP_Statics::PropPointers	Label
14cf41ff0	Z_Construct_UFunction_UProgressionManager_CalculateSessionXP_Statics::NewProp_Stats	Label
14cf41ff0	?NewProp_Stats@Z_Construct_UFunction_UProgressionManager_CalculateSessionXP_Statics@@2UFStructPropertyParams@UECodeGen_Private@@B	Label
14cf42030	Z_Construct_UFunction_UProgressionManager_CalculateSessionXP_Statics::NewProp_ReturnValue	Label
14cf42068	Z_Construct_UFunction_UProgressionManager_CalculateSessionXP_Statics::PropPointers	Label
14cf42258	Z_Construct_UFunction_UProgressionManager_CanClaimReward_Statics::NewProp_ChallengeID	Label
14cf42290	Z_Construct_UFunction_UProgressionManager_CanClaimReward_Statics::NewProp_ReturnValue	Label
14cf42290	?NewProp_ReturnValue@Z_Construct_UFunction_UProgressionManager_CanClaimReward_Statics@@2UFBoolPropertyParams@UECodeGen_Private@@B	Label
14cf422d0	Z_Construct_UFunction_UProgressionManager_CanClaimReward_Statics::PropPointers	Label
14cf422d0	?PropPointers@Z_Construct_UFunction_UProgressionManager_CanClaimReward_Statics@@2QBQEBUFPropertyParamsBase@UECodeGen_Private@@B	Label
14cf422e0	Z_Construct_UFunction_UProgressionManager_CanEnableModifier_Statics::NewProp_ModifierToEnable	Label
14cf422e0	?NewProp_ModifierToEnable@Z_Construct_UFunction_UProgressionManager_CanEnableModifier_Statics@@2UFGenericPropertyParams@UECodeGen_Private@@B	Label
14cf42318	Z_Construct_UFunction_UProgressionManager_CanEnableModifier_Statics::NewProp_CurrentlyEnabled_Inner	Label
14cf42318	?NewProp_CurrentlyEnabled_Inner@Z_Construct_UFunction_UProgressionManager_CanEnableModifier_Statics@@2UFGenericPropertyParams@UECodeGen_Private@@B	Label
14cf42350	Z_Construct_UFunction_UProgressionManager_CanEnableModifier_Statics::NewProp_CurrentlyEnabled	Label
14cf42390	Z_Construct_UFunction_UProgressionManager_CanEnableModifier_Statics::NewProp_ReturnValue	Label
14cf42390	?NewProp_ReturnValue@Z_Construct_UFunction_UProgressionManager_CanEnableModifier_Statics@@2UFBoolPropertyParams@UECodeGen_Private@@B	Label
14cf423d0	Z_Construct_UFunction_UProgressionManager_CanEnableModifier_Statics::PropPointers	Label
14cf423d0	?PropPointers@Z_Construct_UFunction_UProgressionManager_CanEnableModifier_Statics@@2QBQEBUFPropertyParamsBase@UECodeGen_Private@@B	Label
14cf42420	Z_Construct_UFunction_UProgressionManager_ClaimChallengeReward_Statics::NewProp_ChallengeID	Label
14cf42460	Z_Construct_UFunction_UProgressionManager_ClaimChallengeReward_Statics::NewProp_ReturnValue	Label
14cf42460	?NewProp_ReturnValue@Z_Construct_UFunction_UProgressionManager_ClaimChallengeReward_Statics@@2UFBoolPropertyParams@UECodeGen_Private@@B	Label
14cf424a0	Z_Construct_UFunction_UProgressionManager_ClaimChallengeReward_Statics::PropPointers	Label
14cf424a0	?PropPointers@Z_Construct_UFunction_UProgressionManager_ClaimChallengeReward_Statics@@2QBQEBUFPropertyParamsBase@UECodeGen_Private@@B	Label
14cf425a0	Z_Construct_UFunction_UProgressionManager_ClaimChallengeRewards_Statics::NewProp_ChallengeID	Label
14cf425a0	?NewProp_ChallengeID@Z_Construct_UFunction_UProgressionManager_ClaimChallengeRewards_Statics@@2UFGenericPropertyParams@UECodeGen_Private@@B	Label
14cf425e0	Z_Construct_UFunction_UProgressionManager_ClaimChallengeRewards_Statics::NewProp_ReturnValue_Inner	Label
14cf42620	Z_Construct_UFunction_UProgressionManager_ClaimChallengeRewards_Statics::NewProp_ReturnValue	Label
14cf42620	?NewProp_ReturnValue@Z_Construct_UFunction_UProgressionManager_ClaimChallengeRewards_Statics@@2UFArrayPropertyParams@UECodeGen_Private@@B	Label
14cf42658	Z_Construct_UFunction_UProgressionManager_ClaimChallengeRewards_Statics::PropPointers	Label
14cf42658	?PropPointers@Z_Construct_UFunction_UProgressionManager_ClaimChallengeRewards_Statics@@2QBQEBUFPropertyParamsBase@UECodeGen_Private@@B	Label
14cf42670	Z_Construct_UFunction_UProgressionManager_EndSession_Statics::NewProp_Stats	Label
14cf426b0	Z_Construct_UFunction_UProgressionManager_EndSession_Statics::PropPointers	Label
14cf426b0	?PropPointers@Z_Construct_UFunction_UProgressionManager_EndSession_Statics@@2QBQEBUFPropertyParamsBase@UECodeGen_Private@@B	Label
14cf426c8	Z_Construct_UFunction_UProgressionManager_EquipPlayerCard_Statics::NewProp_CardID	Label
14cf426c8	?NewProp_CardID@Z_Construct_UFunction_UProgressionManager_EquipPlayerCard_Statics@@2UFGenericPropertyParams@UECodeGen_Private@@B	Label
14cf42710	Z_Construct_UFunction_UProgressionManager_EquipPlayerCard_Statics::NewProp_ReturnValue	Label
14cf42710	?NewProp_ReturnValue@Z_Construct_UFunction_UProgressionManager_EquipPlayerCard_Statics@@2UFBoolPropertyParams@UECodeGen_Private@@B	Label
14cf42750	Z_Construct_UFunction_UProgressionManager_EquipPlayerCard_Statics::PropPointers	Label
14cf42800	Z_Construct_UFunction_UProgressionManager_FormatLargeNumber_Statics::NewProp_Number	Label
14cf42870	Z_Construct_UFunction_UProgressionManager_FormatLargeNumber_Statics::NewProp_ReturnValue	Label
14cf42870	?NewProp_ReturnValue@Z_Construct_UFunction_UProgressionManager_FormatLargeNumber_Statics@@2UFGenericPropertyParams@UECodeGen_Private@@B	Label
14cf428e0	Z_Construct_UFunction_UProgressionManager_FormatLargeNumber_Statics::PropPointers	Label
14cf428e0	?PropPointers@Z_Construct_UFunction_UProgressionManager_FormatLargeNumber_Statics@@2QBQEBUFPropertyParamsBase@UECodeGen_Private@@B	Label
14cf429d8	Z_Construct_UFunction_UProgressionManager_FormatPlayTime_Statics::NewProp_TotalSeconds	Label
14cf429d8	?NewProp_TotalSeconds@Z_Construct_UFunction_UProgressionManager_FormatPlayTime_Statics@@2UFGenericPropertyParams@UECodeGen_Private@@B	Label
14cf42a10	Z_Construct_UFunction_UProgressionManager_FormatPlayTime_Statics::NewProp_ReturnValue	Label
14cf42a48	Z_Construct_UFunction_UProgressionManager_FormatPlayTime_Statics::PropPointers	Label
14cf42a68	Z_Construct_UFunction_UProgressionManager_FormatSecondsToTime_Statics::NewProp_TotalSeconds	Label
14cf42a68	?NewProp_TotalSeconds@Z_Construct_UFunction_UProgressionManager_FormatSecondsToTime_Statics@@2UFGenericPropertyParams@UECodeGen_Private@@B	Label
14cf42aa0	Z_Construct_UFunction_UProgressionManager_FormatSecondsToTime_Statics::NewProp_ReturnValue	Label
14cf42aa0	?NewProp_ReturnValue@Z_Construct_UFunction_UProgressionManager_FormatSecondsToTime_Statics@@2UFGenericPropertyParams@UECodeGen_Private@@B	Label
14cf42ad8	Z_Construct_UFunction_UProgressionManager_FormatSecondsToTime_Statics::PropPointers	Label
14cf42af0	Z_Construct_UFunction_UProgressionManager_GetActiveChallenges_Statics::NewProp_ReturnValue_Inner	Label
14cf42af0	?NewProp_ReturnValue_Inner@Z_Construct_UFunction_UProgressionManager_GetActiveChallenges_Statics@@2UFStructPropertyParams@UECodeGen_Private@@B	Label
14cf42b30	Z_Construct_UFunction_UProgressionManager_GetActiveChallenges_Statics::NewProp_ReturnValue	Label
14cf42b30	?NewProp_ReturnValue@Z_Construct_UFunction_UProgressionManager_GetActiveChallenges_Statics@@2UFArrayPropertyParams@UECodeGen_Private@@B	Label
14cf42b68	Z_Construct_UFunction_UProgressionManager_GetActiveChallenges_Statics::PropPointers	Label
14cf42be0	Z_Construct_UFunction_UProgressionManager_GetAllChallengeData_Statics::NewProp_ReturnValue_Inner	Label
14cf42c20	Z_Construct_UFunction_UProgressionManager_GetAllChallengeData_Statics::NewProp_ReturnValue	Label
14cf42c58	Z_Construct_UFunction_UProgressionManager_GetAllChallengeData_Statics::PropPointers	Label
14cf42c58	?PropPointers@Z_Construct_UFunction_UProgressionManager_GetAllChallengeData_Statics@@2QBQEBUFPropertyParamsBase@UECodeGen_Private@@B	Label
14cf42fe0	Z_Construct_UFunction_UProgressionManager_GetAllChallengesWithProgress_Statics::NewProp_ReturnValue_Inner	Label
14cf42fe0	?NewProp_ReturnValue_Inner@Z_Construct_UFunction_UProgressionManager_GetAllChallengesWithProgress_Statics@@2UFStructPropertyParams@UECodeGen_Private@@B	Label
14cf43058	Z_Construct_UFunction_UProgressionManager_GetAllChallengesWithProgress_Statics::NewProp_ReturnValue	Label
14cf43058	?NewProp_ReturnValue@Z_Construct_UFunction_UProgressionManager_GetAllChallengesWithProgress_Statics@@2UFArrayPropertyParams@UECodeGen_Private@@B	Label
14cf43090	Z_Construct_UFunction_UProgressionManager_GetAllChallengesWithProgress_Statics::PropPointers	Label
14cf43090	?PropPointers@Z_Construct_UFunction_UProgressionManager_GetAllChallengesWithProgress_Statics@@2QBQEBUFPropertyParamsBase@UECodeGen_Private@@B	Label
14cf43160	Z_Construct_UFunction_UProgressionManager_GetAllConflictsForModifier_Statics::NewProp_ModifierName	Label
14cf43160	?NewProp_ModifierName@Z_Construct_UFunction_UProgressionManager_GetAllConflictsForModifier_Statics@@2UFGenericPropertyParams@UECodeGen_Private@@B	Label
14cf43198	Z_Construct_UFunction_UProgressionManager_GetAllConflictsForModifier_Statics::NewProp_ReturnValue_Inner	Label
14cf43198	?NewProp_ReturnValue_Inner@Z_Construct_UFunction_UProgressionManager_GetAllConflictsForModifier_Statics@@2UFGenericPropertyParams@UECodeGen_Private@@B	Label
14cf431d0	Z_Construct_UFunction_UProgressionManager_GetAllConflictsForModifier_Statics::NewProp_ReturnValue	Label
14cf43208	Z_Construct_UFunction_UProgressionManager_GetAllConflictsForModifier_Statics::PropPointers	Label
14cf43220	Z_Construct_UFunction_UProgressionManager_GetAllModifierData_Statics::NewProp_ReturnValue_Inner	Label
14cf43220	?NewProp_ReturnValue_Inner@Z_Construct_UFunction_UProgressionManager_GetAllModifierData_Statics@@2UFStructPropertyParams@UECodeGen_Private@@B	Label
14cf43260	Z_Construct_UFunction_UProgressionManager_GetAllModifierData_Statics::NewProp_ReturnValue	Label
14cf43298	Z_Construct_UFunction_UProgressionManager_GetAllModifierData_Statics::PropPointers	Label
14cf43298	?PropPointers@Z_Construct_UFunction_UProgressionManager_GetAllModifierData_Statics@@2QBQEBUFPropertyParamsBase@UECodeGen_Private@@B	Label
14cf432a8	Z_Construct_UFunction_UProgressionManager_GetAllModifierIDs_Statics::NewProp_ReturnValue_Inner	Label
14cf432e0	Z_Construct_UFunction_UProgressionManager_GetAllModifierIDs_Statics::NewProp_ReturnValue	Label
14cf432e0	?NewProp_ReturnValue@Z_Construct_UFunction_UProgressionManager_GetAllModifierIDs_Statics@@2UFArrayPropertyParams@UECodeGen_Private@@B	Label
14cf43318	Z_Construct_UFunction_UProgressionManager_GetAllModifierIDs_Statics::PropPointers	Label
14cf43390	Z_Construct_UFunction_UProgressionManager_GetAllPlayerCardData_Statics::NewProp_ReturnValue_Inner	Label
14cf433d0	Z_Construct_UFunction_UProgressionManager_GetAllPlayerCardData_Statics::NewProp_ReturnValue	Label
14cf433d0	?NewProp_ReturnValue@Z_Construct_UFunction_UProgressionManager_GetAllPlayerCardData_Statics@@2UFArrayPropertyParams@UECodeGen_Private@@B	Label
14cf43408	Z_Construct_UFunction_UProgressionManager_GetAllPlayerCardData_Statics::PropPointers	Label
14cf43408	?PropPointers@Z_Construct_UFunction_UProgressionManager_GetAllPlayerCardData_Statics@@2QBQEBUFPropertyParamsBase@UECodeGen_Private@@B	Label
14cf43508	Z_Construct_UFunction_UProgressionManager_GetAverageDurationSeconds_Statics::NewProp_ReturnValue	Label
14cf43508	?NewProp_ReturnValue@Z_Construct_UFunction_UProgressionManager_GetAverageDurationSeconds_Statics@@2UFGenericPropertyParams@UECodeGen_Private@@B	Label
14cf43580	Z_Construct_UFunction_UProgressionManager_GetAverageDurationSeconds_Statics::PropPointers	Label
14cf43580	?PropPointers@Z_Construct_UFunction_UProgressionManager_GetAverageDurationSeconds_Statics@@2QBQEBUFPropertyParamsBase@UECodeGen_Private@@B	Label
14cf436c0	Z_Construct_UFunction_UProgressionManager_GetAverageDurationText_Statics::NewProp_ReturnValue	Label
14cf436c0	?NewProp_ReturnValue@Z_Construct_UFunction_UProgressionManager_GetAverageDurationText_Statics@@2UFGenericPropertyParams@UECodeGen_Private@@B	Label
14cf436f8	Z_Construct_UFunction_UProgressionManager_GetAverageDurationText_Statics::PropPointers	Label
14cf436f8	?PropPointers@Z_Construct_UFunction_UProgressionManager_GetAverageDurationText_Statics@@2QBQEBUFPropertyParamsBase@UECodeGen_Private@@B	Label
14cf43700	Z_Construct_UFunction_UProgressionManager_GetAverageEdgesText_Statics::NewProp_ReturnValue	Label
14cf43700	?NewProp_ReturnValue@Z_Construct_UFunction_UProgressionManager_GetAverageEdgesText_Statics@@2UFGenericPropertyParams@UECodeGen_Private@@B	Label
14cf43738	Z_Construct_UFunction_UProgressionManager_GetAverageEdgesText_Statics::PropPointers	Label
14cf43738	?PropPointers@Z_Construct_UFunction_UProgressionManager_GetAverageEdgesText_Statics@@2QBQEBUFPropertyParamsBase@UECodeGen_Private@@B	Label
14cf43740	Z_Construct_UFunction_UProgressionManager_GetAverageEdgesValue_Statics::NewProp_ReturnValue	Label
14cf43740	?NewProp_ReturnValue@Z_Construct_UFunction_UProgressionManager_GetAverageEdgesValue_Statics@@2UFGenericPropertyParams@UECodeGen_Private@@B	Label
14cf43778	Z_Construct_UFunction_UProgressionManager_GetAverageEdgesValue_Statics::PropPointers	Label
14cf43780	Z_Construct_UFunction_UProgressionManager_GetAveragesText_Statics::NewProp_ReturnValue	Label
14cf43780	?NewProp_ReturnValue@Z_Construct_UFunction_UProgressionManager_GetAveragesText_Statics@@2UFGenericPropertyParams@UECodeGen_Private@@B	Label
14cf437b8	Z_Construct_UFunction_UProgressionManager_GetAveragesText_Statics::PropPointers	Label
14cf437b8	?PropPointers@Z_Construct_UFunction_UProgressionManager_GetAveragesText_Statics@@2QBQEBUFPropertyParamsBase@UECodeGen_Private@@B	Label
14cf43820	Z_Construct_UFunction_UProgressionManager_GetAverageStrokesPerEdgeText_Statics::NewProp_ReturnValue	Label
14cf43820	?NewProp_ReturnValue@Z_Construct_UFunction_UProgressionManager_GetAverageStrokesPerEdgeText_Statics@@2UFGenericPropertyParams@UECodeGen_Private@@B	Label
14cf43858	Z_Construct_UFunction_UProgressionManager_GetAverageStrokesPerEdgeText_Statics::PropPointers	Label
14cf43ca0	Z_Construct_UFunction_UProgressionManager_GetAverageStrokesPerEdgeValue_Statics::NewProp_ReturnValue	Label
14cf43ca0	?NewProp_ReturnValue@Z_Construct_UFunction_UProgressionManager_GetAverageStrokesPerEdgeValue_Statics@@2UFGenericPropertyParams@UECodeGen_Private@@B	Label
14cf43d10	Z_Construct_UFunction_UProgressionManager_GetAverageStrokesPerEdgeValue_Statics::PropPointers	Label
14cf43ff8	Z_Construct_UFunction_UProgressionManager_GetAverageStrokesPerMinuteText_Statics::NewProp_ReturnValue	Label
14cf44030	Z_Construct_UFunction_UProgressionManager_GetAverageStrokesPerMinuteText_Statics::PropPointers	Label
14cf44038	Z_Construct_UFunction_UProgressionManager_GetAverageStrokesPerMinuteValue_Statics::NewProp_ReturnValue	Label
14cf44038	?NewProp_ReturnValue@Z_Construct_UFunction_UProgressionManager_GetAverageStrokesPerMinuteValue_Statics@@2UFGenericPropertyParams@UECodeGen_Private@@B	Label
14cf44070	Z_Construct_UFunction_UProgressionManager_GetAverageStrokesPerMinuteValue_Statics::PropPointers	Label
14cf44078	Z_Construct_UFunction_UProgressionManager_GetAverageStrokesText_Statics::NewProp_ReturnValue	Label
14cf44078	?NewProp_ReturnValue@Z_Construct_UFunction_UProgressionManager_GetAverageStrokesText_Statics@@2UFGenericPropertyParams@UECodeGen_Private@@B	Label
14cf440b0	Z_Construct_UFunction_UProgressionManager_GetAverageStrokesText_Statics::PropPointers	Label
14cf440b0	?PropPointers@Z_Construct_UFunction_UProgressionManager_GetAverageStrokesText_Statics@@2QBQEBUFPropertyParamsBase@UECodeGen_Private@@B	Label
14cf440b8	Z_Construct_UFunction_UProgressionManager_GetAverageStrokesValue_Statics::NewProp_ReturnValue	Label
14cf440b8	?NewProp_ReturnValue@Z_Construct_UFunction_UProgressionManager_GetAverageStrokesValue_Statics@@2UFGenericPropertyParams@UECodeGen_Private@@B	Label
14cf440f0	Z_Construct_UFunction_UProgressionManager_GetAverageStrokesValue_Statics::PropPointers	Label
14cf440f0	?PropPointers@Z_Construct_UFunction_UProgressionManager_GetAverageStrokesValue_Statics@@2QBQEBUFPropertyParamsBase@UECodeGen_Private@@B	Label
14cf441a0	Z_Construct_UFunction_UProgressionManager_GetChallengeData_Statics::NewProp_ChallengeID	Label
14cf441a0	?NewProp_ChallengeID@Z_Construct_UFunction_UProgressionManager_GetChallengeData_Statics@@2UFGenericPropertyParams@UECodeGen_Private@@B	Label
14cf441e0	Z_Construct_UFunction_UProgressionManager_GetChallengeData_Statics::NewProp_ReturnValue	Label
14cf44230	Z_Construct_UFunction_UProgressionManager_GetChallengeData_Statics::PropPointers	Label
14cf44360	Z_Construct_UFunction_UProgressionManager_GetChallengeDataForModifier_Statics::NewProp_ModifierID	Label
14cf443a0	Z_Construct_UFunction_UProgressionManager_GetChallengeDataForModifier_Statics::NewProp_ReturnValue	Label
14cf443a0	?NewProp_ReturnValue@Z_Construct_UFunction_UProgressionManager_GetChallengeDataForModifier_Statics@@2UFStructPropertyParams@UECodeGen_Private@@B	Label
14cf443e0	Z_Construct_UFunction_UProgressionManager_GetChallengeDataForModifier_Statics::PropPointers	Label
14cf443e0	?PropPointers@Z_Construct_UFunction_UProgressionManager_GetChallengeDataForModifier_Statics@@2QBQEBUFPropertyParamsBase@UECodeGen_Private@@B	Label
14cf44498	Z_Construct_UFunction_UProgressionManager_GetChallengeForModifier_Statics::NewProp_ModifierID	Label
14cf44508	Z_Construct_UFunction_UProgressionManager_GetChallengeForModifier_Statics::NewProp_ReturnValue	Label
14cf44508	?NewProp_ReturnValue@Z_Construct_UFunction_UProgressionManager_GetChallengeForModifier_Statics@@2UFGenericPropertyParams@UECodeGen_Private@@B	Label
14cf44580	Z_Construct_UFunction_UProgressionManager_GetChallengeForModifier_Statics::PropPointers	Label
14cf44580	?PropPointers@Z_Construct_UFunction_UProgressionManager_GetChallengeForModifier_Statics@@2QBQEBUFPropertyParamsBase@UECodeGen_Private@@B	Label
14cf44ad0	Z_Construct_UFunction_UProgressionManager_GetChallengeProgress_Statics::NewProp_ChallengeID	Label
14cf44b10	Z_Construct_UFunction_UProgressionManager_GetChallengeProgress_Statics::NewProp_ReturnValue	Label
14cf44b10	?NewProp_ReturnValue@Z_Construct_UFunction_UProgressionManager_GetChallengeProgress_Statics@@2UFStructPropertyParams@UECodeGen_Private@@B	Label
14cf44b50	Z_Construct_UFunction_UProgressionManager_GetChallengeProgress_Statics::PropPointers	Label
14cf44b50	?PropPointers@Z_Construct_UFunction_UProgressionManager_GetChallengeProgress_Statics@@2QBQEBUFPropertyParamsBase@UECodeGen_Private@@B	Label
14cf44b60	Z_Construct_UFunction_UProgressionManager_GetChallengeProgressText_Statics::NewProp_ChallengeID	Label
14cf44b60	?NewProp_ChallengeID@Z_Construct_UFunction_UProgressionManager_GetChallengeProgressText_Statics@@2UFGenericPropertyParams@UECodeGen_Private@@B	Label
14cf44b98	Z_Construct_UFunction_UProgressionManager_GetChallengeProgressText_Statics::NewProp_ReturnValue	Label
14cf44bd0	Z_Construct_UFunction_UProgressionManager_GetChallengeProgressText_Statics::PropPointers	Label
14cf44bd0	?PropPointers@Z_Construct_UFunction_UProgressionManager_GetChallengeProgressText_Statics@@2QBQEBUFPropertyParamsBase@UECodeGen_Private@@B	Label
14cf44be0	Z_Construct_UFunction_UProgressionManager_GetChallengesForPack_Statics::NewProp_PackName	Label
14cf44be0	?NewProp_PackName@Z_Construct_UFunction_UProgressionManager_GetChallengesForPack_Statics@@2UFGenericPropertyParams@UECodeGen_Private@@B	Label
14cf44c18	Z_Construct_UFunction_UProgressionManager_GetChallengesForPack_Statics::NewProp_ReturnValue_Inner	Label
14cf44c18	?NewProp_ReturnValue_Inner@Z_Construct_UFunction_UProgressionManager_GetChallengesForPack_Statics@@2UFGenericPropertyParams@UECodeGen_Private@@B	Label
14cf44c50	Z_Construct_UFunction_UProgressionManager_GetChallengesForPack_Statics::NewProp_ReturnValue	Label
14cf44c50	?NewProp_ReturnValue@Z_Construct_UFunction_UProgressionManager_GetChallengesForPack_Statics@@2UFArrayPropertyParams@UECodeGen_Private@@B	Label
14cf44c88	Z_Construct_UFunction_UProgressionManager_GetChallengesForPack_Statics::PropPointers	Label
14cf44cd0	Z_Construct_UFunction_UProgressionManager_GetComboText_Statics::NewProp_Stats	Label
14cf44cd0	?NewProp_Stats@Z_Construct_UFunction_UProgressionManager_GetComboText_Statics@@2UFStructPropertyParams@UECodeGen_Private@@B	Label
14cf44d20	Z_Construct_UFunction_UProgressionManager_GetComboText_Statics::NewProp_ReturnValue	Label
14cf44d20	?NewProp_ReturnValue@Z_Construct_UFunction_UProgressionManager_GetComboText_Statics@@2UFGenericPropertyParams@UECodeGen_Private@@B	Label
14cf44d70	Z_Construct_UFunction_UProgressionManager_GetComboText_Statics::PropPointers	Label
14cf44e90	Z_Construct_UFunction_UProgressionManager_GetCompleteStatsReport_Statics::NewProp_ReturnValue	Label
14cf44ec8	Z_Construct_UFunction_UProgressionManager_GetCompleteStatsReport_Statics::PropPointers	Label
14cf44ec8	?PropPointers@Z_Construct_UFunction_UProgressionManager_GetCompleteStatsReport_Statics@@2QBQEBUFPropertyParamsBase@UECodeGen_Private@@B	Label
14cf44f08	Z_Construct_UFunction_UProgressionManager_GetConflictingModifiers_Statics::NewProp_ModifierToEnable	Label
14cf44f08	?NewProp_ModifierToEnable@Z_Construct_UFunction_UProgressionManager_GetConflictingModifiers_Statics@@2UFGenericPropertyParams@UECodeGen_Private@@B	Label
14cf44f78	Z_Construct_UFunction_UProgressionManager_GetConflictingModifiers_Statics::NewProp_CurrentlyEnabled_Inner	Label
14cf44f78	?NewProp_CurrentlyEnabled_Inner@Z_Construct_UFunction_UProgressionManager_GetConflictingModifiers_Statics@@2UFGenericPropertyParams@UECodeGen_Private@@B	Label
14cf44fe8	Z_Construct_UFunction_UProgressionManager_GetConflictingModifiers_Statics::NewProp_CurrentlyEnabled	Label
14cf45060	Z_Construct_UFunction_UProgressionManager_GetConflictingModifiers_Statics::NewProp_ReturnValue_Inner	Label
14cf450d0	Z_Construct_UFunction_UProgressionManager_GetConflictingModifiers_Statics::NewProp_ReturnValue	Label
14cf450d0	?NewProp_ReturnValue@Z_Construct_UFunction_UProgressionManager_GetConflictingModifiers_Statics@@2UFArrayPropertyParams@UECodeGen_Private@@B	Label
14cf45140	Z_Construct_UFunction_UProgressionManager_GetConflictingModifiers_Statics::PropPointers	Label
14cf45140	?PropPointers@Z_Construct_UFunction_UProgressionManager_GetConflictingModifiers_Statics@@2QBQEBUFPropertyParamsBase@UECodeGen_Private@@B	Label
14cf451e0	Z_Construct_UFunction_UProgressionManager_GetCurrentConsecutiveSuccubi_Statics::NewProp_ReturnValue	Label
14cf451e0	?NewProp_ReturnValue@Z_Construct_UFunction_UProgressionManager_GetCurrentConsecutiveSuccubi_Statics@@2UFGenericPropertyParams@UECodeGen_Private@@B	Label
14cf45218	Z_Construct_UFunction_UProgressionManager_GetCurrentConsecutiveSuccubi_Statics::PropPointers	Label
14cf45218	?PropPointers@Z_Construct_UFunction_UProgressionManager_GetCurrentConsecutiveSuccubi_Statics@@2QBQEBUFPropertyParamsBase@UECodeGen_Private@@B	Label
14cf45220	Z_Construct_UFunction_UProgressionManager_GetCurrentEdgeStreak_Statics::NewProp_ReturnValue	Label
14cf45220	?NewProp_ReturnValue@Z_Construct_UFunction_UProgressionManager_GetCurrentEdgeStreak_Statics@@2UFGenericPropertyParams@UECodeGen_Private@@B	Label
14cf45258	Z_Construct_UFunction_UProgressionManager_GetCurrentEdgeStreak_Statics::PropPointers	Label
14cf45258	?PropPointers@Z_Construct_UFunction_UProgressionManager_GetCurrentEdgeStreak_Statics@@2QBQEBUFPropertyParamsBase@UECodeGen_Private@@B	Label
14cf45260	Z_Construct_UFunction_UProgressionManager_GetCurrentLevelIcon_Statics::NewProp_ReturnValue	Label
14cf45260	?NewProp_ReturnValue@Z_Construct_UFunction_UProgressionManager_GetCurrentLevelIcon_Statics@@2UFObjectPropertyParams@UECodeGen_Private@@B	Label
14cf452a0	Z_Construct_UFunction_UProgressionManager_GetCurrentLevelIcon_Statics::PropPointers	Label
14cf452a0	?PropPointers@Z_Construct_UFunction_UProgressionManager_GetCurrentLevelIcon_Statics@@2QBQEBUFPropertyParamsBase@UECodeGen_Private@@B	Label
14cf45308	Z_Construct_UFunction_UProgressionManager_GetCurrentPlayerTitle_Statics::NewProp_ReturnValue	Label
14cf45308	?NewProp_ReturnValue@Z_Construct_UFunction_UProgressionManager_GetCurrentPlayerTitle_Statics@@2UFGenericPropertyParams@UECodeGen_Private@@B	Label
14cf45340	Z_Construct_UFunction_UProgressionManager_GetCurrentPlayerTitle_Statics::PropPointers	Label
14cf45340	?PropPointers@Z_Construct_UFunction_UProgressionManager_GetCurrentPlayerTitle_Statics@@2QBQEBUFPropertyParamsBase@UECodeGen_Private@@B	Label
14cf45430	Z_Construct_UFunction_UProgressionManager_GetCurrentSessionDuration_Statics::NewProp_ReturnValue	Label
14cf45430	?NewProp_ReturnValue@Z_Construct_UFunction_UProgressionManager_GetCurrentSessionDuration_Statics@@2UFGenericPropertyParams@UECodeGen_Private@@B	Label
14cf45480	Z_Construct_UFunction_UProgressionManager_GetCurrentSessionDuration_Statics::PropPointers	Label
14cf45490	Z_Construct_UFunction_UProgressionManager_GetCurrentSessionStats_Statics::NewProp_ReturnValue	Label
14cf45490	?NewProp_ReturnValue@Z_Construct_UFunction_UProgressionManager_GetCurrentSessionStats_Statics@@2UFStructPropertyParams@UECodeGen_Private@@B	Label
14cf454d0	Z_Construct_UFunction_UProgressionManager_GetCurrentSessionStats_Statics::PropPointers	Label
14cf454d0	?PropPointers@Z_Construct_UFunction_UProgressionManager_GetCurrentSessionStats_Statics@@2QBQEBUFPropertyParamsBase@UECodeGen_Private@@B	Label
14cf454d8	Z_Construct_UFunction_UProgressionManager_GetCurrentSessionStatsText_Statics::NewProp_ReturnValue	Label
14cf454d8	?NewProp_ReturnValue@Z_Construct_UFunction_UProgressionManager_GetCurrentSessionStatsText_Statics@@2UFGenericPropertyParams@UECodeGen_Private@@B	Label
14cf45510	Z_Construct_UFunction_UProgressionManager_GetCurrentSessionStatsText_Statics::PropPointers	Label
14cf45518	Z_Construct_UFunction_UProgressionManager_GetCurrentStrokeCombo_Statics::NewProp_ReturnValue	Label
14cf45518	?NewProp_ReturnValue@Z_Construct_UFunction_UProgressionManager_GetCurrentStrokeCombo_Statics@@2UFGenericPropertyParams@UECodeGen_Private@@B	Label
14cf45550	Z_Construct_UFunction_UProgressionManager_GetCurrentStrokeCombo_Statics::PropPointers	Label
14cf45550	?PropPointers@Z_Construct_UFunction_UProgressionManager_GetCurrentStrokeCombo_Statics@@2QBQEBUFPropertyParamsBase@UECodeGen_Private@@B	Label
14cf45590	Z_Construct_UFunction_UProgressionManager_GetDebugStatsString_Statics::NewProp_ReturnValue	Label
14cf455d8	Z_Construct_UFunction_UProgressionManager_GetDebugStatsString_Statics::PropPointers	Label
14cf455d8	?PropPointers@Z_Construct_UFunction_UProgressionManager_GetDebugStatsString_Statics@@2QBQEBUFPropertyParamsBase@UECodeGen_Private@@B	Label
14cf456c0	Z_Construct_UFunction_UProgressionManager_GetDetailedStatsText_Statics::NewProp_Stats	Label
14cf456c0	?NewProp_Stats@Z_Construct_UFunction_UProgressionManager_GetDetailedStatsText_Statics@@2UFStructPropertyParams@UECodeGen_Private@@B	Label
14cf45700	Z_Construct_UFunction_UProgressionManager_GetDetailedStatsText_Statics::NewProp_ReturnValue	Label
14cf45738	Z_Construct_UFunction_UProgressionManager_GetDetailedStatsText_Statics::PropPointers	Label
14cf45738	?PropPointers@Z_Construct_UFunction_UProgressionManager_GetDetailedStatsText_Statics@@2QBQEBUFPropertyParamsBase@UECodeGen_Private@@B	Label
14cf45750	Z_Construct_UFunction_UProgressionManager_GetDurationText_Statics::NewProp_Stats	Label
14cf45750	?NewProp_Stats@Z_Construct_UFunction_UProgressionManager_GetDurationText_Statics@@2UFStructPropertyParams@UECodeGen_Private@@B	Label
14cf45790	Z_Construct_UFunction_UProgressionManager_GetDurationText_Statics::NewProp_ReturnValue	Label
14cf45790	?NewProp_ReturnValue@Z_Construct_UFunction_UProgressionManager_GetDurationText_Statics@@2UFGenericPropertyParams@UECodeGen_Private@@B	Label
14cf457c8	Z_Construct_UFunction_UProgressionManager_GetDurationText_Statics::PropPointers	Label
14cf457c8	?PropPointers@Z_Construct_UFunction_UProgressionManager_GetDurationText_Statics@@2QBQEBUFPropertyParamsBase@UECodeGen_Private@@B	Label
14cf457e0	Z_Construct_UFunction_UProgressionManager_GetEdgesText_Statics::NewProp_Stats	Label
14cf457e0	?NewProp_Stats@Z_Construct_UFunction_UProgressionManager_GetEdgesText_Statics@@2UFStructPropertyParams@UECodeGen_Private@@B	Label
14cf45820	Z_Construct_UFunction_UProgressionManager_GetEdgesText_Statics::NewProp_ReturnValue	Label
14cf45820	?NewProp_ReturnValue@Z_Construct_UFunction_UProgressionManager_GetEdgesText_Statics@@2UFGenericPropertyParams@UECodeGen_Private@@B	Label
14cf45858	Z_Construct_UFunction_UProgressionManager_GetEdgesText_Statics::PropPointers	Label
14cf45888	Z_Construct_UFunction_UProgressionManager_GetEquippedPlayerCard_Statics::NewProp_ReturnValue	Label
14cf458d0	Z_Construct_UFunction_UProgressionManager_GetEquippedPlayerCard_Statics::PropPointers	Label
14cf458d0	?PropPointers@Z_Construct_UFunction_UProgressionManager_GetEquippedPlayerCard_Statics@@2QBQEBUFPropertyParamsBase@UECodeGen_Private@@B	Label
14cf45a00	Z_Construct_UFunction_UProgressionManager_GetGlobalLifetimeBest_Statics::NewProp_Metric_Underlying	Label
14cf45a00	?NewProp_Metric_Underlying@Z_Construct_UFunction_UProgressionManager_GetGlobalLifetimeBest_Statics@@2UFBytePropertyParams@UECodeGen_Private@@B	Label
14cf45a40	Z_Construct_UFunction_UProgressionManager_GetGlobalLifetimeBest_Statics::NewProp_Metric	Label
14cf45a40	?NewProp_Metric@Z_Construct_UFunction_UProgressionManager_GetGlobalLifetimeBest_Statics@@2UFEnumPropertyParams@UECodeGen_Private@@B	Label
14cf45a80	Z_Construct_UFunction_UProgressionManager_GetGlobalLifetimeBest_Statics::NewProp_ReturnValue	Label
14cf45ab8	Z_Construct_UFunction_UProgressionManager_GetGlobalLifetimeBest_Statics::PropPointers	Label
14cf45ab8	?PropPointers@Z_Construct_UFunction_UProgressionManager_GetGlobalLifetimeBest_Statics@@2QBQEBUFPropertyParamsBase@UECodeGen_Private@@B	Label
14cf45ad8	Z_Construct_UFunction_UProgressionManager_GetHighscoresText_Statics::NewProp_ReturnValue	Label
14cf45b10	Z_Construct_UFunction_UProgressionManager_GetHighscoresText_Statics::PropPointers	Label
14cf45b10	?PropPointers@Z_Construct_UFunction_UProgressionManager_GetHighscoresText_Statics@@2QBQEBUFPropertyParamsBase@UECodeGen_Private@@B	Label
14cf45b18	Z_Construct_UFunction_UProgressionManager_GetIconForLevel_Statics::NewProp_Level	Label
14cf45b18	?NewProp_Level@Z_Construct_UFunction_UProgressionManager_GetIconForLevel_Statics@@2UFGenericPropertyParams@UECodeGen_Private@@B	Label
14cf45b50	Z_Construct_UFunction_UProgressionManager_GetIconForLevel_Statics::NewProp_ReturnValue	Label
14cf45b50	?NewProp_ReturnValue@Z_Construct_UFunction_UProgressionManager_GetIconForLevel_Statics@@2UFObjectPropertyParams@UECodeGen_Private@@B	Label
14cf45b90	Z_Construct_UFunction_UProgressionManager_GetIconForLevel_Statics::PropPointers	Label
14cf45ba0	Z_Construct_UFunction_UProgressionManager_GetLevelProgressPercent_Statics::NewProp_ReturnValue	Label
14cf45ba0	?NewProp_ReturnValue@Z_Construct_UFunction_UProgressionManager_GetLevelProgressPercent_Statics@@2UFGenericPropertyParams@UECodeGen_Private@@B	Label
14cf45be8	Z_Construct_UFunction_UProgressionManager_GetLevelProgressPercent_Statics::PropPointers	Label
14cf45be8	?PropPointers@Z_Construct_UFunction_UProgressionManager_GetLevelProgressPercent_Statics@@2QBQEBUFPropertyParamsBase@UECodeGen_Private@@B	Label
14cf45d18	Z_Construct_UFunction_UProgressionManager_GetLifetimeBestEdgeStreak_Statics::NewProp_ReturnValue	Label
14cf45d18	?NewProp_ReturnValue@Z_Construct_UFunction_UProgressionManager_GetLifetimeBestEdgeStreak_Statics@@2UFGenericPropertyParams@UECodeGen_Private@@B	Label
14cf45d70	Z_Construct_UFunction_UProgressionManager_GetLifetimeBestEdgeStreak_Statics::PropPointers	Label
14cf45d78	Z_Construct_UFunction_UProgressionManager_GetLifetimeBestForChallenge_Statics::NewProp_ChallengeID	Label
14cf45db0	Z_Construct_UFunction_UProgressionManager_GetLifetimeBestForChallenge_Statics::NewProp_RequirementIndex	Label
14cf45db0	?NewProp_RequirementIndex@Z_Construct_UFunction_UProgressionManager_GetLifetimeBestForChallenge_Statics@@2UFGenericPropertyParams@UECodeGen_Private@@B	Label
14cf45de8	Z_Construct_UFunction_UProgressionManager_GetLifetimeBestForChallenge_Statics::NewProp_ReturnValue	Label
14cf45de8	?NewProp_ReturnValue@Z_Construct_UFunction_UProgressionManager_GetLifetimeBestForChallenge_Statics@@2UFGenericPropertyParams@UECodeGen_Private@@B	Label
14cf45e20	Z_Construct_UFunction_UProgressionManager_GetLifetimeBestForChallenge_Statics::PropPointers	Label
14cf45e50	Z_Construct_UFunction_UProgressionManager_GetLifetimeStats_Statics::NewProp_ReturnValue	Label
14cf45e50	?NewProp_ReturnValue@Z_Construct_UFunction_UProgressionManager_GetLifetimeStats_Statics@@2UFStructPropertyParams@UECodeGen_Private@@B	Label
14cf45e90	Z_Construct_UFunction_UProgressionManager_GetLifetimeStats_Statics::PropPointers	Label
14cf45e98	Z_Construct_UFunction_UProgressionManager_GetLifetimeStatsText_Statics::NewProp_ReturnValue	Label
14cf45e98	?NewProp_ReturnValue@Z_Construct_UFunction_UProgressionManager_GetLifetimeStatsText_Statics@@2UFGenericPropertyParams@UECodeGen_Private@@B	Label
14cf45ed0	Z_Construct_UFunction_UProgressionManager_GetLifetimeStatsText_Statics::PropPointers	Label
14cf45ed0	?PropPointers@Z_Construct_UFunction_UProgressionManager_GetLifetimeStatsText_Statics@@2QBQEBUFPropertyParamsBase@UECodeGen_Private@@B	Label
14cf45f50	Z_Construct_UFunction_UProgressionManager_GetLockedModifiers_Statics::NewProp_ReturnValue_Inner	Label
14cf45f50	?NewProp_ReturnValue_Inner@Z_Construct_UFunction_UProgressionManager_GetLockedModifiers_Statics@@2UFGenericPropertyParams@UECodeGen_Private@@B	Label
14cf45f88	Z_Construct_UFunction_UProgressionManager_GetLockedModifiers_Statics::NewProp_ReturnValue	Label
14cf45ff8	Z_Construct_UFunction_UProgressionManager_GetLockedModifiers_Statics::PropPointers	Label
14cf45ff8	?PropPointers@Z_Construct_UFunction_UProgressionManager_GetLockedModifiers_Statics@@2QBQEBUFPropertyParamsBase@UECodeGen_Private@@B	Label
14cf46410	Z_Construct_UFunction_UProgressionManager_GetMetricDisplayName_Statics::NewProp_Metric_Underlying	Label
14cf46410	?NewProp_Metric_Underlying@Z_Construct_UFunction_UProgressionManager_GetMetricDisplayName_Statics@@2UFBytePropertyParams@UECodeGen_Private@@B	Label
14cf46450	Z_Construct_UFunction_UProgressionManager_GetMetricDisplayName_Statics::NewProp_Metric	Label
14cf46490	Z_Construct_UFunction_UProgressionManager_GetMetricDisplayName_Statics::NewProp_ReturnValue	Label
14cf464c8	Z_Construct_UFunction_UProgressionManager_GetMetricDisplayName_Statics::PropPointers	Label
14cf464e0	Z_Construct_UFunction_UProgressionManager_GetModifierData_Statics::NewProp_ModifierID	Label
14cf464e0	?NewProp_ModifierID@Z_Construct_UFunction_UProgressionManager_GetModifierData_Statics@@2UFGenericPropertyParams@UECodeGen_Private@@B	Label
14cf46520	Z_Construct_UFunction_UProgressionManager_GetModifierData_Statics::NewProp_ReturnValue	Label
14cf46560	Z_Construct_UFunction_UProgressionManager_GetModifierData_Statics::PropPointers	Label
14cf46570	Z_Construct_UFunction_UProgressionManager_GetNextLevelIcon_Statics::NewProp_ReturnValue	Label
14cf46570	?NewProp_ReturnValue@Z_Construct_UFunction_UProgressionManager_GetNextLevelIcon_Statics@@2UFObjectPropertyParams@UECodeGen_Private@@B	Label
14cf465b0	Z_Construct_UFunction_UProgressionManager_GetNextLevelIcon_Statics::PropPointers	Label
14cf465b0	?PropPointers@Z_Construct_UFunction_UProgressionManager_GetNextLevelIcon_Statics@@2QBQEBUFPropertyParamsBase@UECodeGen_Private@@B	Label
14cf465d8	Z_Construct_UFunction_UProgressionManager_GetPlayerCardData_Statics::NewProp_CardID	Label
14cf465d8	?NewProp_CardID@Z_Construct_UFunction_UProgressionManager_GetPlayerCardData_Statics@@2UFGenericPropertyParams@UECodeGen_Private@@B	Label
14cf46610	Z_Construct_UFunction_UProgressionManager_GetPlayerCardData_Statics::NewProp_ReturnValue	Label
14cf46660	Z_Construct_UFunction_UProgressionManager_GetPlayerCardData_Statics::PropPointers	Label
14cf46660	?PropPointers@Z_Construct_UFunction_UProgressionManager_GetPlayerCardData_Statics@@2QBQEBUFPropertyParamsBase@UECodeGen_Private@@B	Label
14cf466e0	Z_Construct_UFunction_UProgressionManager_GetRequirementDisplayText_Statics::NewProp_ChallengeID	Label
14cf466e0	?NewProp_ChallengeID@Z_Construct_UFunction_UProgressionManager_GetRequirementDisplayText_Statics@@2UFGenericPropertyParams@UECodeGen_Private@@B	Label
14cf46718	Z_Construct_UFunction_UProgressionManager_GetRequirementDisplayText_Statics::NewProp_RequirementIndex	Label
14cf46768	Z_Construct_UFunction_UProgressionManager_GetRequirementDisplayText_Statics::NewProp_ReturnValue	Label
14cf467a0	Z_Construct_UFunction_UProgressionManager_GetRequirementDisplayText_Statics::PropPointers	Label
14cf467a0	?PropPointers@Z_Construct_UFunction_UProgressionManager_GetRequirementDisplayText_Statics@@2QBQEBUFPropertyParamsBase@UECodeGen_Private@@B	Label
14cf46840	Z_Construct_UFunction_UProgressionManager_GetRequirementProgressPercent_Statics::NewProp_ChallengeID	Label
14cf46840	?NewProp_ChallengeID@Z_Construct_UFunction_UProgressionManager_GetRequirementProgressPercent_Statics@@2UFGenericPropertyParams@UECodeGen_Private@@B	Label
14cf46880	Z_Construct_UFunction_UProgressionManager_GetRequirementProgressPercent_Statics::NewProp_RequirementIndex	Label
14cf46880	?NewProp_RequirementIndex@Z_Construct_UFunction_UProgressionManager_GetRequirementProgressPercent_Statics@@2UFGenericPropertyParams@UECodeGen_Private@@B	Label
14cf468c0	Z_Construct_UFunction_UProgressionManager_GetRequirementProgressPercent_Statics::NewProp_ReturnValue	Label
14cf468c0	?NewProp_ReturnValue@Z_Construct_UFunction_UProgressionManager_GetRequirementProgressPercent_Statics@@2UFGenericPropertyParams@UECodeGen_Private@@B	Label
14cf46940	Z_Construct_UFunction_UProgressionManager_GetRequirementProgressPercent_Statics::PropPointers	Label
14cf46970	Z_Construct_UFunction_UProgressionManager_GetRewardsText_Statics::NewProp_RewardData	Label
14cf46970	?NewProp_RewardData@Z_Construct_UFunction_UProgressionManager_GetRewardsText_Statics@@2UFStructPropertyParams@UECodeGen_Private@@B	Label
14cf469b0	Z_Construct_UFunction_UProgressionManager_GetRewardsText_Statics::NewProp_ReturnValue	Label
14cf469b0	?NewProp_ReturnValue@Z_Construct_UFunction_UProgressionManager_GetRewardsText_Statics@@2UFGenericPropertyParams@UECodeGen_Private@@B	Label
14cf469e8	Z_Construct_UFunction_UProgressionManager_GetRewardsText_Statics::PropPointers	Label
14cf46a08	Z_Construct_UFunction_UProgressionManager_GetSessionBestConsecutiveSuccubi_Statics::NewProp_ReturnValue	Label
14cf46a08	?NewProp_ReturnValue@Z_Construct_UFunction_UProgressionManager_GetSessionBestConsecutiveSuccubi_Statics@@2UFGenericPropertyParams@UECodeGen_Private@@B	Label
14cf46a40	Z_Construct_UFunction_UProgressionManager_GetSessionBestConsecutiveSuccubi_Statics::PropPointers	Label
14cf46a40	?PropPointers@Z_Construct_UFunction_UProgressionManager_GetSessionBestConsecutiveSuccubi_Statics@@2QBQEBUFPropertyParamsBase@UECodeGen_Private@@B	Label
14cf46b48	Z_Construct_UFunction_UProgressionManager_GetSessionBestEdgeStreak_Statics::NewProp_ReturnValue	Label
14cf46b48	?NewProp_ReturnValue@Z_Construct_UFunction_UProgressionManager_GetSessionBestEdgeStreak_Statics@@2UFGenericPropertyParams@UECodeGen_Private@@B	Label
14cf46b80	Z_Construct_UFunction_UProgressionManager_GetSessionBestEdgeStreak_Statics::PropPointers	Label
14cf46bd0	Z_Construct_UFunction_UProgressionManager_GetStatValueText_Statics::NewProp_Metric_Underlying	Label
14cf46bd0	?NewProp_Metric_Underlying@Z_Construct_UFunction_UProgressionManager_GetStatValueText_Statics@@2UFBytePropertyParams@UECodeGen_Private@@B	Label
14cf46c10	Z_Construct_UFunction_UProgressionManager_GetStatValueText_Statics::NewProp_Metric	Label
14cf46c50	Z_Construct_UFunction_UProgressionManager_GetStatValueText_Statics::NewProp_bUseLifetime	Label
14cf46c50	?NewProp_bUseLifetime@Z_Construct_UFunction_UProgressionManager_GetStatValueText_Statics@@2UFBoolPropertyParams@UECodeGen_Private@@B	Label
14cf46c90	Z_Construct_UFunction_UProgressionManager_GetStatValueText_Statics::NewProp_ReturnValue	Label
14cf46cc8	Z_Construct_UFunction_UProgressionManager_GetStatValueText_Statics::PropPointers	Label
14cf46da0	Z_Construct_UFunction_UProgressionManager_GetStrokesText_Statics::NewProp_Stats	Label
14cf46da0	?NewProp_Stats@Z_Construct_UFunction_UProgressionManager_GetStrokesText_Statics@@2UFStructPropertyParams@UECodeGen_Private@@B	Label
14cf46de0	Z_Construct_UFunction_UProgressionManager_GetStrokesText_Statics::NewProp_ReturnValue	Label
14cf46e18	Z_Construct_UFunction_UProgressionManager_GetStrokesText_Statics::PropPointers	Label
14cf46e18	?PropPointers@Z_Construct_UFunction_UProgressionManager_GetStrokesText_Statics@@2QBQEBUFPropertyParamsBase@UECodeGen_Private@@B	Label
14cf46ea8	Z_Construct_UFunction_UProgressionManager_GetTitleForLevel_Statics::NewProp_Level	Label
14cf46ee0	Z_Construct_UFunction_UProgressionManager_GetTitleForLevel_Statics::NewProp_ReturnValue	Label
14cf46ee0	?NewProp_ReturnValue@Z_Construct_UFunction_UProgressionManager_GetTitleForLevel_Statics@@2UFGenericPropertyParams@UECodeGen_Private@@B	Label
14cf46f18	Z_Construct_UFunction_UProgressionManager_GetTitleForLevel_Statics::PropPointers	Label
14cf46f18	?PropPointers@Z_Construct_UFunction_UProgressionManager_GetTitleForLevel_Statics@@2QBQEBUFPropertyParamsBase@UECodeGen_Private@@B	Label
14cf46f48	Z_Construct_UFunction_UProgressionManager_GetTotalChallengeCount_Statics::NewProp_ReturnValue	Label
14cf46f80	Z_Construct_UFunction_UProgressionManager_GetTotalChallengeCount_Statics::PropPointers	Label
14cf46f80	?PropPointers@Z_Construct_UFunction_UProgressionManager_GetTotalChallengeCount_Statics@@2QBQEBUFPropertyParamsBase@UECodeGen_Private@@B	Label
14cf47000	Z_Construct_UFunction_UProgressionManager_GetTrackedChallenges_Statics::NewProp_ReturnValue_Inner	Label
14cf47000	?NewProp_ReturnValue_Inner@Z_Construct_UFunction_UProgressionManager_GetTrackedChallenges_Statics@@2UFGenericPropertyParams@UECodeGen_Private@@B	Label
14cf47038	Z_Construct_UFunction_UProgressionManager_GetTrackedChallenges_Statics::NewProp_ReturnValue	Label
14cf47070	Z_Construct_UFunction_UProgressionManager_GetTrackedChallenges_Statics::PropPointers	Label
14cf47070	?PropPointers@Z_Construct_UFunction_UProgressionManager_GetTrackedChallenges_Statics@@2QBQEBUFPropertyParamsBase@UECodeGen_Private@@B	Label
14cf470f0	Z_Construct_UFunction_UProgressionManager_GetUnlockedModifiers_Statics::NewProp_ReturnValue_Inner	Label
14cf470f0	?NewProp_ReturnValue_Inner@Z_Construct_UFunction_UProgressionManager_GetUnlockedModifiers_Statics@@2UFGenericPropertyParams@UECodeGen_Private@@B	Label
14cf47128	Z_Construct_UFunction_UProgressionManager_GetUnlockedModifiers_Statics::NewProp_ReturnValue	Label
14cf47128	?NewProp_ReturnValue@Z_Construct_UFunction_UProgressionManager_GetUnlockedModifiers_Statics@@2UFArrayPropertyParams@UECodeGen_Private@@B	Label
14cf47160	Z_Construct_UFunction_UProgressionManager_GetUnlockedModifiers_Statics::PropPointers	Label
14cf47160	?PropPointers@Z_Construct_UFunction_UProgressionManager_GetUnlockedModifiers_Statics@@2QBQEBUFPropertyParamsBase@UECodeGen_Private@@B	Label
14cf47170	Z_Construct_UFunction_UProgressionManager_GetUnlockedPlayerCards_Statics::NewProp_ReturnValue_Inner	Label
14cf471a8	Z_Construct_UFunction_UProgressionManager_GetUnlockedPlayerCards_Statics::NewProp_ReturnValue	Label
14cf471e0	Z_Construct_UFunction_UProgressionManager_GetUnlockedPlayerCards_Statics::PropPointers	Label
14cf471f0	Z_Construct_UFunction_UProgressionManager_GetUnlockPoints_Statics::NewProp_ReturnValue	Label
14cf471f0	?NewProp_ReturnValue@Z_Construct_UFunction_UProgressionManager_GetUnlockPoints_Statics@@2UFGenericPropertyParams@UECodeGen_Private@@B	Label
14cf47228	Z_Construct_UFunction_UProgressionManager_GetUnlockPoints_Statics::PropPointers	Label
14cf47228	?PropPointers@Z_Construct_UFunction_UProgressionManager_GetUnlockPoints_Statics@@2QBQEBUFPropertyParamsBase@UECodeGen_Private@@B	Label
14cf47230	Z_Construct_UFunction_UProgressionManager_GetWinRateText_Statics::NewProp_ReturnValue	Label
14cf47268	Z_Construct_UFunction_UProgressionManager_GetWinRateText_Statics::PropPointers	Label
14cf47270	Z_Construct_UFunction_UProgressionManager_GetXPForNextLevel_Statics::NewProp_ReturnValue	Label
14cf472a8	Z_Construct_UFunction_UProgressionManager_GetXPForNextLevel_Statics::PropPointers	Label
14cf472a8	?PropPointers@Z_Construct_UFunction_UProgressionManager_GetXPForNextLevel_Statics@@2QBQEBUFPropertyParamsBase@UECodeGen_Private@@B	Label
14cf472b0	Z_Construct_UFunction_UProgressionManager_GetXPProgressInCurrentLevel_Statics::NewProp_ReturnValue	Label
14cf472b0	?NewProp_ReturnValue@Z_Construct_UFunction_UProgressionManager_GetXPProgressInCurrentLevel_Statics@@2UFGenericPropertyParams@UECodeGen_Private@@B	Label
14cf472e8	Z_Construct_UFunction_UProgressionManager_GetXPProgressInCurrentLevel_Statics::PropPointers	Label
14cf472e8	?PropPointers@Z_Construct_UFunction_UProgressionManager_GetXPProgressInCurrentLevel_Statics@@2QBQEBUFPropertyParamsBase@UECodeGen_Private@@B	Label
14cf472f0	Z_Construct_UFunction_UProgressionManager_IsChallengeComplete_Statics::NewProp_ChallengeID	Label
14cf47330	Z_Construct_UFunction_UProgressionManager_IsChallengeComplete_Statics::NewProp_ReturnValue	Label
14cf47370	Z_Construct_UFunction_UProgressionManager_IsChallengeComplete_Statics::PropPointers	Label
14cf47370	?PropPointers@Z_Construct_UFunction_UProgressionManager_IsChallengeComplete_Statics@@2QBQEBUFPropertyParamsBase@UECodeGen_Private@@B	Label
14cf47380	Z_Construct_UFunction_UProgressionManager_IsChallengeTracked_Statics::NewProp_ChallengeID	Label
14cf47380	?NewProp_ChallengeID@Z_Construct_UFunction_UProgressionManager_IsChallengeTracked_Statics@@2UFGenericPropertyParams@UECodeGen_Private@@B	Label
14cf473c0	Z_Construct_UFunction_UProgressionManager_IsChallengeTracked_Statics::NewProp_ReturnValue	Label
14cf473c0	?NewProp_ReturnValue@Z_Construct_UFunction_UProgressionManager_IsChallengeTracked_Statics@@2UFBoolPropertyParams@UECodeGen_Private@@B	Label
14cf47400	Z_Construct_UFunction_UProgressionManager_IsChallengeTracked_Statics::PropPointers	Label
14cf47400	?PropPointers@Z_Construct_UFunction_UProgressionManager_IsChallengeTracked_Statics@@2QBQEBUFPropertyParamsBase@UECodeGen_Private@@B	Label
14cf47410	Z_Construct_UFunction_UProgressionManager_IsModifierUnlocked_Statics::NewProp_ModifierID	Label
14cf47410	?NewProp_ModifierID@Z_Construct_UFunction_UProgressionManager_IsModifierUnlocked_Statics@@2UFGenericPropertyParams@UECodeGen_Private@@B	Label
14cf47450	Z_Construct_UFunction_UProgressionManager_IsModifierUnlocked_Statics::NewProp_ReturnValue	Label
14cf47450	?NewProp_ReturnValue@Z_Construct_UFunction_UProgressionManager_IsModifierUnlocked_Statics@@2UFBoolPropertyParams@UECodeGen_Private@@B	Label
14cf47490	Z_Construct_UFunction_UProgressionManager_IsModifierUnlocked_Statics::PropPointers	Label
14cf47490	?PropPointers@Z_Construct_UFunction_UProgressionManager_IsModifierUnlocked_Statics@@2QBQEBUFPropertyParamsBase@UECodeGen_Private@@B	Label
14cf474a0	Z_Construct_UFunction_UProgressionManager_IsPackChallengeReward_Statics::NewProp_PackName	Label
14cf474e0	Z_Construct_UFunction_UProgressionManager_IsPackChallengeReward_Statics::NewProp_ReturnValue	Label
14cf474e0	?NewProp_ReturnValue@Z_Construct_UFunction_UProgressionManager_IsPackChallengeReward_Statics@@2UFBoolPropertyParams@UECodeGen_Private@@B	Label
14cf47520	Z_Construct_UFunction_UProgressionManager_IsPackChallengeReward_Statics::PropPointers	Label
14cf47530	Z_Construct_UFunction_UProgressionManager_IsPlayerCardUnlocked_Statics::NewProp_CardID	Label
14cf47530	?NewProp_CardID@Z_Construct_UFunction_UProgressionManager_IsPlayerCardUnlocked_Statics@@2UFGenericPropertyParams@UECodeGen_Private@@B	Label
14cf47570	Z_Construct_UFunction_UProgressionManager_IsPlayerCardUnlocked_Statics::NewProp_ReturnValue	Label
14cf47570	?NewProp_ReturnValue@Z_Construct_UFunction_UProgressionManager_IsPlayerCardUnlocked_Statics@@2UFBoolPropertyParams@UECodeGen_Private@@B	Label
14cf475b0	Z_Construct_UFunction_UProgressionManager_IsPlayerCardUnlocked_Statics::PropPointers	Label
14cf475c0	Z_Construct_UFunction_UProgressionManager_PrepareSessionRewards_Statics::NewProp_Stats	Label
14cf475c0	?NewProp_Stats@Z_Construct_UFunction_UProgressionManager_PrepareSessionRewards_Statics@@2UFStructPropertyParams@UECodeGen_Private@@B	Label
14cf47600	Z_Construct_UFunction_UProgressionManager_PrepareSessionRewards_Statics::NewProp_ReturnValue	Label
14cf47600	?NewProp_ReturnValue@Z_Construct_UFunction_UProgressionManager_PrepareSessionRewards_Statics@@2UFStructPropertyParams@UECodeGen_Private@@B	Label
14cf47640	Z_Construct_UFunction_UProgressionManager_PrepareSessionRewards_Statics::PropPointers	Label
14cf47640	?PropPointers@Z_Construct_UFunction_UProgressionManager_PrepareSessionRewards_Statics@@2QBQEBUFPropertyParamsBase@UECodeGen_Private@@B	Label
14cf47650	Z_Construct_UFunction_UProgressionManager_RecordSessionMetric_Statics::NewProp_Metric_Underlying	Label
14cf47650	?NewProp_Metric_Underlying@Z_Construct_UFunction_UProgressionManager_RecordSessionMetric_Statics@@2UFBytePropertyParams@UECodeGen_Private@@B	Label
14cf47690	Z_Construct_UFunction_UProgressionManager_RecordSessionMetric_Statics::NewProp_Metric	Label
14cf47690	?NewProp_Metric@Z_Construct_UFunction_UProgressionManager_RecordSessionMetric_Statics@@2UFEnumPropertyParams@UECodeGen_Private@@B	Label
14cf476d0	Z_Construct_UFunction_UProgressionManager_RecordSessionMetric_Statics::NewProp_Value	Label
14cf47708	Z_Construct_UFunction_UProgressionManager_RecordSessionMetric_Statics::PropPointers	Label
14cf47708	?PropPointers@Z_Construct_UFunction_UProgressionManager_RecordSessionMetric_Statics@@2QBQEBUFPropertyParamsBase@UECodeGen_Private@@B	Label
14cf47720	Z_Construct_UFunction_UProgressionManager_RemoveModifier_Statics::NewProp_ModifierName	Label
14cf47720	?NewProp_ModifierName@Z_Construct_UFunction_UProgressionManager_RemoveModifier_Statics@@2UFGenericPropertyParams@UECodeGen_Private@@B	Label
14cf47758	Z_Construct_UFunction_UProgressionManager_RemoveModifier_Statics::PropPointers	Label
14cf47760	Z_Construct_UFunction_UProgressionManager_SetChallengeDataTable_Statics::NewProp_InChallengeTable	Label
14cf47760	?NewProp_InChallengeTable@Z_Construct_UFunction_UProgressionManager_SetChallengeDataTable_Statics@@2UFObjectPropertyParams@UECodeGen_Private@@B	Label
14cf477a0	Z_Construct_UFunction_UProgressionManager_SetChallengeDataTable_Statics::PropPointers	Label
14cf477c0	Z_Construct_UFunction_UProgressionManager_SetConsecutiveSuccubi_Statics::NewProp_StreakValue	Label
14cf477c0	?NewProp_StreakValue@Z_Construct_UFunction_UProgressionManager_SetConsecutiveSuccubi_Statics@@2UFGenericPropertyParams@UECodeGen_Private@@B	Label
14cf477f8	Z_Construct_UFunction_UProgressionManager_SetConsecutiveSuccubi_Statics::PropPointers	Label
14cf477f8	?PropPointers@Z_Construct_UFunction_UProgressionManager_SetConsecutiveSuccubi_Statics@@2QBQEBUFPropertyParamsBase@UECodeGen_Private@@B	Label
14cf47810	Z_Construct_UFunction_UProgressionManager_SetEdgeStreak_Statics::NewProp_StreakValue	Label
14cf47848	Z_Construct_UFunction_UProgressionManager_SetEdgeStreak_Statics::PropPointers	Label
14cf47848	?PropPointers@Z_Construct_UFunction_UProgressionManager_SetEdgeStreak_Statics@@2QBQEBUFPropertyParamsBase@UECodeGen_Private@@B	Label
14cf47850	Z_Construct_UFunction_UProgressionManager_SetLevelDataTable_Statics::NewProp_InLevelTable	Label
14cf47890	Z_Construct_UFunction_UProgressionManager_SetLevelDataTable_Statics::PropPointers	Label
14cf478b0	Z_Construct_UFunction_UProgressionManager_SetModifierDataTable_Statics::NewProp_InModifierTable	Label
14cf478f0	Z_Construct_UFunction_UProgressionManager_SetModifierDataTable_Statics::PropPointers	Label
14cf478f0	?PropPointers@Z_Construct_UFunction_UProgressionManager_SetModifierDataTable_Statics@@2QBQEBUFPropertyParamsBase@UECodeGen_Private@@B	Label
14cf47910	Z_Construct_UFunction_UProgressionManager_SetPlayerCardDataTable_Statics::NewProp_InPlayerCardTable	Label
14cf47910	?NewProp_InPlayerCardTable@Z_Construct_UFunction_UProgressionManager_SetPlayerCardDataTable_Statics@@2UFObjectPropertyParams@UECodeGen_Private@@B	Label
14cf47950	Z_Construct_UFunction_UProgressionManager_SetPlayerCardDataTable_Statics::PropPointers	Label
14cf47970	Z_Construct_UFunction_UProgressionManager_SetSessionMetric_Statics::NewProp_Metric_Underlying	Label
14cf479b0	Z_Construct_UFunction_UProgressionManager_SetSessionMetric_Statics::NewProp_Metric	Label
14cf479b0	?NewProp_Metric@Z_Construct_UFunction_UProgressionManager_SetSessionMetric_Statics@@2UFEnumPropertyParams@UECodeGen_Private@@B	Label
14cf479f0	Z_Construct_UFunction_UProgressionManager_SetSessionMetric_Statics::NewProp_Value	Label
14cf479f0	?NewProp_Value@Z_Construct_UFunction_UProgressionManager_SetSessionMetric_Statics@@2UFGenericPropertyParams@UECodeGen_Private@@B	Label
14cf47a28	Z_Construct_UFunction_UProgressionManager_SetSessionMetric_Statics::PropPointers	Label
14cf47a28	?PropPointers@Z_Construct_UFunction_UProgressionManager_SetSessionMetric_Statics@@2QBQEBUFPropertyParamsBase@UECodeGen_Private@@B	Label
14cf47a40	Z_Construct_UFunction_UProgressionManager_SetStrokeCombo_Statics::NewProp_ComboValue	Label
14cf47a40	?NewProp_ComboValue@Z_Construct_UFunction_UProgressionManager_SetStrokeCombo_Statics@@2UFGenericPropertyParams@UECodeGen_Private@@B	Label
14cf47a78	Z_Construct_UFunction_UProgressionManager_SetStrokeCombo_Statics::PropPointers	Label
14cf47a78	?PropPointers@Z_Construct_UFunction_UProgressionManager_SetStrokeCombo_Statics@@2QBQEBUFPropertyParamsBase@UECodeGen_Private@@B	Label
14cf47a90	Z_Construct_UFunction_UProgressionManager_SpendUnlockPoints_Statics::NewProp_Amount	Label
14cf47ad0	Z_Construct_UFunction_UProgressionManager_SpendUnlockPoints_Statics::NewProp_ReturnValue	Label
14cf47ad0	?NewProp_ReturnValue@Z_Construct_UFunction_UProgressionManager_SpendUnlockPoints_Statics@@2UFBoolPropertyParams@UECodeGen_Private@@B	Label
14cf47b10	Z_Construct_UFunction_UProgressionManager_SpendUnlockPoints_Statics::PropPointers	Label
14cf47b20	Z_Construct_UFunction_UProgressionManager_TrackChallenge_Statics::NewProp_ChallengeID	Label
14cf47b20	?NewProp_ChallengeID@Z_Construct_UFunction_UProgressionManager_TrackChallenge_Statics@@2UFGenericPropertyParams@UECodeGen_Private@@B	Label
14cf47b60	Z_Construct_UFunction_UProgressionManager_TrackChallenge_Statics::NewProp_ReturnValue	Label
14cf47b60	?NewProp_ReturnValue@Z_Construct_UFunction_UProgressionManager_TrackChallenge_Statics@@2UFBoolPropertyParams@UECodeGen_Private@@B	Label
14cf47ba0	Z_Construct_UFunction_UProgressionManager_TrackChallenge_Statics::PropPointers	Label
14cf47ba0	?PropPointers@Z_Construct_UFunction_UProgressionManager_TrackChallenge_Statics@@2QBQEBUFPropertyParamsBase@UECodeGen_Private@@B	Label
14cf47bb0	Z_Construct_UFunction_UProgressionManager_UnlockModifier_Statics::NewProp_ModifierID	Label
14cf47bb0	?NewProp_ModifierID@Z_Construct_UFunction_UProgressionManager_UnlockModifier_Statics@@2UFGenericPropertyParams@UECodeGen_Private@@B	Label
14cf47bf0	Z_Construct_UFunction_UProgressionManager_UnlockModifier_Statics::NewProp_ReturnValue	Label
14cf47c30	Z_Construct_UFunction_UProgressionManager_UnlockModifier_Statics::PropPointers	Label
14cf47c30	?PropPointers@Z_Construct_UFunction_UProgressionManager_UnlockModifier_Statics@@2QBQEBUFPropertyParamsBase@UECodeGen_Private@@B	Label
14cf47c40	Z_Construct_UFunction_UProgressionManager_UnlockPlayerCard_Statics::NewProp_CardID	Label
14cf47c40	?NewProp_CardID@Z_Construct_UFunction_UProgressionManager_UnlockPlayerCard_Statics@@2UFGenericPropertyParams@UECodeGen_Private@@B	Label
14cf47c80	Z_Construct_UFunction_UProgressionManager_UnlockPlayerCard_Statics::NewProp_ReturnValue	Label
14cf47c80	?NewProp_ReturnValue@Z_Construct_UFunction_UProgressionManager_UnlockPlayerCard_Statics@@2UFBoolPropertyParams@UECodeGen_Private@@B	Label
14cf47cc0	Z_Construct_UFunction_UProgressionManager_UnlockPlayerCard_Statics::PropPointers	Label
14cf47cd0	Z_Construct_UFunction_UProgressionManager_UntrackChallenge_Statics::NewProp_ChallengeID	Label
14cf47cd0	?NewProp_ChallengeID@Z_Construct_UFunction_UProgressionManager_UntrackChallenge_Statics@@2UFGenericPropertyParams@UECodeGen_Private@@B	Label
14cf47d08	Z_Construct_UFunction_UProgressionManager_UntrackChallenge_Statics::PropPointers	Label
14cf47d08	?PropPointers@Z_Construct_UFunction_UProgressionManager_UntrackChallenge_Statics@@2QBQEBUFPropertyParamsBase@UECodeGen_Private@@B	Label
14cf47d10	Z_Construct_UFunction_UProgressionManager_UpdateLifetimeBest_Statics::NewProp_Metric_Underlying	Label
14cf47d50	Z_Construct_UFunction_UProgressionManager_UpdateLifetimeBest_Statics::NewProp_Metric	Label
14cf47d50	?NewProp_Metric@Z_Construct_UFunction_UProgressionManager_UpdateLifetimeBest_Statics@@2UFEnumPropertyParams@UECodeGen_Private@@B	Label
14cf47d90	Z_Construct_UFunction_UProgressionManager_UpdateLifetimeBest_Statics::NewProp_Value	Label
14cf47dc8	Z_Construct_UFunction_UProgressionManager_UpdateLifetimeBest_Statics::PropPointers	Label
14cf47de0	Z_Construct_UFunction_UProgressionManager_UpdateMetric_Statics::NewProp_Metric_Underlying	Label
14cf47de0	?NewProp_Metric_Underlying@Z_Construct_UFunction_UProgressionManager_UpdateMetric_Statics@@2UFBytePropertyParams@UECodeGen_Private@@B	Label
14cf47e20	Z_Construct_UFunction_UProgressionManager_UpdateMetric_Statics::NewProp_Metric	Label
14cf47e20	?NewProp_Metric@Z_Construct_UFunction_UProgressionManager_UpdateMetric_Statics@@2UFEnumPropertyParams@UECodeGen_Private@@B	Label
14cf47e60	Z_Construct_UFunction_UProgressionManager_UpdateMetric_Statics::NewProp_Value	Label
14cf47e60	?NewProp_Value@Z_Construct_UFunction_UProgressionManager_UpdateMetric_Statics@@2UFGenericPropertyParams@UECodeGen_Private@@B	Label
14cf47e98	Z_Construct_UFunction_UProgressionManager_UpdateMetric_Statics::PropPointers	Label
14cf47e98	?PropPointers@Z_Construct_UFunction_UProgressionManager_UpdateMetric_Statics@@2QBQEBUFPropertyParamsBase@UECodeGen_Private@@B	Label
14cf47eb0	Z_Construct_UFunction_UProgressionManager_UpdateMetricWithConditions_Statics::NewProp_Metric_Underlying	Label
14cf47eb0	?NewProp_Metric_Underlying@Z_Construct_UFunction_UProgressionManager_UpdateMetricWithConditions_Statics@@2UFBytePropertyParams@UECodeGen_Private@@B	Label
14cf47ef0	Z_Construct_UFunction_UProgressionManager_UpdateMetricWithConditions_Statics::NewProp_Metric	Label
14cf47ef0	?NewProp_Metric@Z_Construct_UFunction_UProgressionManager_UpdateMetricWithConditions_Statics@@2UFEnumPropertyParams@UECodeGen_Private@@B	Label
14cf47f30	Z_Construct_UFunction_UProgressionManager_UpdateMetricWithConditions_Statics::NewProp_Value	Label
14cf47f30	?NewProp_Value@Z_Construct_UFunction_UProgressionManager_UpdateMetricWithConditions_Statics@@2UFGenericPropertyParams@UECodeGen_Private@@B	Label
14cf47f68	Z_Construct_UFunction_UProgressionManager_UpdateMetricWithConditions_Statics::NewProp_ActiveConditions_Inner	Label
14cf47fa0	Z_Construct_UFunction_UProgressionManager_UpdateMetricWithConditions_Statics::NewProp_ActiveConditions	Label
14cf47fa0	?NewProp_ActiveConditions@Z_Construct_UFunction_UProgressionManager_UpdateMetricWithConditions_Statics@@2UFArrayPropertyParams@UECodeGen_Private@@B	Label
14cf47fd8	Z_Construct_UFunction_UProgressionManager_UpdateMetricWithConditions_Statics::PropPointers	Label
14cf47fd8	?PropPointers@Z_Construct_UFunction_UProgressionManager_UpdateMetricWithConditions_Statics@@2QBQEBUFPropertyParamsBase@UECodeGen_Private@@B	Label
14cf48040	Z_Construct_UClass_UProgressionManager_Statics::DependentSingletons	Label
14cf48040	?DependentSingletons@Z_Construct_UClass_UProgressionManager_Statics@@2QBQ6APEAVUObject@@XZB	Label
14cf48050	Z_Construct_UClass_UProgressionManager_Statics::FuncInfo	Label
14cf48050	?FuncInfo@Z_Construct_UClass_UProgressionManager_Statics@@2QBUFClassFunctionLinkInfo@@B	Label
14cf48780	Z_Construct_UClass_UProgressionManager_Statics::NewProp_OnChallengeProgressUpdate	Label
14cf48780	?NewProp_OnChallengeProgressUpdate@Z_Construct_UClass_UProgressionManager_Statics@@2UFMulticastDelegatePropertyParams@UECodeGen_Private@@B	Label
14cf487c0	Z_Construct_UClass_UProgressionManager_Statics::NewProp_CurrentXP	Label
14cf487c0	?NewProp_CurrentXP@Z_Construct_UClass_UProgressionManager_Statics@@2UFGenericPropertyParams@UECodeGen_Private@@B	Label
14cf487f8	Z_Construct_UClass_UProgressionManager_Statics::NewProp_CurrentLevel	Label
14cf487f8	?NewProp_CurrentLevel@Z_Construct_UClass_UProgressionManager_Statics@@2UFGenericPropertyParams@UECodeGen_Private@@B	Label
14cf48830	Z_Construct_UClass_UProgressionManager_Statics::NewProp_TotalXPEarned	Label
14cf48830	?NewProp_TotalXPEarned@Z_Construct_UClass_UProgressionManager_Statics@@2UFGenericPropertyParams@UECodeGen_Private@@B	Label
14cf48868	Z_Construct_UClass_UProgressionManager_Statics::NewProp_UnlockPoints	Label
14cf488a0	Z_Construct_UClass_UProgressionManager_Statics::NewProp_ChallengeDataTable	Label
14cf488a0	?NewProp_ChallengeDataTable@Z_Construct_UClass_UProgressionManager_Statics@@2UFObjectPropertyParams@UECodeGen_Private@@B	Label
14cf488e0	Z_Construct_UClass_UProgressionManager_Statics::NewProp_LevelDataTable	Label
14cf48920	Z_Construct_UClass_UProgressionManager_Statics::NewProp_StoreController	Label
14cf48920	?NewProp_StoreController@Z_Construct_UClass_UProgressionManager_Statics@@2UFObjectPropertyParams@UECodeGen_Private@@B	Label
14cf48960	Z_Construct_UClass_UProgressionManager_Statics::NewProp_ActiveChallenges_ValueProp	Label
14cf48960	?NewProp_ActiveChallenges_ValueProp@Z_Construct_UClass_UProgressionManager_Statics@@2UFStructPropertyParams@UECodeGen_Private@@B	Label
14cf489a0	Z_Construct_UClass_UProgressionManager_Statics::NewProp_ActiveChallenges_Key_KeyProp	Label
14cf489a0	?NewProp_ActiveChallenges_Key_KeyProp@Z_Construct_UClass_UProgressionManager_Statics@@2UFGenericPropertyParams@UECodeGen_Private@@B	Label
14cf489d8	Z_Construct_UClass_UProgressionManager_Statics::NewProp_ActiveChallenges	Label
14cf489d8	?NewProp_ActiveChallenges@Z_Construct_UClass_UProgressionManager_Statics@@2UFMapPropertyParams@UECodeGen_Private@@B	Label
14cf48a10	Z_Construct_UClass_UProgressionManager_Statics::NewProp_SessionChallenges_ValueProp	Label
14cf48a10	?NewProp_SessionChallenges_ValueProp@Z_Construct_UClass_UProgressionManager_Statics@@2UFStructPropertyParams@UECodeGen_Private@@B	Label
14cf48a50	Z_Construct_UClass_UProgressionManager_Statics::NewProp_SessionChallenges_Key_KeyProp	Label
14cf48a50	?NewProp_SessionChallenges_Key_KeyProp@Z_Construct_UClass_UProgressionManager_Statics@@2UFGenericPropertyParams@UECodeGen_Private@@B	Label
14cf48a88	Z_Construct_UClass_UProgressionManager_Statics::NewProp_SessionChallenges	Label
14cf48a88	?NewProp_SessionChallenges@Z_Construct_UClass_UProgressionManager_Statics@@2UFMapPropertyParams@UECodeGen_Private@@B	Label
14cf48ac0	Z_Construct_UClass_UProgressionManager_Statics::NewProp_CompletedChallenges_ElementProp	Label
14cf48af8	Z_Construct_UClass_UProgressionManager_Statics::NewProp_CompletedChallenges	Label
14cf48af8	?NewProp_CompletedChallenges@Z_Construct_UClass_UProgressionManager_Statics@@2UFGenericPropertyParams@UECodeGen_Private@@B	Label
14cf48b30	Z_Construct_UClass_UProgressionManager_Statics::NewProp_LifetimeBestMetrics_ValueProp	Label
14cf48b30	?NewProp_LifetimeBestMetrics_ValueProp@Z_Construct_UClass_UProgressionManager_Statics@@2UFGenericPropertyParams@UECodeGen_Private@@B	Label
14cf48b70	Z_Construct_UClass_UProgressionManager_Statics::NewProp_LifetimeBestMetrics_Key_KeyProp_Underlying	Label
14cf48b70	?NewProp_LifetimeBestMetrics_Key_KeyProp_Underlying@Z_Construct_UClass_UProgressionManager_Statics@@2UFBytePropertyParams@UECodeGen_Private@@B	Label
14cf48bb0	Z_Construct_UClass_UProgressionManager_Statics::NewProp_LifetimeBestMetrics_Key_KeyProp	Label
14cf48bb0	?NewProp_LifetimeBestMetrics_Key_KeyProp@Z_Construct_UClass_UProgressionManager_Statics@@2UFEnumPropertyParams@UECodeGen_Private@@B	Label
14cf48bf0	Z_Construct_UClass_UProgressionManager_Statics::NewProp_LifetimeBestMetrics	Label
14cf48bf0	?NewProp_LifetimeBestMetrics@Z_Construct_UClass_UProgressionManager_Statics@@2UFMapPropertyParams@UECodeGen_Private@@B	Label
14cf48c30	Z_Construct_UClass_UProgressionManager_Statics::NewProp_CurrentSessionStats	Label
14cf48c30	?NewProp_CurrentSessionStats@Z_Construct_UClass_UProgressionManager_Statics@@2UFStructPropertyParams@UECodeGen_Private@@B	Label
14cf48c70	Z_Construct_UClass_UProgressionManager_Statics::NewProp_LifetimeStats	Label
14cf48c70	?NewProp_LifetimeStats@Z_Construct_UClass_UProgressionManager_Statics@@2UFStructPropertyParams@UECodeGen_Private@@B	Label
14cf48cb0	Z_Construct_UClass_UProgressionManager_Statics::NewProp_TrackedChallenges_Inner	Label
14cf48cb0	?NewProp_TrackedChallenges_Inner@Z_Construct_UClass_UProgressionManager_Statics@@2UFGenericPropertyParams@UECodeGen_Private@@B	Label
14cf48ce8	Z_Construct_UClass_UProgressionManager_Statics::NewProp_TrackedChallenges	Label
14cf48ce8	?NewProp_TrackedChallenges@Z_Construct_UClass_UProgressionManager_Statics@@2UFArrayPropertyParams@UECodeGen_Private@@B	Label
14cf48d20	Z_Construct_UClass_UProgressionManager_Statics::NewProp_OnLevelUp	Label
14cf48d60	Z_Construct_UClass_UProgressionManager_Statics::NewProp_OnChallengeCompleted	Label
14cf48d60	?NewProp_OnChallengeCompleted@Z_Construct_UClass_UProgressionManager_Statics@@2UFMulticastDelegatePropertyParams@UECodeGen_Private@@B	Label
14cf48da0	Z_Construct_UClass_UProgressionManager_Statics::NewProp_OnXPGained	Label
14cf48de0	Z_Construct_UClass_UProgressionManager_Statics::NewProp_OnProgressUpdate	Label
14cf48de0	?NewProp_OnProgressUpdate@Z_Construct_UClass_UProgressionManager_Statics@@2UFMulticastDelegatePropertyParams@UECodeGen_Private@@B	Label
14cf48e20	Z_Construct_UClass_UProgressionManager_Statics::NewProp_PlayerCardDataTable	Label
14cf48e20	?NewProp_PlayerCardDataTable@Z_Construct_UClass_UProgressionManager_Statics@@2UFObjectPropertyParams@UECodeGen_Private@@B	Label
14cf48e60	Z_Construct_UClass_UProgressionManager_Statics::NewProp_UnlockedPlayerCards_ElementProp	Label
14cf48e98	Z_Construct_UClass_UProgressionManager_Statics::NewProp_UnlockedPlayerCards	Label
14cf48e98	?NewProp_UnlockedPlayerCards@Z_Construct_UClass_UProgressionManager_Statics@@2UFGenericPropertyParams@UECodeGen_Private@@B	Label
14cf48ed0	Z_Construct_UClass_UProgressionManager_Statics::NewProp_ModifierDataTable	Label
14cf48ed0	?NewProp_ModifierDataTable@Z_Construct_UClass_UProgressionManager_Statics@@2UFObjectPropertyParams@UECodeGen_Private@@B	Label
14cf48f10	Z_Construct_UClass_UProgressionManager_Statics::NewProp_UnlockedModifiers_ElementProp	Label
14cf48f10	?NewProp_UnlockedModifiers_ElementProp@Z_Construct_UClass_UProgressionManager_Statics@@2UFGenericPropertyParams@UECodeGen_Private@@B	Label
14cf48f48	Z_Construct_UClass_UProgressionManager_Statics::NewProp_UnlockedModifiers	Label
14cf48f80	Z_Construct_UClass_UProgressionManager_Statics::NewProp_EquippedPlayerCard	Label
14cf48fc0	Z_Construct_UClass_UProgressionManager_Statics::PropPointers	Label
14cf48fc0	?PropPointers@Z_Construct_UClass_UProgressionManager_Statics@@2QBQEBUFPropertyParamsBase@UECodeGen_Private@@B	Label
14cf490d8	Z_Construct_UClass_UProgressionManager_Statics::StaticCppClassTypeInfo	Label
14cf490d8	?StaticCppClassTypeInfo@Z_Construct_UClass_UProgressionManager_Statics@@2UFCppClassTypeInfoStatic@@B	Label
14cf490e0	Z_Construct_UClass_UProgressionManager_Statics::ClassParams	Label
14cf490e0	?ClassParams@Z_Construct_UClass_UProgressionManager_Statics@@2UFClassParams@UECodeGen_Private@@B	Label
14cf49998	UProgressionManager::`vftable'	Label
14cf49998	??_7UProgressionManager@@6B@	Label
14cf4b1b0	Z_Construct_UDelegateFunction_UBeatSpawnerManager_OnBeatSpeedChanged__DelegateSignature_Statics::NewProp_BeatIndex	Label
14cf4b1e8	Z_Construct_UDelegateFunction_UBeatSpawnerManager_OnBeatSpeedChanged__DelegateSignature_Statics::NewProp_SpeedMultiplier	Label
14cf4b1e8	?NewProp_SpeedMultiplier@Z_Construct_UDelegateFunction_UBeatSpawnerManager_OnBeatSpeedChanged__DelegateSignature_Statics@@2UFGenericPropertyParams@UECodeGen_Private@@B	Label
14cf4b220	Z_Construct_UDelegateFunction_UBeatSpawnerManager_OnBeatSpeedChanged__DelegateSignature_Statics::PropPointers	Label
14cf4b220	?PropPointers@Z_Construct_UDelegateFunction_UBeatSpawnerManager_OnBeatSpeedChanged__DelegateSignature_Statics@@2QBQEBUFPropertyParamsBase@UECodeGen_Private@@B	Label
14cf4b3e0	Z_Construct_UFunction_UBeatSpawnerManager_ApplySpeedModifier_Statics::NewProp_NewSpeedModifier	Label
14cf4b418	Z_Construct_UFunction_UBeatSpawnerManager_ApplySpeedModifier_Statics::PropPointers	Label
14cf4b418	?PropPointers@Z_Construct_UFunction_UBeatSpawnerManager_ApplySpeedModifier_Statics@@2QBQEBUFPropertyParamsBase@UECodeGen_Private@@B	Label
14cf4b438	Z_Construct_UFunction_UBeatSpawnerManager_ApplyStrokeCountModifier_Statics::NewProp_NewStrokeCount	Label
14cf4b470	Z_Construct_UFunction_UBeatSpawnerManager_ApplyStrokeCountModifier_Statics::PropPointers	Label
14cf4b470	?PropPointers@Z_Construct_UFunction_UBeatSpawnerManager_ApplyStrokeCountModifier_Statics@@2QBQEBUFPropertyParamsBase@UECodeGen_Private@@B	Label
14cf4b490	Z_Construct_UFunction_UBeatSpawnerManager_ChangePattern_Statics::NewProp_NewPattern	Label
14cf4b490	?NewProp_NewPattern@Z_Construct_UFunction_UBeatSpawnerManager_ChangePattern_Statics@@2UFStructPropertyParams@UECodeGen_Private@@B	Label
14cf4b4d0	Z_Construct_UFunction_UBeatSpawnerManager_ChangePattern_Statics::PropPointers	Label
14cf4b4f0	Z_Construct_UFunction_UBeatSpawnerManager_CreateTestBeatWidget_Statics::NewProp_BeatEvent	Label
14cf4b4f0	?NewProp_BeatEvent@Z_Construct_UFunction_UBeatSpawnerManager_CreateTestBeatWidget_Statics@@2UFStructPropertyParams@UECodeGen_Private@@B	Label
14cf4b530	Z_Construct_UFunction_UBeatSpawnerManager_CreateTestBeatWidget_Statics::PropPointers	Label
14cf4b530	?PropPointers@Z_Construct_UFunction_UBeatSpawnerManager_CreateTestBeatWidget_Statics@@2QBQEBUFPropertyParamsBase@UECodeGen_Private@@B	Label
14cf4b538	Z_Construct_UFunction_UBeatSpawnerManager_GetBeatsRemaining_Statics::NewProp_ReturnValue	Label
14cf4b538	?NewProp_ReturnValue@Z_Construct_UFunction_UBeatSpawnerManager_GetBeatsRemaining_Statics@@2UFGenericPropertyParams@UECodeGen_Private@@B	Label
14cf4b570	Z_Construct_UFunction_UBeatSpawnerManager_GetBeatsRemaining_Statics::PropPointers	Label
14cf4b570	?PropPointers@Z_Construct_UFunction_UBeatSpawnerManager_GetBeatsRemaining_Statics@@2QBQEBUFPropertyParamsBase@UECodeGen_Private@@B	Label
14cf4b578	Z_Construct_UFunction_UBeatSpawnerManager_GetCompletedBeats_Statics::NewProp_ReturnValue	Label
14cf4b5b0	Z_Construct_UFunction_UBeatSpawnerManager_GetCompletedBeats_Statics::PropPointers	Label
14cf4b5b0	?PropPointers@Z_Construct_UFunction_UBeatSpawnerManager_GetCompletedBeats_Statics@@2QBQEBUFPropertyParamsBase@UECodeGen_Private@@B	Label
14cf4b5b8	Z_Construct_UFunction_UBeatSpawnerManager_GetCurrentBeatIndex_Statics::NewProp_ReturnValue	Label
14cf4b5f0	Z_Construct_UFunction_UBeatSpawnerManager_GetCurrentBeatIndex_Statics::PropPointers	Label
14cf4b5f0	?PropPointers@Z_Construct_UFunction_UBeatSpawnerManager_GetCurrentBeatIndex_Statics@@2QBQEBUFPropertyParamsBase@UECodeGen_Private@@B	Label
14cf4b5f8	Z_Construct_UFunction_UBeatSpawnerManager_GetCurrentInterval_Statics::NewProp_ReturnValue	Label
14cf4b5f8	?NewProp_ReturnValue@Z_Construct_UFunction_UBeatSpawnerManager_GetCurrentInterval_Statics@@2UFGenericPropertyParams@UECodeGen_Private@@B	Label
14cf4b630	Z_Construct_UFunction_UBeatSpawnerManager_GetCurrentInterval_Statics::PropPointers	Label
14cf4b630	?PropPointers@Z_Construct_UFunction_UBeatSpawnerManager_GetCurrentInterval_Statics@@2QBQEBUFPropertyParamsBase@UECodeGen_Private@@B	Label
14cf4b638	Z_Construct_UFunction_UBeatSpawnerManager_GetMasterTimelinePosition_Statics::NewProp_ReturnValue	Label
14cf4b638	?NewProp_ReturnValue@Z_Construct_UFunction_UBeatSpawnerManager_GetMasterTimelinePosition_Statics@@2UFGenericPropertyParams@UECodeGen_Private@@B	Label
14cf4b670	Z_Construct_UFunction_UBeatSpawnerManager_GetMasterTimelinePosition_Statics::PropPointers	Label
14cf4b678	Z_Construct_UFunction_UBeatSpawnerManager_GetMinimumBeatInterval_Statics::NewProp_ReturnValue	Label
14cf4b6b0	Z_Construct_UFunction_UBeatSpawnerManager_GetMinimumBeatInterval_Statics::PropPointers	Label
14cf4b6b0	?PropPointers@Z_Construct_UFunction_UBeatSpawnerManager_GetMinimumBeatInterval_Statics@@2QBQEBUFPropertyParamsBase@UECodeGen_Private@@B	Label
14cf4b6b8	Z_Construct_UFunction_UBeatSpawnerManager_GetTotalBeatsInQueue_Statics::NewProp_ReturnValue	Label
14cf4b6f0	Z_Construct_UFunction_UBeatSpawnerManager_GetTotalBeatsInQueue_Statics::PropPointers	Label
14cf4b700	Z_Construct_UFunction_UBeatSpawnerManager_IsSequenceRunning_Statics::NewProp_ReturnValue	Label
14cf4b700	?NewProp_ReturnValue@Z_Construct_UFunction_UBeatSpawnerManager_IsSequenceRunning_Statics@@2UFBoolPropertyParams@UECodeGen_Private@@B	Label
14cf4b740	Z_Construct_UFunction_UBeatSpawnerManager_IsSequenceRunning_Statics::PropPointers	Label
14cf4b740	?PropPointers@Z_Construct_UFunction_UBeatSpawnerManager_IsSequenceRunning_Statics@@2QBQEBUFPropertyParamsBase@UECodeGen_Private@@B	Label
14cf4b750	Z_Construct_UFunction_UBeatSpawnerManager_OnBeatReachedCenter_Statics::NewProp_BeatEvent	Label
14cf4b750	?NewProp_BeatEvent@Z_Construct_UFunction_UBeatSpawnerManager_OnBeatReachedCenter_Statics@@2UFStructPropertyParams@UECodeGen_Private@@B	Label
14cf4b790	Z_Construct_UFunction_UBeatSpawnerManager_OnBeatReachedCenter_Statics::PropPointers	Label
14cf4b790	?PropPointers@Z_Construct_UFunction_UBeatSpawnerManager_OnBeatReachedCenter_Statics@@2QBQEBUFPropertyParamsBase@UECodeGen_Private@@B	Label
14cf4b798	Z_Construct_UFunction_UBeatSpawnerManager_SetMinimumBeatInterval_Statics::NewProp_NewMinInterval	Label
14cf4b7d0	Z_Construct_UFunction_UBeatSpawnerManager_SetMinimumBeatInterval_Statics::PropPointers	Label
14cf4b7d0	?PropPointers@Z_Construct_UFunction_UBeatSpawnerManager_SetMinimumBeatInterval_Statics@@2QBQEBUFPropertyParamsBase@UECodeGen_Private@@B	Label
14cf4b7f0	Z_Construct_UFunction_UBeatSpawnerManager_SetWorld_Statics::NewProp_InWorld	Label
14cf4b830	Z_Construct_UFunction_UBeatSpawnerManager_SetWorld_Statics::PropPointers	Label
14cf4b830	?PropPointers@Z_Construct_UFunction_UBeatSpawnerManager_SetWorld_Statics@@2QBQEBUFPropertyParamsBase@UECodeGen_Private@@B	Label
14cf4b840	Z_Construct_UFunction_UBeatSpawnerManager_StartPattern_Statics::NewProp_Pattern	Label
14cf4b880	Z_Construct_UFunction_UBeatSpawnerManager_StartPattern_Statics::NewProp_BaseInterval	Label
14cf4b8b8	Z_Construct_UFunction_UBeatSpawnerManager_StartPattern_Statics::NewProp_StrokeCount	Label
14cf4b8b8	?NewProp_StrokeCount@Z_Construct_UFunction_UBeatSpawnerManager_StartPattern_Statics@@2UFGenericPropertyParams@UECodeGen_Private@@B	Label
14cf4b8f0	Z_Construct_UFunction_UBeatSpawnerManager_StartPattern_Statics::NewProp_SpeedModifier	Label
14cf4b928	Z_Construct_UFunction_UBeatSpawnerManager_StartPattern_Statics::NewProp_LeadTime	Label
14cf4b928	?NewProp_LeadTime@Z_Construct_UFunction_UBeatSpawnerManager_StartPattern_Statics@@2UFGenericPropertyParams@UECodeGen_Private@@B	Label
14cf4b960	Z_Construct_UFunction_UBeatSpawnerManager_StartPattern_Statics::NewProp_BeatTravelTime	Label
14cf4b960	?NewProp_BeatTravelTime@Z_Construct_UFunction_UBeatSpawnerManager_StartPattern_Statics@@2UFGenericPropertyParams@UECodeGen_Private@@B	Label
14cf4b998	Z_Construct_UFunction_UBeatSpawnerManager_StartPattern_Statics::PropPointers	Label
14cf4b998	?PropPointers@Z_Construct_UFunction_UBeatSpawnerManager_StartPattern_Statics@@2QBQEBUFPropertyParamsBase@UECodeGen_Private@@B	Label
14cf4ba00	Z_Construct_UFunction_UBeatSpawnerManager_StartPatternWithMediaSync_Statics::NewProp_Pattern	Label
14cf4ba00	?NewProp_Pattern@Z_Construct_UFunction_UBeatSpawnerManager_StartPatternWithMediaSync_Statics@@2UFStructPropertyParams@UECodeGen_Private@@B	Label
14cf4ba40	Z_Construct_UFunction_UBeatSpawnerManager_StartPatternWithMediaSync_Statics::NewProp_BaseInterval	Label
14cf4ba40	?NewProp_BaseInterval@Z_Construct_UFunction_UBeatSpawnerManager_StartPatternWithMediaSync_Statics@@2UFGenericPropertyParams@UECodeGen_Private@@B	Label
14cf4ba78	Z_Construct_UFunction_UBeatSpawnerManager_StartPatternWithMediaSync_Statics::NewProp_StrokeCount	Label
14cf4bab0	Z_Construct_UFunction_UBeatSpawnerManager_StartPatternWithMediaSync_Statics::NewProp_InMediaController	Label
14cf4bab0	?NewProp_InMediaController@Z_Construct_UFunction_UBeatSpawnerManager_StartPatternWithMediaSync_Statics@@2UFObjectPropertyParams@UECodeGen_Private@@B	Label
14cf4baf0	Z_Construct_UFunction_UBeatSpawnerManager_StartPatternWithMediaSync_Statics::NewProp_SpeedModifier	Label
14cf4baf0	?NewProp_SpeedModifier@Z_Construct_UFunction_UBeatSpawnerManager_StartPatternWithMediaSync_Statics@@2UFGenericPropertyParams@UECodeGen_Private@@B	Label
14cf4bb28	Z_Construct_UFunction_UBeatSpawnerManager_StartPatternWithMediaSync_Statics::NewProp_LeadTime	Label
14cf4bb60	Z_Construct_UFunction_UBeatSpawnerManager_StartPatternWithMediaSync_Statics::NewProp_BeatTravelTime	Label
14cf4bb60	?NewProp_BeatTravelTime@Z_Construct_UFunction_UBeatSpawnerManager_StartPatternWithMediaSync_Statics@@2UFGenericPropertyParams@UECodeGen_Private@@B	Label
14cf4bb98	Z_Construct_UFunction_UBeatSpawnerManager_StartPatternWithMediaSync_Statics::PropPointers	Label
14cf4bc10	Z_Construct_UClass_UBeatSpawnerManager_Statics::DependentSingletons	Label
14cf4bc10	?DependentSingletons@Z_Construct_UClass_UBeatSpawnerManager_Statics@@2QBQ6APEAVUObject@@XZB	Label
14cf4bc20	Z_Construct_UClass_UBeatSpawnerManager_Statics::FuncInfo	Label
14cf4bc20	?FuncInfo@Z_Construct_UClass_UBeatSpawnerManager_Statics@@2QBUFClassFunctionLinkInfo@@B	Label
14cf4bd80	Z_Construct_UClass_UBeatSpawnerManager_Statics::NewProp_LatencyManager	Label
14cf4bdc0	Z_Construct_UClass_UBeatSpawnerManager_Statics::NewProp_OnBeatSpeedChanged	Label
14cf4bdc0	?NewProp_OnBeatSpeedChanged@Z_Construct_UClass_UBeatSpawnerManager_Statics@@2UFMulticastDelegatePropertyParams@UECodeGen_Private@@B	Label
14cf4be00	Z_Construct_UClass_UBeatSpawnerManager_Statics::NewProp_OnSequencePaused	Label
14cf4be00	?NewProp_OnSequencePaused@Z_Construct_UClass_UBeatSpawnerManager_Statics@@2UFMulticastDelegatePropertyParams@UECodeGen_Private@@B	Label
14cf4be40	Z_Construct_UClass_UBeatSpawnerManager_Statics::NewProp_LinkedMediaController	Label
14cf4be40	?NewProp_LinkedMediaController@Z_Construct_UClass_UBeatSpawnerManager_Statics@@2UFObjectPropertyParams@UECodeGen_Private@@B	Label
14cf4be80	Z_Construct_UClass_UBeatSpawnerManager_Statics::NewProp_MediaControllerRef	Label
14cf4be80	?NewProp_MediaControllerRef@Z_Construct_UClass_UBeatSpawnerManager_Statics@@2UFObjectPropertyParams@UECodeGen_Private@@B	Label
14cf4bec0	Z_Construct_UClass_UBeatSpawnerManager_Statics::NewProp_OnBeatFired	Label
14cf4bec0	?NewProp_OnBeatFired@Z_Construct_UClass_UBeatSpawnerManager_Statics@@2UFMulticastDelegatePropertyParams@UECodeGen_Private@@B	Label
14cf4bf00	Z_Construct_UClass_UBeatSpawnerManager_Statics::NewProp_OnBeatHitCenter	Label
14cf4bf40	Z_Construct_UClass_UBeatSpawnerManager_Statics::NewProp_OnSequenceEnd	Label
14cf4bf40	?NewProp_OnSequenceEnd@Z_Construct_UClass_UBeatSpawnerManager_Statics@@2UFMulticastDelegatePropertyParams@UECodeGen_Private@@B	Label
14cf4bf80	Z_Construct_UClass_UBeatSpawnerManager_Statics::NewProp_Patterns_Inner	Label
14cf4bfc0	Z_Construct_UClass_UBeatSpawnerManager_Statics::NewProp_Patterns	Label
14cf4bff8	Z_Construct_UClass_UBeatSpawnerManager_Statics::NewProp_MasterTimeReference	Label
14cf4bff8	?NewProp_MasterTimeReference@Z_Construct_UClass_UBeatSpawnerManager_Statics@@2UFGenericPropertyParams@UECodeGen_Private@@B	Label
14cf4c030	Z_Construct_UClass_UBeatSpawnerManager_Statics::NewProp_TimelineOffset	Label
14cf4c030	?NewProp_TimelineOffset@Z_Construct_UClass_UBeatSpawnerManager_Statics@@2UFGenericPropertyParams@UECodeGen_Private@@B	Label
14cf4c068	Z_Construct_UClass_UBeatSpawnerManager_Statics::NewProp_MinimumBeatInterval	Label
14cf4c068	?NewProp_MinimumBeatInterval@Z_Construct_UClass_UBeatSpawnerManager_Statics@@2UFGenericPropertyParams@UECodeGen_Private@@B	Label
14cf4c0a0	Z_Construct_UClass_UBeatSpawnerManager_Statics::NewProp_BeatQueue_Inner	Label
14cf4c0a0	?NewProp_BeatQueue_Inner@Z_Construct_UClass_UBeatSpawnerManager_Statics@@2UFStructPropertyParams@UECodeGen_Private@@B	Label
14cf4c0e0	Z_Construct_UClass_UBeatSpawnerManager_Statics::NewProp_BeatQueue	Label
14cf4c118	Z_Construct_UClass_UBeatSpawnerManager_Statics::NewProp_BeatHeightPercent	Label
14cf4c118	?NewProp_BeatHeightPercent@Z_Construct_UClass_UBeatSpawnerManager_Statics@@2UFGenericPropertyParams@UECodeGen_Private@@B	Label
14cf4c150	Z_Construct_UClass_UBeatSpawnerManager_Statics::NewProp_BeatSpawnOffsetPercent	Label
14cf4c150	?NewProp_BeatSpawnOffsetPercent@Z_Construct_UClass_UBeatSpawnerManager_Statics@@2UFGenericPropertyParams@UECodeGen_Private@@B	Label
14cf4c188	Z_Construct_UClass_UBeatSpawnerManager_Statics::NewProp_BeatTargetXPercent	Label
14cf4c188	?NewProp_BeatTargetXPercent@Z_Construct_UClass_UBeatSpawnerManager_Statics@@2UFGenericPropertyParams@UECodeGen_Private@@B	Label
14cf4c1c0	Z_Construct_UClass_UBeatSpawnerManager_Statics::NewProp_TotalStrokes	Label
14cf4c1c0	?NewProp_TotalStrokes@Z_Construct_UClass_UBeatSpawnerManager_Statics@@2UFGenericPropertyParams@UECodeGen_Private@@B	Label
14cf4c200	Z_Construct_UClass_UBeatSpawnerManager_Statics::NewProp_bIsRunning	Label
14cf4c240	Z_Construct_UClass_UBeatSpawnerManager_Statics::NewProp_CurrentSpeedModifier	Label
14cf4c240	?NewProp_CurrentSpeedModifier@Z_Construct_UClass_UBeatSpawnerManager_Statics@@2UFGenericPropertyParams@UECodeGen_Private@@B	Label
14cf4c278	Z_Construct_UClass_UBeatSpawnerManager_Statics::NewProp_CurrentBeatIndex	Label
14cf4c278	?NewProp_CurrentBeatIndex@Z_Construct_UClass_UBeatSpawnerManager_Statics@@2UFGenericPropertyParams@UECodeGen_Private@@B	Label
14cf4c2b0	Z_Construct_UClass_UBeatSpawnerManager_Statics::NewProp_LeadTimeSeconds	Label
14cf4c2b0	?NewProp_LeadTimeSeconds@Z_Construct_UClass_UBeatSpawnerManager_Statics@@2UFGenericPropertyParams@UECodeGen_Private@@B	Label
14cf4c2e8	Z_Construct_UClass_UBeatSpawnerManager_Statics::NewProp_CompletedBeats	Label
14cf4c2e8	?NewProp_CompletedBeats@Z_Construct_UClass_UBeatSpawnerManager_Statics@@2UFGenericPropertyParams@UECodeGen_Private@@B	Label
14cf4c320	Z_Construct_UClass_UBeatSpawnerManager_Statics::NewProp_CachedWorld	Label
14cf4c320	?NewProp_CachedWorld@Z_Construct_UClass_UBeatSpawnerManager_Statics@@2UFObjectPropertyParams@UECodeGen_Private@@B	Label
14cf4c360	Z_Construct_UClass_UBeatSpawnerManager_Statics::NewProp_TestBeatWidgetClass	Label
14cf4c360	?NewProp_TestBeatWidgetClass@Z_Construct_UClass_UBeatSpawnerManager_Statics@@2UFClassPropertyParams@UECodeGen_Private@@B	Label
14cf4c3b0	Z_Construct_UClass_UBeatSpawnerManager_Statics::NewProp_BeatSpawnPosition	Label
14cf4c3f0	Z_Construct_UClass_UBeatSpawnerManager_Statics::NewProp_BeatTargetPosition	Label
14cf4c430	Z_Construct_UClass_UBeatSpawnerManager_Statics::NewProp_CurrentBeatTravelTime	Label
14cf4c430	?NewProp_CurrentBeatTravelTime@Z_Construct_UClass_UBeatSpawnerManager_Statics@@2UFGenericPropertyParams@UECodeGen_Private@@B	Label
14cf4c468	Z_Construct_UClass_UBeatSpawnerManager_Statics::NewProp_CurrentBaseInterval	Label
14cf4c468	?NewProp_CurrentBaseInterval@Z_Construct_UClass_UBeatSpawnerManager_Statics@@2UFGenericPropertyParams@UECodeGen_Private@@B	Label
14cf4c4a0	Z_Construct_UClass_UBeatSpawnerManager_Statics::PropPointers	Label
14cf4c4a0	?PropPointers@Z_Construct_UClass_UBeatSpawnerManager_Statics@@2QBQEBUFPropertyParamsBase@UECodeGen_Private@@B	Label
14cf4c590	Z_Construct_UClass_UBeatSpawnerManager_Statics::StaticCppClassTypeInfo	Label
14cf4c5a0	Z_Construct_UClass_UBeatSpawnerManager_Statics::ClassParams	Label
14cf4c5a0	?ClassParams@Z_Construct_UClass_UBeatSpawnerManager_Statics@@2UFClassParams@UECodeGen_Private@@B	Label
14cf4c780	Z_CompiledInDeferFile_FID_CockHero_Source_CockHero_Public_UBeatSpawnerManager_h_Statics::ScriptStructInfo	Label
14cf4c780	?ScriptStructInfo@Z_CompiledInDeferFile_FID_CockHero_Source_CockHero_Public_UBeatSpawnerManager_h_Statics@@2QBUFStructRegisterCompiledInInfo@@B	Label
14cf4c7e0	Z_CompiledInDeferFile_FID_CockHero_Source_CockHero_Public_UBeatSpawnerManager_h_Statics::ClassInfo	Label
14cf4c7e0	?ClassInfo@Z_CompiledInDeferFile_FID_CockHero_Source_CockHero_Public_UBeatSpawnerManager_h_Statics@@2QBUFClassRegisterCompiledInInfo@@B	Label
14cf4c810	UBeatSpawnerManager::`vftable'	Label
14cf4cac8	UBeatSpawnerManager::`vftable'	Label
14cf4cac8	??_7UBeatSpawnerManager@@6BFTickableGameObject@@@	Label
14cf4cea0	Z_Construct_UFunction_UCHPackStoreController_AddUnlockPoints_Statics::NewProp_Amount	Label
14cf4ced8	Z_Construct_UFunction_UCHPackStoreController_AddUnlockPoints_Statics::PropPointers	Label
14cf4ced8	?PropPointers@Z_Construct_UFunction_UCHPackStoreController_AddUnlockPoints_Statics@@2QBQEBUFPropertyParamsBase@UECodeGen_Private@@B	Label
14cf4cee0	Z_Construct_UFunction_UCHPackStoreController_GetAllEnabledMedia_Statics::NewProp_ReturnValue_Inner	Label
14cf4cee0	?NewProp_ReturnValue_Inner@Z_Construct_UFunction_UCHPackStoreController_GetAllEnabledMedia_Statics@@2UFStructPropertyParams@UECodeGen_Private@@B	Label
14cf4cf20	Z_Construct_UFunction_UCHPackStoreController_GetAllEnabledMedia_Statics::NewProp_ReturnValue	Label
14cf4cf20	?NewProp_ReturnValue@Z_Construct_UFunction_UCHPackStoreController_GetAllEnabledMedia_Statics@@2UFArrayPropertyParams@UECodeGen_Private@@B	Label
14cf4cf58	Z_Construct_UFunction_UCHPackStoreController_GetAllEnabledMedia_Statics::PropPointers	Label
14cf4cf58	?PropPointers@Z_Construct_UFunction_UCHPackStoreController_GetAllEnabledMedia_Statics@@2QBQEBUFPropertyParamsBase@UECodeGen_Private@@B	Label
14cf4cf70	Z_Construct_UFunction_UCHPackStoreController_GetAllPackInfos_Statics::NewProp_ReturnValue_Inner	Label
14cf4cf70	?NewProp_ReturnValue_Inner@Z_Construct_UFunction_UCHPackStoreController_GetAllPackInfos_Statics@@2UFStructPropertyParams@UECodeGen_Private@@B	Label
14cf4cfb0	Z_Construct_UFunction_UCHPackStoreController_GetAllPackInfos_Statics::NewProp_ReturnValue	Label
14cf4cfb0	?NewProp_ReturnValue@Z_Construct_UFunction_UCHPackStoreController_GetAllPackInfos_Statics@@2UFArrayPropertyParams@UECodeGen_Private@@B	Label
14cf4cfe8	Z_Construct_UFunction_UCHPackStoreController_GetAllPackInfos_Statics::PropPointers	Label
14cf4cfe8	?PropPointers@Z_Construct_UFunction_UCHPackStoreController_GetAllPackInfos_Statics@@2QBQEBUFPropertyParamsBase@UECodeGen_Private@@B	Label
14cf4cff8	Z_Construct_UFunction_UCHPackStoreController_GetPackManifest_Statics::NewProp_PackName	Label
14cf4cff8	?NewProp_PackName@Z_Construct_UFunction_UCHPackStoreController_GetPackManifest_Statics@@2UFGenericPropertyParams@UECodeGen_Private@@B	Label
14cf4d030	Z_Construct_UFunction_UCHPackStoreController_GetPackManifest_Statics::NewProp_OutManifest	Label
14cf4d070	Z_Construct_UFunction_UCHPackStoreController_GetPackManifest_Statics::NewProp_ReturnValue	Label
14cf4d070	?NewProp_ReturnValue@Z_Construct_UFunction_UCHPackStoreController_GetPackManifest_Statics@@2UFBoolPropertyParams@UECodeGen_Private@@B	Label
14cf4d0b0	Z_Construct_UFunction_UCHPackStoreController_GetPackManifest_Statics::PropPointers	Label
14cf4d0c8	Z_Construct_UFunction_UCHPackStoreController_GetUnlockPoints_Statics::NewProp_ReturnValue	Label
14cf4d0c8	?NewProp_ReturnValue@Z_Construct_UFunction_UCHPackStoreController_GetUnlockPoints_Statics@@2UFGenericPropertyParams@UECodeGen_Private@@B	Label
14cf4d100	Z_Construct_UFunction_UCHPackStoreController_GetUnlockPoints_Statics::PropPointers	Label
14cf4d100	?PropPointers@Z_Construct_UFunction_UCHPackStoreController_GetUnlockPoints_Statics@@2QBQEBUFPropertyParamsBase@UECodeGen_Private@@B	Label
14cf4d110	Z_Construct_UFunction_UCHPackStoreController_GetVisiblePackInfos_Statics::NewProp_ReturnValue_Inner	Label
14cf4d110	?NewProp_ReturnValue_Inner@Z_Construct_UFunction_UCHPackStoreController_GetVisiblePackInfos_Statics@@2UFStructPropertyParams@UECodeGen_Private@@B	Label
14cf4d150	Z_Construct_UFunction_UCHPackStoreController_GetVisiblePackInfos_Statics::NewProp_ReturnValue	Label
14cf4d188	Z_Construct_UFunction_UCHPackStoreController_GetVisiblePackInfos_Statics::PropPointers	Label
14cf4d188	?PropPointers@Z_Construct_UFunction_UCHPackStoreController_GetVisiblePackInfos_Statics@@2QBQEBUFPropertyParamsBase@UECodeGen_Private@@B	Label
14cf4d198	Z_Construct_UFunction_UCHPackStoreController_IsPackEnabled_Statics::NewProp_PackName	Label
14cf4d198	?NewProp_PackName@Z_Construct_UFunction_UCHPackStoreController_IsPackEnabled_Statics@@2UFGenericPropertyParams@UECodeGen_Private@@B	Label
14cf4d1d0	Z_Construct_UFunction_UCHPackStoreController_IsPackEnabled_Statics::NewProp_ReturnValue	Label
14cf4d210	Z_Construct_UFunction_UCHPackStoreController_IsPackEnabled_Statics::PropPointers	Label
14cf4d220	Z_Construct_UFunction_UCHPackStoreController_IsPackLocked_Statics::NewProp_PackName	Label
14cf4d220	?NewProp_PackName@Z_Construct_UFunction_UCHPackStoreController_IsPackLocked_Statics@@2UFGenericPropertyParams@UECodeGen_Private@@B	Label
14cf4d260	Z_Construct_UFunction_UCHPackStoreController_IsPackLocked_Statics::NewProp_ReturnValue	Label
14cf4d260	?NewProp_ReturnValue@Z_Construct_UFunction_UCHPackStoreController_IsPackLocked_Statics@@2UFBoolPropertyParams@UECodeGen_Private@@B	Label
14cf4d2a0	Z_Construct_UFunction_UCHPackStoreController_IsPackLocked_Statics::PropPointers	Label
14cf4d2a0	?PropPointers@Z_Construct_UFunction_UCHPackStoreController_IsPackLocked_Statics@@2QBQEBUFPropertyParamsBase@UECodeGen_Private@@B	Label
14cf4d2b0	Z_Construct_UFunction_UCHPackStoreController_IsPackUnlocked_Statics::NewProp_PackName	Label
14cf4d2f0	Z_Construct_UFunction_UCHPackStoreController_IsPackUnlocked_Statics::NewProp_ReturnValue	Label
14cf4d330	Z_Construct_UFunction_UCHPackStoreController_IsPackUnlocked_Statics::PropPointers	Label
14cf4d330	?PropPointers@Z_Construct_UFunction_UCHPackStoreController_IsPackUnlocked_Statics@@2QBQEBUFPropertyParamsBase@UECodeGen_Private@@B	Label
14cf4d340	Z_Construct_UFunction_UCHPackStoreController_SetPackEnabled_Statics::NewProp_PackName	Label
14cf4d380	Z_Construct_UFunction_UCHPackStoreController_SetPackEnabled_Statics::NewProp_bEnabled	Label
14cf4d380	?NewProp_bEnabled@Z_Construct_UFunction_UCHPackStoreController_SetPackEnabled_Statics@@2UFBoolPropertyParams@UECodeGen_Private@@B	Label
14cf4d3c0	Z_Construct_UFunction_UCHPackStoreController_SetPackEnabled_Statics::PropPointers	Label
14cf4d3c0	?PropPointers@Z_Construct_UFunction_UCHPackStoreController_SetPackEnabled_Statics@@2QBQEBUFPropertyParamsBase@UECodeGen_Private@@B	Label
14cf4d3d0	Z_Construct_UFunction_UCHPackStoreController_UnlockPack_Statics::NewProp_PackName	Label
14cf4d3d0	?NewProp_PackName@Z_Construct_UFunction_UCHPackStoreController_UnlockPack_Statics@@2UFGenericPropertyParams@UECodeGen_Private@@B	Label
14cf4d410	Z_Construct_UFunction_UCHPackStoreController_UnlockPack_Statics::NewProp_ReturnValue	Label
14cf4d450	Z_Construct_UFunction_UCHPackStoreController_UnlockPack_Statics::PropPointers	Label
14cf4d450	?PropPointers@Z_Construct_UFunction_UCHPackStoreController_UnlockPack_Statics@@2QBQEBUFPropertyParamsBase@UECodeGen_Private@@B	Label
14cf4d460	Z_Construct_UFunction_UCHPackStoreController_UnlockPackFromChallenge_Statics::NewProp_PackName	Label
14cf4d460	?NewProp_PackName@Z_Construct_UFunction_UCHPackStoreController_UnlockPackFromChallenge_Statics@@2UFGenericPropertyParams@UECodeGen_Private@@B	Label
14cf4d4a0	Z_Construct_UFunction_UCHPackStoreController_UnlockPackFromChallenge_Statics::NewProp_ReturnValue	Label
14cf4d4a0	?NewProp_ReturnValue@Z_Construct_UFunction_UCHPackStoreController_UnlockPackFromChallenge_Statics@@2UFBoolPropertyParams@UECodeGen_Private@@B	Label
14cf4d4e0	Z_Construct_UFunction_UCHPackStoreController_UnlockPackFromChallenge_Statics::PropPointers	Label
14cf4d520	Z_Construct_UClass_UCHPackStoreController_Statics::DependentSingletons	Label
14cf4d520	?DependentSingletons@Z_Construct_UClass_UCHPackStoreController_Statics@@2QBQ6APEAVUObject@@XZB	Label
14cf4d530	Z_Construct_UClass_UCHPackStoreController_Statics::FuncInfo	Label
14cf4d640	Z_Construct_UClass_UCHPackStoreController_Statics::NewProp_bHasMigratedManifests	Label
14cf4d680	Z_Construct_UClass_UCHPackStoreController_Statics::NewProp_SaveGameClass	Label
14cf4d680	?NewProp_SaveGameClass@Z_Construct_UClass_UCHPackStoreController_Statics@@2UFClassPropertyParams@UECodeGen_Private@@B	Label
14cf4d6d0	Z_Construct_UClass_UCHPackStoreController_Statics::NewProp_SaveRef	Label
14cf4d6d0	?NewProp_SaveRef@Z_Construct_UClass_UCHPackStoreController_Statics@@2UFObjectPropertyParams@UECodeGen_Private@@B	Label
14cf4d710	Z_Construct_UClass_UCHPackStoreController_Statics::NewProp_PackManager	Label
14cf4d710	?NewProp_PackManager@Z_Construct_UClass_UCHPackStoreController_Statics@@2UFObjectPropertyParams@UECodeGen_Private@@B	Label
14cf4d750	Z_Construct_UClass_UCHPackStoreController_Statics::PropPointers	Label
14cf4d770	Z_Construct_UClass_UCHPackStoreController_Statics::StaticCppClassTypeInfo	Label
14cf4d770	?StaticCppClassTypeInfo@Z_Construct_UClass_UCHPackStoreController_Statics@@2UFCppClassTypeInfoStatic@@B	Label
14cf4d780	Z_Construct_UClass_UCHPackStoreController_Statics::ClassParams	Label
14cf4d7f0	Z_CompiledInDeferFile_FID_CockHero_Source_CockHero_Public_UCHPackStoreController_h_Statics::ClassInfo	Label
14cf4d7f0	?ClassInfo@Z_CompiledInDeferFile_FID_CockHero_Source_CockHero_Public_UCHPackStoreController_h_Statics@@2QBUFClassRegisterCompiledInInfo@@B	Label
14cf4d820	UCHPackStoreController::`vftable'	Label
14cf4d820	??_7UCHPackStoreController@@6B@	Label
14cf4f5e8	??_C@_0BB@FFKOKEMA@UAdultToyManager@	Label
14cf61310	TBaseUObjectMethodDelegateInstance<0,UAdultToyManager,void___cdecl(TSharedPtr<IHttpRequest,1>,TSharedPtr<IHttpResponse,1>,bool),FDefaultDelegateUserPolicy>::`vftable'	Label
14cf61310	??_7?$TBaseUObjectMethodDelegateInstance@$0A@VUAdultToyManager@@$$A6AXV?$TSharedPtr@VIHttpRequest@@$00@@V?$TSharedPtr@VIHttpResponse@@$00@@_N@ZUFDefaultDelegateUserPolicy@@$$V@@6B@	Label
14cf61380	TBaseUFunctionDelegateInstance<UAdultToyManager,void___cdecl(void),FNotThreadSafeNotCheckedDelegateUserPolicy,int>::`vftable'	Label
14cf61380	??_7?$TBaseUFunctionDelegateInstance@VUAdultToyManager@@$$A6AXXZUFNotThreadSafeNotCheckedDelegateUserPolicy@@H@@6B@	Label
14cf613f0	TBaseFunctorDelegateInstance<void___cdecl(void),FNotThreadSafeNotCheckedDelegateUserPolicy,`UAdultToyManager::SetHandyPositionWithTime'::`11'::<lambda_1>_>::`vftable'	Label
14cf61460	TBaseFunctorDelegateInstance<void___cdecl(TSharedPtr<IHttpRequest,1>,TSharedPtr<IHttpResponse,1>,bool),FDefaultDelegateUserPolicy,`UAdultToyManager::SetHandyPositionWithTime'::`2'::<lambda_2>_>::`vftable'	Label
14cf614d0	TBaseFunctorDelegateInstance<void___cdecl(void),FNotThreadSafeNotCheckedDelegateUserPolicy,`UAdultToyManager::SetHandyPositionWithVelocity'::`8'::<lambda_1>_>::`vftable'	Label
14cf61540	TBaseFunctorDelegateInstance<void___cdecl(TSharedPtr<IHttpRequest,1>,TSharedPtr<IHttpResponse,1>,bool),FDefaultDelegateUserPolicy,`UAdultToyManager::SetHandyPositionWithVelocity'::`2'::<lambda_2>_>::`vftable'	Label
14cf615b0	TBaseFunctorDelegateInstance<void___cdecl(TSharedPtr<IHttpRequest,1>,TSharedPtr<IHttpResponse,1>,bool),FDefaultDelegateUserPolicy,`UAdultToyManager::TestHandyConnection'::`2'::<lambda_1>_>::`vftable'	Label
14cf61620	TBaseFunctorDelegateInstance<void___cdecl(TSharedPtr<IHttpRequest,1>,TSharedPtr<IHttpResponse,1>,bool),FDefaultDelegateUserPolicy,`UAdultToyManager::CheckRealDeviceConnection'::`2'::<lambda_1>_>::`vftable'	Label
14cf61690	TBaseUObjectMethodDelegateInstance<0,UAdultToyManager,void___cdecl(void),FNotThreadSafeNotCheckedDelegateUserPolicy>::`vftable'	Label
14cf61690	??_7?$TBaseUObjectMethodDelegateInstance@$0A@VUAdultToyManager@@$$A6AXXZUFNotThreadSafeNotCheckedDelegateUserPolicy@@$$V@@6B@	Label
14cf61700	TBaseFunctorDelegateInstance<void___cdecl(void),FNotThreadSafeNotCheckedDelegateUserPolicy,`UAdultToyManager::ConnectToLovenseViaMobile'::`62'::<lambda_1>_>::`vftable'	Label
14cf61770	TBaseFunctorDelegateInstance<void___cdecl(void),FNotThreadSafeNotCheckedDelegateUserPolicy,`UAdultToyManager::ConnectToLovenseViaMobile'::`81'::<lambda_2>_>::`vftable'	Label
14cf617e0	TBaseFunctorDelegateInstance<void___cdecl(void),FNotThreadSafeNotCheckedDelegateUserPolicy,`UAdultToyManager::OnMobileEventsAPIResultCode'[::K]::<lambda_1>_>::`vftable'	Label
14cf61850	TBaseFunctorDelegateInstance<void___cdecl(TSharedPtr<IHttpRequest,1>,TSharedPtr<IHttpResponse,1>,bool),FDefaultDelegateUserPolicy,`UAdultToyManager::TestHTTPConnection'::`2'::<lambda_1>_>::`vftable'	Label
14cf618c0	TBaseFunctorDelegateInstance<void___cdecl(TSharedPtr<IHttpRequest,1>,TSharedPtr<IHttpResponse,1>,bool),FDefaultDelegateUserPolicy,`UAdultToyManager::SendHTTPVibrateCommand'::`2'::<lambda_1>_>::`vftable'	Label
14cf61930	TBaseFunctorDelegateInstance<void___cdecl(TSharedPtr<IHttpRequest,1>,TSharedPtr<IHttpResponse,1>,bool),FDefaultDelegateUserPolicy,`UAdultToyManager::SendHTTPCommand'::`2'::<lambda_1>_>::`vftable'	Label
14cf619a0	TBaseFunctorDelegateInstance<void___cdecl(void),FNotThreadSafeNotCheckedDelegateUserPolicy,`UAdultToyManager::ExecuteLovenseHTTPBeatCommand'::`82'::<lambda_1>_>::`vftable'	Label
14cf61a10	TBaseFunctorDelegateInstance<void___cdecl(TSharedPtr<IHttpRequest,1>,TSharedPtr<IHttpResponse,1>,bool),FDefaultDelegateUserPolicy,`UAdultToyManager::SendHTTPUniversalBeatCommand'::`2'::<lambda_1>_>::`vftable'	Label
14cf61a80	TBaseFunctorDelegateInstance<void___cdecl(void),FNotThreadSafeNotCheckedDelegateUserPolicy,`UAdultToyManager::OnSequenceEnd'::`110'::<lambda_1>_>::`vftable'	Label
14cf61af0	TBaseFunctorDelegateInstance<void___cdecl(void),FNotThreadSafeNotCheckedDelegateUserPolicy,`UAdultToyManager::ExecuteButtplugBeatCommand'::`111'::<lambda_1>_>::`vftable'	Label
14cf61b60	TBaseFunctorDelegateInstance<void___cdecl(void),FNotThreadSafeNotCheckedDelegateUserPolicy,`UAdultToyManager::ExecuteButtplugBeatCommand'::`147'::<lambda_2>_>::`vftable'	Label
14cf61bd0	TBaseFunctorDelegateInstance<void___cdecl(void),FNotThreadSafeNotCheckedDelegateUserPolicy,`UAdultToyManager::TestAllButtplugDevices'::`95'::<lambda_1>_>::`vftable'	Label
14cf61c40	TBaseFunctorDelegateInstance<void___cdecl(void),FNotThreadSafeNotCheckedDelegateUserPolicy,`UAdultToyManager::TestAllButtplugDevices'[::A]::<lambda_2>_>::`vftable'	Label
14cf61cb0	TBaseFunctorDelegateInstance<void___cdecl(void),FNotThreadSafeNotCheckedDelegateUserPolicy,`UAdultToyManager::RefreshButtplugDevices'::`46'::<lambda_1>_>::`vftable'	Label
14cf61d90	TBaseUObjectMethodDelegateInstance<0,UAdultToyManager,void___cdecl(void),FDefaultDelegateUserPolicy>::`vftable'	Label
14cf61d90	??_7?$TBaseUObjectMethodDelegateInstance@$0A@VUAdultToyManager@@$$A6AXXZUFDefaultDelegateUserPolicy@@$$V@@6B@	Label
14cf61e00	TBaseUObjectMethodDelegateInstance<0,UAdultToyManager,void___cdecl(FString_const_&),FDefaultDelegateUserPolicy>::`vftable'	Label
14cf61e70	TBaseUObjectMethodDelegateInstance<0,UAdultToyManager,void___cdecl(int,FString_const_&,bool),FDefaultDelegateUserPolicy>::`vftable'	Label
14cf638a0	?LOG_Static@?5???0FFilterMediaCategoriesAction@@QEAA@AEBUFLatentActionInfo@@AEBV?$TArray@UFCHPackMediaEntry@@V?$TSizedDefaultAllocator@$0CA@@@@@AEBV?$TArray@VFString@@V?$TSizedDefaultAllocator@$0CA@@@@@_N33PEAV3@444444PEAMPEAH6H@Z@4UFStaticBasicLogRecord@Private@Logging@UE@@B	Label
14cf63930	?LOG_Static@?BJ@???0FFilterMediaCategoriesAction@@QEAA@AEBUFLatentActionInfo@@AEBV?$TArray@UFCHPackMediaEntry@@V?$TSizedDefaultAllocator@$0CA@@@@@AEBV?$TArray@VFString@@V?$TSizedDefaultAllocator@$0CA@@@@@_N33PEAV3@444444PEAMPEAH6H@Z@4UFStaticBasicLogRecord@Private@Logging@UE@@B	Label
14cf64898	TBaseFunctorDelegateInstance<void___cdecl(void),FNotThreadSafeNotCheckedDelegateUserPolicy,`UHandyManager::SendHDSPBeatCycle'::`43'::<lambda_1>_>::`vftable'	Label
14cf64908	TBaseUObjectMethodDelegateInstance<0,UHandyManager,void___cdecl(TSharedPtr<IHttpRequest,1>,TSharedPtr<IHttpResponse,1>,bool),FDefaultDelegateUserPolicy>::`vftable'	Label
14cf64908	??_7?$TBaseUObjectMethodDelegateInstance@$0A@VUHandyManager@@$$A6AXV?$TSharedPtr@VIHttpRequest@@$00@@V?$TSharedPtr@VIHttpResponse@@$00@@_N@ZUFDefaultDelegateUserPolicy@@$$V@@6B@	Label
14cf6d138	??_C@_0BJ@MLOGAFND@UMediaPlaybackController@	Label
14cf70538	UE::Core::Private::Function::TDebugHelper<`UMediaPlaybackController::TickPlaybackFrame'::`38'::<lambda_1>_>::`vftable'	Label
14cf70540	UE::Core::Private::Function::TDebugHelper<`UMediaPlaybackController::TickPlaybackFrame'::`71'::<lambda_2>_>::`vftable'	Label
14cf70548	UE::Core::Private::Function::TDebugHelper<``UMediaPlaybackController::LoadStaticImage'::`2'::<lambda_1>::operator()'::`5'::<lambda_1>_>::`vftable'	Label
14cf70550	UE::Core::Private::Function::TDebugHelper<``UMediaPlaybackController::LoadStaticImage'::`2'::<lambda_1>::operator()'::`19'::<lambda_2>_>::`vftable'	Label
14cf70558	UE::Core::Private::Function::TDebugHelper<``UMediaPlaybackController::LoadStaticImage'::`2'::<lambda_1>::operator()'::`22'::<lambda_3>_>::`vftable'	Label
14cf70560	UE::Core::Private::Function::TDebugHelper<``UMediaPlaybackController::LoadStaticImage'::`2'::<lambda_1>::operator()'::`25'::<lambda_4>_>::`vftable'	Label
14cf70568	UE::Core::Private::Function::TDebugHelper<``UMediaPlaybackController::LoadStaticImage'::`2'::<lambda_1>::operator()'::`2'::<lambda_5>_>::`vftable'	Label
14cf70570	UE::Core::Private::Function::TDebugHelper<`UMediaPlaybackController::LoadStaticImage'::`2'::<lambda_1>_>::`vftable'	Label
14cf70578	UE::Core::Private::Function::TDebugHelper<`UMediaPlaybackController::ProcessFrameBatch'::`448'::<lambda_1>_>::`vftable'	Label
14cf70580	UE::Core::Private::Function::IFunction_OwnedObject_Inline<`UMediaPlaybackController::TickPlaybackFrame'::`38'::<lambda_1>_>::`vftable'	Label
14cf705a0	UE::Core::Private::Function::TFunction_OwnedObject<`UMediaPlaybackController::TickPlaybackFrame'::`38'::<lambda_1>,0>::`vftable'	Label
14cf705c0	UE::Core::Private::Function::TFunction_UniqueOwnedObject<`UMediaPlaybackController::TickPlaybackFrame'::`38'::<lambda_1>,0>::`vftable'	Label
14cf705e0	UE::Core::Private::Function::IFunction_OwnedObject_Inline<`UMediaPlaybackController::TickPlaybackFrame'::`71'::<lambda_2>_>::`vftable'	Label
14cf70600	UE::Core::Private::Function::TFunction_OwnedObject<`UMediaPlaybackController::TickPlaybackFrame'::`71'::<lambda_2>,0>::`vftable'	Label
14cf70620	UE::Core::Private::Function::TFunction_UniqueOwnedObject<`UMediaPlaybackController::TickPlaybackFrame'::`71'::<lambda_2>,0>::`vftable'	Label
14cf70640	UE::Core::Private::Function::IFunction_OwnedObject_Inline<``UMediaPlaybackController::LoadStaticImage'::`2'::<lambda_1>::operator()'::`5'::<lambda_1>_>::`vftable'	Label
14cf70660	UE::Core::Private::Function::TFunction_OwnedObject<``UMediaPlaybackController::LoadStaticImage'::`2'::<lambda_1>::operator()'::`5'::<lambda_1>,0>::`vftable'	Label
14cf70680	UE::Core::Private::Function::TFunction_UniqueOwnedObject<``UMediaPlaybackController::LoadStaticImage'::`2'::<lambda_1>::operator()'::`5'::<lambda_1>,0>::`vftable'	Label
14cf706a0	UE::Core::Private::Function::IFunction_OwnedObject_Inline<``UMediaPlaybackController::LoadStaticImage'::`2'::<lambda_1>::operator()'::`19'::<lambda_2>_>::`vftable'	Label
14cf706c0	UE::Core::Private::Function::TFunction_OwnedObject<``UMediaPlaybackController::LoadStaticImage'::`2'::<lambda_1>::operator()'::`19'::<lambda_2>,0>::`vftable'	Label
14cf706e0	UE::Core::Private::Function::TFunction_UniqueOwnedObject<``UMediaPlaybackController::LoadStaticImage'::`2'::<lambda_1>::operator()'::`19'::<lambda_2>,0>::`vftable'	Label
14cf70700	UE::Core::Private::Function::IFunction_OwnedObject_Inline<``UMediaPlaybackController::LoadStaticImage'::`2'::<lambda_1>::operator()'::`22'::<lambda_3>_>::`vftable'	Label
14cf70720	UE::Core::Private::Function::TFunction_OwnedObject<``UMediaPlaybackController::LoadStaticImage'::`2'::<lambda_1>::operator()'::`22'::<lambda_3>,0>::`vftable'	Label
14cf70740	UE::Core::Private::Function::TFunction_UniqueOwnedObject<``UMediaPlaybackController::LoadStaticImage'::`2'::<lambda_1>::operator()'::`22'::<lambda_3>,0>::`vftable'	Label
14cf70760	UE::Core::Private::Function::IFunction_OwnedObject_Inline<``UMediaPlaybackController::LoadStaticImage'::`2'::<lambda_1>::operator()'::`25'::<lambda_4>_>::`vftable'	Label
14cf70780	UE::Core::Private::Function::TFunction_OwnedObject<``UMediaPlaybackController::LoadStaticImage'::`2'::<lambda_1>::operator()'::`25'::<lambda_4>,0>::`vftable'	Label
14cf707a0	UE::Core::Private::Function::TFunction_UniqueOwnedObject<``UMediaPlaybackController::LoadStaticImage'::`2'::<lambda_1>::operator()'::`25'::<lambda_4>,0>::`vftable'	Label
14cf707c0	UE::Core::Private::Function::IFunction_OwnedObject_OnHeap<``UMediaPlaybackController::LoadStaticImage'::`2'::<lambda_1>::operator()'::`2'::<lambda_5>_>::`vftable'	Label
14cf707e0	UE::Core::Private::Function::TFunction_OwnedObject<``UMediaPlaybackController::LoadStaticImage'::`2'::<lambda_1>::operator()'::`2'::<lambda_5>,1>::`vftable'	Label
14cf70800	UE::Core::Private::Function::TFunction_UniqueOwnedObject<``UMediaPlaybackController::LoadStaticImage'::`2'::<lambda_1>::operator()'::`2'::<lambda_5>,1>::`vftable'	Label
14cf70820	UE::Core::Private::Function::IFunction_OwnedObject_Inline<`UMediaPlaybackController::LoadStaticImage'::`2'::<lambda_1>_>::`vftable'	Label
14cf70840	UE::Core::Private::Function::TFunction_OwnedObject<`UMediaPlaybackController::LoadStaticImage'::`2'::<lambda_1>,0>::`vftable'	Label
14cf70860	UE::Core::Private::Function::TFunction_UniqueOwnedObject<`UMediaPlaybackController::LoadStaticImage'::`2'::<lambda_1>,0>::`vftable'	Label
14cf70880	UE::Core::Private::Function::IFunction_OwnedObject_Inline<`UMediaPlaybackController::ProcessFrameBatch'::`448'::<lambda_1>_>::`vftable'	Label
14cf708a0	UE::Core::Private::Function::TFunction_OwnedObject<`UMediaPlaybackController::ProcessFrameBatch'::`448'::<lambda_1>,0>::`vftable'	Label
14cf708c0	UE::Core::Private::Function::TFunction_CopyableOwnedObject<`UMediaPlaybackController::ProcessFrameBatch'::`448'::<lambda_1>,0>::`vftable'	Label
14cf70d20	UE::Core::Private::Function::TDebugHelper<`UPreciseBeatWidget::NativeTick'::`54'::<lambda_1>_>::`vftable'	Label
14cf70d28	UE::Core::Private::Function::IFunction_OwnedObject_Inline<`UPreciseBeatWidget::NativeTick'::`54'::<lambda_1>_>::`vftable'	Label
14cf70d48	UE::Core::Private::Function::TFunction_OwnedObject<`UPreciseBeatWidget::NativeTick'::`54'::<lambda_1>,0>::`vftable'	Label
14cf70d68	UE::Core::Private::Function::TFunction_CopyableOwnedObject<`UPreciseBeatWidget::NativeTick'::`54'::<lambda_1>,0>::`vftable'	Label
14cf777f8	UE::Core::Private::Function::TDebugHelper<`UProgressionManager::StartNewSession'::`2'::<lambda_1>_>::`vftable'	Label
14cf77800	UE::Core::Private::Function::IFunction_OwnedObject_Inline<`UProgressionManager::StartNewSession'::`2'::<lambda_1>_>::`vftable'	Label
14cf77820	UE::Core::Private::Function::TFunction_OwnedObject<`UProgressionManager::StartNewSession'::`2'::<lambda_1>,0>::`vftable'	Label
14cf77840	UE::Core::Private::Function::TFunction_CopyableOwnedObject<`UProgressionManager::StartNewSession'::`2'::<lambda_1>,0>::`vftable'	Label
14cf7bdf0	??_C@_0BE@CKBDCNKL@UBeatSpawnerManager@	Label
14cf7c068	UE::Core::Private::Function::TDebugHelper<`UBeatSpawnerManager::OnBeatReachedCenter'::`321'::<lambda_1>_>::`vftable'	Label
14cf7c070	UE::Core::Private::Function::IFunction_OwnedObject_Inline<`UBeatSpawnerManager::OnBeatReachedCenter'::`321'::<lambda_1>_>::`vftable'	Label
14cf7c090	UE::Core::Private::Function::TFunction_OwnedObject<`UBeatSpawnerManager::OnBeatReachedCenter'::`321'::<lambda_1>,0>::`vftable'	Label
14cf7c0b0	UE::Core::Private::Function::TFunction_CopyableOwnedObject<`UBeatSpawnerManager::OnBeatReachedCenter'::`321'::<lambda_1>,0>::`vftable'	Label
14e9eb630	Z_Construct_UFunction_UAdultToyManager_CheckRealDeviceConnection_Statics::FuncParams	Label
14e9eb630	?FuncParams@Z_Construct_UFunction_UAdultToyManager_CheckRealDeviceConnection_Statics@@2UFFunctionParams@UECodeGen_Private@@B	Label
14e9eb670	Z_Construct_UFunction_UAdultToyManager_ConnectToButtplug_Statics::FuncParams	Label
14e9eb6b0	Z_Construct_UFunction_UAdultToyManager_ConnectToHandy_Statics::FuncParams	Label
14e9eb6b0	?FuncParams@Z_Construct_UFunction_UAdultToyManager_ConnectToHandy_Statics@@2UFFunctionParams@UECodeGen_Private@@B	Label
14e9eb6f0	Z_Construct_UFunction_UAdultToyManager_ConnectToLovense_Statics::FuncParams	Label
14e9eb6f0	?FuncParams@Z_Construct_UFunction_UAdultToyManager_ConnectToLovense_Statics@@2UFFunctionParams@UECodeGen_Private@@B	Label
14e9eb730	Z_Construct_UFunction_UAdultToyManager_ConnectToLovenseViaHTTP_Statics::FuncParams	Label
14e9eb730	?FuncParams@Z_Construct_UFunction_UAdultToyManager_ConnectToLovenseViaHTTP_Statics@@2UFFunctionParams@UECodeGen_Private@@B	Label
14e9eb770	Z_Construct_UFunction_UAdultToyManager_ConnectToLovenseViaMobile_Statics::FuncParams	Label
14e9eb770	?FuncParams@Z_Construct_UFunction_UAdultToyManager_ConnectToLovenseViaMobile_Statics@@2UFFunctionParams@UECodeGen_Private@@B	Label
14e9eb7b0	Z_Construct_UFunction_UAdultToyManager_DebugLogAllDevices_Statics::FuncParams	Label
14e9eb7b0	?FuncParams@Z_Construct_UFunction_UAdultToyManager_DebugLogAllDevices_Statics@@2UFFunctionParams@UECodeGen_Private@@B	Label
14e9eb7f0	Z_Construct_UFunction_UAdultToyManager_DebugLogButtplugStatus_Statics::FuncParams	Label
14e9eb7f0	?FuncParams@Z_Construct_UFunction_UAdultToyManager_DebugLogButtplugStatus_Statics@@2UFFunctionParams@UECodeGen_Private@@B	Label
14e9eb830	Z_Construct_UFunction_UAdultToyManager_DebugLogHandyStatus_Statics::FuncParams	Label
14e9eb830	?FuncParams@Z_Construct_UFunction_UAdultToyManager_DebugLogHandyStatus_Statics@@2UFFunctionParams@UECodeGen_Private@@B	Label
14e9eb870	Z_Construct_UFunction_UAdultToyManager_DebugLogLovenseHTTPStats_Statics::FuncParams	Label
14e9eb8b0	Z_Construct_UFunction_UAdultToyManager_DebugLogLovenseStatus_Statics::FuncParams	Label
14e9eb8b0	?FuncParams@Z_Construct_UFunction_UAdultToyManager_DebugLogLovenseStatus_Statics@@2UFFunctionParams@UECodeGen_Private@@B	Label
14e9eb8f0	Z_Construct_UFunction_UAdultToyManager_DisconnectFromButtplug_Statics::FuncParams	Label
14e9eb930	Z_Construct_UFunction_UAdultToyManager_DisconnectFromHandy_Statics::FuncParams	Label
14e9eb970	Z_Construct_UFunction_UAdultToyManager_DisconnectFromLovense_Statics::FuncParams	Label
14e9eb970	?FuncParams@Z_Construct_UFunction_UAdultToyManager_DisconnectFromLovense_Statics@@2UFFunctionParams@UECodeGen_Private@@B	Label
14e9eb9b0	Z_Construct_UFunction_UAdultToyManager_DisconnectFromLovenseViaMobile_Statics::FuncParams	Label
14e9eb9b0	?FuncParams@Z_Construct_UFunction_UAdultToyManager_DisconnectFromLovenseViaMobile_Statics@@2UFFunctionParams@UECodeGen_Private@@B	Label
14e9eb9f0	Z_Construct_UFunction_UAdultToyManager_EmergencyStopAllDevices_Statics::FuncParams	Label
14e9eba30	Z_Construct_UFunction_UAdultToyManager_EnableBeatSynchronization_Statics::FuncParams	Label
14e9eba70	Z_Construct_UFunction_UAdultToyManager_GetButtplugDebugString_Statics::FuncParams	Label
14e9ebab0	Z_Construct_UFunction_UAdultToyManager_GetConnectedButtplugDeviceCount_Statics::FuncParams	Label
14e9ebab0	?FuncParams@Z_Construct_UFunction_UAdultToyManager_GetConnectedButtplugDeviceCount_Statics@@2UFFunctionParams@UECodeGen_Private@@B	Label
14e9ebaf0	Z_Construct_UFunction_UAdultToyManager_GetConnectedButtplugDeviceNames_Statics::FuncParams	Label
14e9ebaf0	?FuncParams@Z_Construct_UFunction_UAdultToyManager_GetConnectedButtplugDeviceNames_Statics@@2UFFunctionParams@UECodeGen_Private@@B	Label
14e9ebb30	Z_Construct_UFunction_UAdultToyManager_GetConnectedLovenseDeviceCount_Statics::FuncParams	Label
14e9ebb30	?FuncParams@Z_Construct_UFunction_UAdultToyManager_GetConnectedLovenseDeviceCount_Statics@@2UFFunctionParams@UECodeGen_Private@@B	Label
14e9ebb70	Z_Construct_UFunction_UAdultToyManager_GetConnectedLovenseDeviceNames_Statics::FuncParams	Label
14e9ebbb0	Z_Construct_UFunction_UAdultToyManager_GetConnectionStatus_Statics::FuncParams	Label
14e9ebbb0	?FuncParams@Z_Construct_UFunction_UAdultToyManager_GetConnectionStatus_Statics@@2UFFunctionParams@UECodeGen_Private@@B	Label
14e9ebbf0	Z_Construct_UFunction_UAdultToyManager_GetLovenseConnectionMethod_Statics::FuncParams	Label
14e9ebbf0	?FuncParams@Z_Construct_UFunction_UAdultToyManager_GetLovenseConnectionMethod_Statics@@2UFFunctionParams@UECodeGen_Private@@B	Label
14e9ebc30	Z_Construct_UFunction_UAdultToyManager_HasAnyConnectedButtplugDevices_Statics::FuncParams	Label
14e9ebc30	?FuncParams@Z_Construct_UFunction_UAdultToyManager_HasAnyConnectedButtplugDevices_Statics@@2UFFunctionParams@UECodeGen_Private@@B	Label
14e9ebc70	Z_Construct_UFunction_UAdultToyManager_HasConnectedButtplugStrokers_Statics::FuncParams	Label
14e9ebc70	?FuncParams@Z_Construct_UFunction_UAdultToyManager_HasConnectedButtplugStrokers_Statics@@2UFFunctionParams@UECodeGen_Private@@B	Label
14e9ebcb0	Z_Construct_UFunction_UAdultToyManager_HasConnectedButtplugVibrators_Statics::FuncParams	Label
14e9ebcf0	Z_Construct_UFunction_UAdultToyManager_HasConnectedLovenseDevices_Statics::FuncParams	Label
14e9ebcf0	?FuncParams@Z_Construct_UFunction_UAdultToyManager_HasConnectedLovenseDevices_Statics@@2UFFunctionParams@UECodeGen_Private@@B	Label
14e9ebd30	Z_Construct_UFunction_UAdultToyManager_InitializeWithGameInstance_Statics::FuncParams	Label
14e9ebd70	Z_Construct_UFunction_UAdultToyManager_IsButtplugConnected_Statics::FuncParams	Label
14e9ebd70	?FuncParams@Z_Construct_UFunction_UAdultToyManager_IsButtplugConnected_Statics@@2UFFunctionParams@UECodeGen_Private@@B	Label
14e9ebdb0	Z_Construct_UFunction_UAdultToyManager_IsHandyConnected_Statics::FuncParams	Label
14e9ebdb0	?FuncParams@Z_Construct_UFunction_UAdultToyManager_IsHandyConnected_Statics@@2UFFunctionParams@UECodeGen_Private@@B	Label
14e9ebdf0	Z_Construct_UFunction_UAdultToyManager_IsLovenseMobileConnected_Statics::FuncParams	Label
14e9ebdf0	?FuncParams@Z_Construct_UFunction_UAdultToyManager_IsLovenseMobileConnected_Statics@@2UFFunctionParams@UECodeGen_Private@@B	Label
14e9ebe30	Z_Construct_UFunction_UAdultToyManager_IsProperlyInitialized_Statics::FuncParams	Label
14e9ebe30	?FuncParams@Z_Construct_UFunction_UAdultToyManager_IsProperlyInitialized_Statics@@2UFFunctionParams@UECodeGen_Private@@B	Label
14e9ebe70	Z_Construct_UFunction_UAdultToyManager_LogBeatSyncStats_Statics::FuncParams	Label
14e9ebe70	?FuncParams@Z_Construct_UFunction_UAdultToyManager_LogBeatSyncStats_Statics@@2UFFunctionParams@UECodeGen_Private@@B	Label
14e9ebeb0	Z_Construct_UFunction_UAdultToyManager_OnBeatFired_Statics::FuncParams	Label
14e9ebeb0	?FuncParams@Z_Construct_UFunction_UAdultToyManager_OnBeatFired_Statics@@2UFFunctionParams@UECodeGen_Private@@B	Label
14e9ebef0	Z_Construct_UFunction_UAdultToyManager_OnBeatHitCenter_Statics::FuncParams	Label
14e9ebf30	Z_Construct_UFunction_UAdultToyManager_OnLovenseStarted_Statics::FuncParams	Label
14e9ebf30	?FuncParams@Z_Construct_UFunction_UAdultToyManager_OnLovenseStarted_Statics@@2UFFunctionParams@UECodeGen_Private@@B	Label
14e9ebf70	Z_Construct_UFunction_UAdultToyManager_OnLovenseStopped_Statics::FuncParams	Label
14e9ebf70	?FuncParams@Z_Construct_UFunction_UAdultToyManager_OnLovenseStopped_Statics@@2UFFunctionParams@UECodeGen_Private@@B	Label
14e9ebfb0	Z_Construct_UFunction_UAdultToyManager_OnLovenseToysUpdated_Statics::FuncParams	Label
14e9ebff0	Z_Construct_UFunction_UAdultToyManager_OnMobileEventsAPIResultCode_Statics::FuncParams	Label
14e9ebff0	?FuncParams@Z_Construct_UFunction_UAdultToyManager_OnMobileEventsAPIResultCode_Statics@@2UFFunctionParams@UECodeGen_Private@@B	Label
14e9ec030	Z_Construct_UFunction_UAdultToyManager_OnMobileEventsAPIToysReceived_Statics::FuncParams	Label
14e9ec030	?FuncParams@Z_Construct_UFunction_UAdultToyManager_OnMobileEventsAPIToysReceived_Statics@@2UFFunctionParams@UECodeGen_Private@@B	Label
14e9ec070	Z_Construct_UFunction_UAdultToyManager_OnMobileEventsToyBatteryChanged_Statics::FuncParams	Label
14e9ec0b0	Z_Construct_UFunction_UAdultToyManager_OnMobileEventsToyConnectStatusChanged_Statics::FuncParams	Label
14e9ec0f0	Z_Construct_UFunction_UAdultToyManager_OnSequenceEnd_Statics::FuncParams	Label
14e9ec0f0	?FuncParams@Z_Construct_UFunction_UAdultToyManager_OnSequenceEnd_Statics@@2UFFunctionParams@UECodeGen_Private@@B	Label
14e9ec130	Z_Construct_UFunction_UAdultToyManager_OnSequencePaused_Statics::FuncParams	Label
14e9ec170	Z_Construct_UFunction_UAdultToyManager_ProcessBeatCommand_Statics::FuncParams	Label
14e9ec170	?FuncParams@Z_Construct_UFunction_UAdultToyManager_ProcessBeatCommand_Statics@@2UFFunctionParams@UECodeGen_Private@@B	Label
14e9ec1b0	Z_Construct_UFunction_UAdultToyManager_RefreshButtplugDevices_Statics::FuncParams	Label
14e9ec1f0	Z_Construct_UFunction_UAdultToyManager_RefreshHandyStatus_Statics::FuncParams	Label
14e9ec1f0	?FuncParams@Z_Construct_UFunction_UAdultToyManager_RefreshHandyStatus_Statics@@2UFFunctionParams@UECodeGen_Private@@B	Label
14e9ec230	Z_Construct_UFunction_UAdultToyManager_RefreshLovenseDevices_Statics::FuncParams	Label
14e9ec230	?FuncParams@Z_Construct_UFunction_UAdultToyManager_RefreshLovenseDevices_Statics@@2UFFunctionParams@UECodeGen_Private@@B	Label
14e9ec270	Z_Construct_UFunction_UAdultToyManager_SendTestVibration_Statics::FuncParams	Label
14e9ec270	?FuncParams@Z_Construct_UFunction_UAdultToyManager_SendTestVibration_Statics@@2UFFunctionParams@UECodeGen_Private@@B	Label
14e9ec2b0	Z_Construct_UFunction_UAdultToyManager_SetBeatSpawnerReference_Statics::FuncParams	Label
14e9ec2b0	?FuncParams@Z_Construct_UFunction_UAdultToyManager_SetBeatSpawnerReference_Statics@@2UFFunctionParams@UECodeGen_Private@@B	Label
14e9ec2f0	Z_Construct_UFunction_UAdultToyManager_SetButtplugStrokeRange_Statics::FuncParams	Label
14e9ec2f0	?FuncParams@Z_Construct_UFunction_UAdultToyManager_SetButtplugStrokeRange_Statics@@2UFFunctionParams@UECodeGen_Private@@B	Label
14e9ec330	Z_Construct_UFunction_UAdultToyManager_SetButtplugVibratorIntensity_Statics::FuncParams	Label
14e9ec330	?FuncParams@Z_Construct_UFunction_UAdultToyManager_SetButtplugVibratorIntensity_Statics@@2UFFunctionParams@UECodeGen_Private@@B	Label
14e9ec370	Z_Construct_UFunction_UAdultToyManager_SetButtplugVibratorPulseDuration_Statics::FuncParams	Label
14e9ec370	?FuncParams@Z_Construct_UFunction_UAdultToyManager_SetButtplugVibratorPulseDuration_Statics@@2UFFunctionParams@UECodeGen_Private@@B	Label
14e9ec3b0	Z_Construct_UFunction_UAdultToyManager_SetHandyMode_Statics::FuncParams	Label
14e9ec3f0	Z_Construct_UFunction_UAdultToyManager_SetHandyPosition_Statics::FuncParams	Label
14e9ec3f0	?FuncParams@Z_Construct_UFunction_UAdultToyManager_SetHandyPosition_Statics@@2UFFunctionParams@UECodeGen_Private@@B	Label
14e9ec430	Z_Construct_UFunction_UAdultToyManager_SetHandyPositionWithTime_Statics::FuncParams	Label
14e9ec430	?FuncParams@Z_Construct_UFunction_UAdultToyManager_SetHandyPositionWithTime_Statics@@2UFFunctionParams@UECodeGen_Private@@B	Label
14e9ec470	Z_Construct_UFunction_UAdultToyManager_SetHandyPositionWithVelocity_Statics::FuncParams	Label
14e9ec470	?FuncParams@Z_Construct_UFunction_UAdultToyManager_SetHandyPositionWithVelocity_Statics@@2UFFunctionParams@UECodeGen_Private@@B	Label
14e9ec4b0	Z_Construct_UFunction_UAdultToyManager_SetHandySlideSettings_Statics::FuncParams	Label
14e9ec4b0	?FuncParams@Z_Construct_UFunction_UAdultToyManager_SetHandySlideSettings_Statics@@2UFFunctionParams@UECodeGen_Private@@B	Label
14e9ec4f0	Z_Construct_UFunction_UAdultToyManager_SetHandyVelocity_Statics::FuncParams	Label
14e9ec4f0	?FuncParams@Z_Construct_UFunction_UAdultToyManager_SetHandyVelocity_Statics@@2UFFunctionParams@UECodeGen_Private@@B	Label
14e9ec530	Z_Construct_UFunction_UAdultToyManager_SetStrokeSlider_Statics::FuncParams	Label
14e9ec530	?FuncParams@Z_Construct_UFunction_UAdultToyManager_SetStrokeSlider_Statics@@2UFFunctionParams@UECodeGen_Private@@B	Label
14e9ec570	Z_Construct_UFunction_UAdultToyManager_SetStrokeZone_Statics::FuncParams	Label
14e9ec570	?FuncParams@Z_Construct_UFunction_UAdultToyManager_SetStrokeZone_Statics@@2UFFunctionParams@UECodeGen_Private@@B	Label
14e9ec5b0	Z_Construct_UFunction_UAdultToyManager_SetStrokeZoneBaseOnly_Statics::FuncParams	Label
14e9ec5f0	Z_Construct_UFunction_UAdultToyManager_SetStrokeZoneFullRange_Statics::FuncParams	Label
14e9ec5f0	?FuncParams@Z_Construct_UFunction_UAdultToyManager_SetStrokeZoneFullRange_Statics@@2UFFunctionParams@UECodeGen_Private@@B	Label
14e9ec630	Z_Construct_UFunction_UAdultToyManager_SetStrokeZoneHeadOnly_Statics::FuncParams	Label
14e9ec670	Z_Construct_UFunction_UAdultToyManager_StartHandyHAMP_Statics::FuncParams	Label
14e9ec670	?FuncParams@Z_Construct_UFunction_UAdultToyManager_StartHandyHAMP_Statics@@2UFFunctionParams@UECodeGen_Private@@B	Label
14e9ec6b0	Z_Construct_UFunction_UAdultToyManager_StopHandyHAMP_Statics::FuncParams	Label
14e9ec6b0	?FuncParams@Z_Construct_UFunction_UAdultToyManager_StopHandyHAMP_Statics@@2UFFunctionParams@UECodeGen_Private@@B	Label
14e9ec6f0	Z_Construct_UFunction_UAdultToyManager_TestAllButtplugDevices_Statics::FuncParams	Label
14e9ec730	Z_Construct_UFunction_UAdultToyManager_TestHandyConnection_Statics::FuncParams	Label
14e9ec730	?FuncParams@Z_Construct_UFunction_UAdultToyManager_TestHandyConnection_Statics@@2UFFunctionParams@UECodeGen_Private@@B	Label
14e9ec770	Z_Construct_UFunction_UAdultToyManager_TestLovenseDevices_Statics::FuncParams	Label
14e9ec770	?FuncParams@Z_Construct_UFunction_UAdultToyManager_TestLovenseDevices_Statics@@2UFFunctionParams@UECodeGen_Private@@B	Label
14e9ec7b0	Z_Construct_UFunction_UAdultToyManager_TestLovenseHTTPConnection_Statics::FuncParams	Label
14e9ec7b0	?FuncParams@Z_Construct_UFunction_UAdultToyManager_TestLovenseHTTPConnection_Statics@@2UFFunctionParams@UECodeGen_Private@@B	Label
14e9ec7f0	Z_Construct_UFunction_UAdultToyManager_TestMobileConnection_Statics::FuncParams	Label
14e9ec7f0	?FuncParams@Z_Construct_UFunction_UAdultToyManager_TestMobileConnection_Statics@@2UFFunctionParams@UECodeGen_Private@@B	Label
14e9ec830	Z_Construct_UScriptStruct_FCHPackMediaEntry_Statics::ReturnStructParams	Label
14e9ec830	?ReturnStructParams@Z_Construct_UScriptStruct_FCHPackMediaEntry_Statics@@2UFStructParams@UECodeGen_Private@@B	Label
14e9ec868	Z_Construct_UScriptStruct_FCHPackManifest_Statics::ReturnStructParams	Label
14e9ec868	?ReturnStructParams@Z_Construct_UScriptStruct_FCHPackManifest_Statics@@2UFStructParams@UECodeGen_Private@@B	Label
14e9ec8e0	Z_Construct_UFunction_UCHPackManager_ExtractChpackToFolder_Statics::FuncParams	Label
14e9ec8e0	?FuncParams@Z_Construct_UFunction_UCHPackManager_ExtractChpackToFolder_Statics@@2UFFunctionParams@UECodeGen_Private@@B	Label
14e9ec920	Z_Construct_UFunction_UCHPackManager_FilterMediaIntoCategoriesAsync_Statics::FuncParams	Label
14e9ec920	?FuncParams@Z_Construct_UFunction_UCHPackManager_FilterMediaIntoCategoriesAsync_Statics@@2UFFunctionParams@UECodeGen_Private@@B	Label
14e9ec960	Z_Construct_UFunction_UCHPackManager_GetAllChpackPaths_Statics::FuncParams	Label
14e9ec9a0	Z_Construct_UFunction_UCHPackManager_GetAllPackInfos_Statics::FuncParams	Label
14e9ec9a0	?FuncParams@Z_Construct_UFunction_UCHPackManager_GetAllPackInfos_Statics@@2UFFunctionParams@UECodeGen_Private@@B	Label
14e9ec9e0	Z_Construct_UFunction_UCHPackManager_GetCurrentFilterProcessed_Statics::FuncParams	Label
14e9ec9e0	?FuncParams@Z_Construct_UFunction_UCHPackManager_GetCurrentFilterProcessed_Statics@@2UFFunctionParams@UECodeGen_Private@@B	Label
14e9eca20	Z_Construct_UFunction_UCHPackManager_GetCurrentFilterProgress_Statics::FuncParams	Label
14e9eca20	?FuncParams@Z_Construct_UFunction_UCHPackManager_GetCurrentFilterProgress_Statics@@2UFFunctionParams@UECodeGen_Private@@B	Label
14e9eca60	Z_Construct_UFunction_UCHPackManager_GetCurrentFilterTotal_Statics::FuncParams	Label
14e9eca60	?FuncParams@Z_Construct_UFunction_UCHPackManager_GetCurrentFilterTotal_Statics@@2UFFunctionParams@UECodeGen_Private@@B	Label
14e9ecaa0	Z_Construct_UFunction_UCHPackManager_GetExtractedPackNames_Statics::FuncParams	Label
14e9ecaa0	?FuncParams@Z_Construct_UFunction_UCHPackManager_GetExtractedPackNames_Statics@@2UFFunctionParams@UECodeGen_Private@@B	Label
14e9ecae0	Z_Construct_UFunction_UCHPackManager_GetManifestMedia_Statics::FuncParams	Label
14e9ecb20	Z_Construct_UFunction_UCHPackManager_LoadManifestFromChpack_Statics::FuncParams	Label
14e9ecb60	Z_Construct_UFunction_UCHPackManager_LoadManifestFromJson_Statics::FuncParams	Label
14e9ecb60	?FuncParams@Z_Construct_UFunction_UCHPackManager_LoadManifestFromJson_Statics@@2UFFunctionParams@UECodeGen_Private@@B	Label
14e9ecba0	Z_Construct_UFunction_UCHPackManager_MigrateLegacyManifests_Statics::FuncParams	Label
14e9ecbe0	Z_Construct_UFunction_UCHPackManager_SetPatronStatus_Statics::FuncParams	Label
14e9ecc20	Z_Construct_UFunction_UCHPackManager_UpdateManifestWithCounts_Statics::FuncParams	Label
14e9ecc60	Z_Construct_UFunction_UCHPackManager_ValidateMediaEntries_Statics::FuncParams	Label
14e9ecc60	?FuncParams@Z_Construct_UFunction_UCHPackManager_ValidateMediaEntries_Statics@@2UFFunctionParams@UECodeGen_Private@@B	Label
14e9ecca0	Z_Construct_UFunction_UFFmpegManager_CloseVideo_Statics::FuncParams	Label
14e9ecce0	Z_Construct_UFunction_UFFmpegManager_DecodeAndUploadFrames_Statics::FuncParams	Label
14e9ecce0	?FuncParams@Z_Construct_UFunction_UFFmpegManager_DecodeAndUploadFrames_Statics@@2UFFunctionParams@UECodeGen_Private@@B	Label
14e9ecd20	Z_Construct_UFunction_UFFmpegManager_InitializeFFmpeg_Statics::FuncParams	Label
14e9ecd20	?FuncParams@Z_Construct_UFunction_UFFmpegManager_InitializeFFmpeg_Statics@@2UFFunctionParams@UECodeGen_Private@@B	Label
14e9ecd60	Z_Construct_UFunction_UFFmpegManager_OpenVideo_Statics::FuncParams	Label
14e9ece10	Z_Construct_UFunction_UFileImportManager_AddFiles_Statics::FuncParams	Label
14e9ece10	?FuncParams@Z_Construct_UFunction_UFileImportManager_AddFiles_Statics@@2UFFunctionParams@UECodeGen_Private@@B	Label
14e9ece50	Z_Construct_UFunction_UFileImportManager_BrowseForDirectory_Statics::FuncParams	Label
14e9ece90	Z_Construct_UFunction_UFileImportManager_BrowseForFiles_Statics::FuncParams	Label
14e9ece90	?FuncParams@Z_Construct_UFunction_UFileImportManager_BrowseForFiles_Statics@@2UFFunctionParams@UECodeGen_Private@@B	Label
14e9eced0	Z_Construct_UFunction_UFileImportManager_ClearAllData_Statics::FuncParams	Label
14e9eced0	?FuncParams@Z_Construct_UFunction_UFileImportManager_ClearAllData_Statics@@2UFFunctionParams@UECodeGen_Private@@B	Label
14e9ecf10	Z_Construct_UFunction_UFileImportManager_DeletePresetFromSaveGame_Statics::FuncParams	Label
14e9ecf10	?FuncParams@Z_Construct_UFunction_UFileImportManager_DeletePresetFromSaveGame_Statics@@2UFFunctionParams@UECodeGen_Private@@B	Label
14e9ecf50	Z_Construct_UFunction_UFileImportManager_GetAllPresetNamesFromSaveGame_Statics::FuncParams	Label
14e9ecf90	Z_Construct_UFunction_UFileImportManager_GetImageCount_Statics::FuncParams	Label
14e9ecfd0	Z_Construct_UFunction_UFileImportManager_GetImportedFiles_Statics::FuncParams	Label
14e9ecfd0	?FuncParams@Z_Construct_UFunction_UFileImportManager_GetImportedFiles_Statics@@2UFFunctionParams@UECodeGen_Private@@B	Label
14e9ed010	Z_Construct_UFunction_UFileImportManager_GetImportedMediaEntries_Statics::FuncParams	Label
14e9ed010	?FuncParams@Z_Construct_UFunction_UFileImportManager_GetImportedMediaEntries_Statics@@2UFFunctionParams@UECodeGen_Private@@B	Label
14e9ed050	Z_Construct_UFunction_UFileImportManager_GetMediaCountText_Statics::FuncParams	Label
14e9ed050	?FuncParams@Z_Construct_UFunction_UFileImportManager_GetMediaCountText_Statics@@2UFFunctionParams@UECodeGen_Private@@B	Label
14e9ed090	Z_Construct_UFunction_UFileImportManager_GetVideoCount_Statics::FuncParams	Label
14e9ed090	?FuncParams@Z_Construct_UFunction_UFileImportManager_GetVideoCount_Statics@@2UFFunctionParams@UECodeGen_Private@@B	Label
14e9ed0d0	Z_Construct_UFunction_UFileImportManager_LoadPresetFromSaveGame_Statics::FuncParams	Label
14e9ed0d0	?FuncParams@Z_Construct_UFunction_UFileImportManager_LoadPresetFromSaveGame_Statics@@2UFFunctionParams@UECodeGen_Private@@B	Label
14e9ed110	Z_Construct_UFunction_UFileImportManager_RemoveFile_Statics::FuncParams	Label
14e9ed150	Z_Construct_UFunction_UFileImportManager_SavePresetToSaveGame_Statics::FuncParams	Label
14e9ed150	?FuncParams@Z_Construct_UFunction_UFileImportManager_SavePresetToSaveGame_Statics@@2UFFunctionParams@UECodeGen_Private@@B	Label
14e9ed190	Z_Construct_UFunction_UFileImportManager_ScanCurrentPaths_Statics::FuncParams	Label
14e9ed190	?FuncParams@Z_Construct_UFunction_UFileImportManager_ScanCurrentPaths_Statics@@2UFFunctionParams@UECodeGen_Private@@B	Label
14e9ed1d0	Z_Construct_UFunction_UFileImportManager_SetFileEnabled_Statics::FuncParams	Label
14e9ed1d0	?FuncParams@Z_Construct_UFunction_UFileImportManager_SetFileEnabled_Statics@@2UFFunctionParams@UECodeGen_Private@@B	Label
14e9ed210	Z_Construct_UFunction_UFileImportManager_VerifyFileExists_Statics::FuncParams	Label
14e9ed210	?FuncParams@Z_Construct_UFunction_UFileImportManager_VerifyFileExists_Statics@@2UFFunctionParams@UECodeGen_Private@@B	Label
14e9ed250	Z_Construct_UFunction_UHandyManager_CheckStatus_Statics::FuncParams	Label
14e9ed250	?FuncParams@Z_Construct_UFunction_UHandyManager_CheckStatus_Statics@@2UFFunctionParams@UECodeGen_Private@@B	Label
14e9ed290	Z_Construct_UFunction_UHandyManager_Init_Statics::FuncParams	Label
14e9ed290	?FuncParams@Z_Construct_UFunction_UHandyManager_Init_Statics@@2UFFunctionParams@UECodeGen_Private@@B	Label
14e9ed2d0	Z_Construct_UFunction_UHandyManager_IsConnected_Statics::FuncParams	Label
14e9ed310	Z_Construct_UFunction_UHandyManager_SendHDSPBeatCycle_Statics::FuncParams	Label
14e9ed310	?FuncParams@Z_Construct_UFunction_UHandyManager_SendHDSPBeatCycle_Statics@@2UFFunctionParams@UECodeGen_Private@@B	Label
14e9ed350	Z_Construct_UFunction_UHandyManager_SendPace_Statics::FuncParams	Label
14e9ed350	?FuncParams@Z_Construct_UFunction_UHandyManager_SendPace_Statics@@2UFFunctionParams@UECodeGen_Private@@B	Label
14e9ed390	Z_Construct_UFunction_UHandyManager_SetConnectionKey_Statics::FuncParams	Label
14e9ed390	?FuncParams@Z_Construct_UFunction_UHandyManager_SetConnectionKey_Statics@@2UFFunctionParams@UECodeGen_Private@@B	Label
14e9edd40	Z_Construct_UFunction_UMediaPlaybackController_EnableBeatPatternSync_Statics::FuncParams	Label
14e9edd80	Z_Construct_UFunction_UMediaPlaybackController_FindVideoFile_Statics::FuncParams	Label
14e9edd80	?FuncParams@Z_Construct_UFunction_UMediaPlaybackController_FindVideoFile_Statics@@2UFFunctionParams@UECodeGen_Private@@B	Label
14e9eddc0	Z_Construct_UFunction_UMediaPlaybackController_GetCurrentBeatIndex_Statics::FuncParams	Label
14e9eddc0	?FuncParams@Z_Construct_UFunction_UMediaPlaybackController_GetCurrentBeatIndex_Statics@@2UFFunctionParams@UECodeGen_Private@@B	Label
14e9ede00	Z_Construct_UFunction_UMediaPlaybackController_GetCurrentFrameIndex_Statics::FuncParams	Label
14e9ede00	?FuncParams@Z_Construct_UFunction_UMediaPlaybackController_GetCurrentFrameIndex_Statics@@2UFFunctionParams@UECodeGen_Private@@B	Label
14e9ede40	Z_Construct_UFunction_UMediaPlaybackController_GetMasterTimelinePosition_Statics::FuncParams	Label
14e9ede40	?FuncParams@Z_Construct_UFunction_UMediaPlaybackController_GetMasterTimelinePosition_Statics@@2UFFunctionParams@UECodeGen_Private@@B	Label
14e9ede80	Z_Construct_UFunction_UMediaPlaybackController_GetPlaybackMode_Statics::FuncParams	Label
14e9ede80	?FuncParams@Z_Construct_UFunction_UMediaPlaybackController_GetPlaybackMode_Statics@@2UFFunctionParams@UECodeGen_Private@@B	Label
14e9edec0	Z_Construct_UFunction_UMediaPlaybackController_GetTotalFrameCount_Statics::FuncParams	Label
14e9edec0	?FuncParams@Z_Construct_UFunction_UMediaPlaybackController_GetTotalFrameCount_Statics@@2UFFunctionParams@UECodeGen_Private@@B	Label
14e9edf00	Z_Construct_UFunction_UMediaPlaybackController_GetVideoDuration_Statics::FuncParams	Label
14e9edf40	Z_Construct_UFunction_UMediaPlaybackController_IsPlaying_Statics::FuncParams	Label
14e9edf80	Z_Construct_UFunction_UMediaPlaybackController_LoadStaticImage_Statics::FuncParams	Label
14e9edf80	?FuncParams@Z_Construct_UFunction_UMediaPlaybackController_LoadStaticImage_Statics@@2UFFunctionParams@UECodeGen_Private@@B	Label
14e9edfc0	Z_Construct_UFunction_UMediaPlaybackController_OnBeatPatternAdvanced_Statics::FuncParams	Label
14e9edfc0	?FuncParams@Z_Construct_UFunction_UMediaPlaybackController_OnBeatPatternAdvanced_Statics@@2UFFunctionParams@UECodeGen_Private@@B	Label
14e9ee000	Z_Construct_UFunction_UMediaPlaybackController_PlayMediaEntry_Statics::FuncParams	Label
14e9ee000	?FuncParams@Z_Construct_UFunction_UMediaPlaybackController_PlayMediaEntry_Statics@@2UFFunctionParams@UECodeGen_Private@@B	Label
14e9ee040	Z_Construct_UFunction_UMediaPlaybackController_SetAsBackgroundInstance_Statics::FuncParams	Label
14e9ee040	?FuncParams@Z_Construct_UFunction_UMediaPlaybackController_SetAsBackgroundInstance_Statics@@2UFFunctionParams@UECodeGen_Private@@B	Label
14e9ee080	Z_Construct_UFunction_UMediaPlaybackController_SetBeatInterval_Statics::FuncParams	Label
14e9ee0c0	Z_Construct_UFunction_UMediaPlaybackController_SetBeatPattern_Statics::FuncParams	Label
14e9ee0c0	?FuncParams@Z_Construct_UFunction_UMediaPlaybackController_SetBeatPattern_Statics@@2UFFunctionParams@UECodeGen_Private@@B	Label
14e9ee100	Z_Construct_UFunction_UMediaPlaybackController_SetCropMode_Statics::FuncParams	Label
14e9ee140	Z_Construct_UFunction_UMediaPlaybackController_SetScaleBoxReference_Statics::FuncParams	Label
14e9ee180	Z_Construct_UFunction_UMediaPlaybackController_SetSyncStartTime_Statics::FuncParams	Label
14e9ee180	?FuncParams@Z_Construct_UFunction_UMediaPlaybackController_SetSyncStartTime_Statics@@2UFFunctionParams@UECodeGen_Private@@B	Label
14e9ee1c0	Z_Construct_UFunction_UMediaPlaybackController_StopPlayback_Statics::FuncParams	Label
14e9ee200	Z_Construct_UFunction_UMediaPlaybackController_SyncToBeat_Statics::FuncParams	Label
14e9ee200	?FuncParams@Z_Construct_UFunction_UMediaPlaybackController_SyncToBeat_Statics@@2UFFunctionParams@UECodeGen_Private@@B	Label
14e9ee240	Z_Construct_UFunction_UMediaPlaybackController_UpdateBeatInterval_Statics::FuncParams	Label
14e9ee240	?FuncParams@Z_Construct_UFunction_UMediaPlaybackController_UpdateBeatInterval_Statics@@2UFFunctionParams@UECodeGen_Private@@B	Label
14e9ee280	Z_Construct_UFunction_UMediaPlaybackController_UpdateSpeedItemMultiplier_Statics::FuncParams	Label
14e9ee280	?FuncParams@Z_Construct_UFunction_UMediaPlaybackController_UpdateSpeedItemMultiplier_Statics@@2UFFunctionParams@UECodeGen_Private@@B	Label
14e9ee310	Z_Construct_UFunction_UPreciseBeatWidget_ReturnToPool_Statics::FuncParams	Label
14e9ee310	?FuncParams@Z_Construct_UFunction_UPreciseBeatWidget_ReturnToPool_Statics@@2UFFunctionParams@UECodeGen_Private@@B	Label
14e9ee350	Z_Construct_UFunction_UPreciseBeatWidget_StartBeatMovement_Statics::FuncParams	Label
14e9ee8a0	Z_Construct_UFunction_UProgressionManager_AddModifier_Statics::FuncParams	Label
14e9ee8e0	Z_Construct_UFunction_UProgressionManager_AddUnlockPoints_Statics::FuncParams	Label
14e9ee8e0	?FuncParams@Z_Construct_UFunction_UProgressionManager_AddUnlockPoints_Statics@@2UFFunctionParams@UECodeGen_Private@@B	Label
14e9ee920	Z_Construct_UFunction_UProgressionManager_AddXP_Statics::FuncParams	Label
14e9ee920	?FuncParams@Z_Construct_UFunction_UProgressionManager_AddXP_Statics@@2UFFunctionParams@UECodeGen_Private@@B	Label
14e9ee960	Z_Construct_UFunction_UProgressionManager_CalculateSessionXP_Statics::FuncParams	Label
14e9ee9a0	Z_Construct_UFunction_UProgressionManager_CanClaimReward_Statics::FuncParams	Label
14e9ee9a0	?FuncParams@Z_Construct_UFunction_UProgressionManager_CanClaimReward_Statics@@2UFFunctionParams@UECodeGen_Private@@B	Label
14e9ee9e0	Z_Construct_UFunction_UProgressionManager_CanEnableModifier_Statics::FuncParams	Label
14e9ee9e0	?FuncParams@Z_Construct_UFunction_UProgressionManager_CanEnableModifier_Statics@@2UFFunctionParams@UECodeGen_Private@@B	Label
14e9eea20	Z_Construct_UFunction_UProgressionManager_ClaimChallengeReward_Statics::FuncParams	Label
14e9eea20	?FuncParams@Z_Construct_UFunction_UProgressionManager_ClaimChallengeReward_Statics@@2UFFunctionParams@UECodeGen_Private@@B	Label
14e9eea60	Z_Construct_UFunction_UProgressionManager_ClaimChallengeRewards_Statics::FuncParams	Label
14e9eeaa0	Z_Construct_UFunction_UProgressionManager_ClearModifiers_Statics::FuncParams	Label
14e9eeaa0	?FuncParams@Z_Construct_UFunction_UProgressionManager_ClearModifiers_Statics@@2UFFunctionParams@UECodeGen_Private@@B	Label
14e9eeae0	Z_Construct_UFunction_UProgressionManager_DebugCompleteAllChallenges_Statics::FuncParams	Label
14e9eeb20	Z_Construct_UFunction_UProgressionManager_DebugModifierSystem_Statics::FuncParams	Label
14e9eeb20	?FuncParams@Z_Construct_UFunction_UProgressionManager_DebugModifierSystem_Statics@@2UFFunctionParams@UECodeGen_Private@@B	Label
14e9eeb60	Z_Construct_UFunction_UProgressionManager_EndSession_Statics::FuncParams	Label
14e9eeb60	?FuncParams@Z_Construct_UFunction_UProgressionManager_EndSession_Statics@@2UFFunctionParams@UECodeGen_Private@@B	Label
14e9eeba0	Z_Construct_UFunction_UProgressionManager_EquipPlayerCard_Statics::FuncParams	Label
14e9eeba0	?FuncParams@Z_Construct_UFunction_UProgressionManager_EquipPlayerCard_Statics@@2UFFunctionParams@UECodeGen_Private@@B	Label
14e9eebe0	Z_Construct_UFunction_UProgressionManager_FormatLargeNumber_Statics::FuncParams	Label
14e9eebe0	?FuncParams@Z_Construct_UFunction_UProgressionManager_FormatLargeNumber_Statics@@2UFFunctionParams@UECodeGen_Private@@B	Label
14e9eec20	Z_Construct_UFunction_UProgressionManager_FormatPlayTime_Statics::FuncParams	Label
14e9eec20	?FuncParams@Z_Construct_UFunction_UProgressionManager_FormatPlayTime_Statics@@2UFFunctionParams@UECodeGen_Private@@B	Label
14e9eec60	Z_Construct_UFunction_UProgressionManager_FormatSecondsToTime_Statics::FuncParams	Label
14e9eec60	?FuncParams@Z_Construct_UFunction_UProgressionManager_FormatSecondsToTime_Statics@@2UFFunctionParams@UECodeGen_Private@@B	Label
14e9eeca0	Z_Construct_UFunction_UProgressionManager_GetActiveChallenges_Statics::FuncParams	Label
14e9eeca0	?FuncParams@Z_Construct_UFunction_UProgressionManager_GetActiveChallenges_Statics@@2UFFunctionParams@UECodeGen_Private@@B	Label
14e9eece0	Z_Construct_UFunction_UProgressionManager_GetAllChallengeData_Statics::FuncParams	Label
14e9eece0	?FuncParams@Z_Construct_UFunction_UProgressionManager_GetAllChallengeData_Statics@@2UFFunctionParams@UECodeGen_Private@@B	Label
14e9eed20	Z_Construct_UFunction_UProgressionManager_GetAllChallengesWithProgress_Statics::FuncParams	Label
14e9eed20	?FuncParams@Z_Construct_UFunction_UProgressionManager_GetAllChallengesWithProgress_Statics@@2UFFunctionParams@UECodeGen_Private@@B	Label
14e9eed60	Z_Construct_UFunction_UProgressionManager_GetAllConflictsForModifier_Statics::FuncParams	Label
14e9eed60	?FuncParams@Z_Construct_UFunction_UProgressionManager_GetAllConflictsForModifier_Statics@@2UFFunctionParams@UECodeGen_Private@@B	Label
14e9eeda0	Z_Construct_UFunction_UProgressionManager_GetAllModifierData_Statics::FuncParams	Label
14e9eede0	Z_Construct_UFunction_UProgressionManager_GetAllModifierIDs_Statics::FuncParams	Label
14e9eede0	?FuncParams@Z_Construct_UFunction_UProgressionManager_GetAllModifierIDs_Statics@@2UFFunctionParams@UECodeGen_Private@@B	Label
14e9eee20	Z_Construct_UFunction_UProgressionManager_GetAllPlayerCardData_Statics::FuncParams	Label
14e9eee20	?FuncParams@Z_Construct_UFunction_UProgressionManager_GetAllPlayerCardData_Statics@@2UFFunctionParams@UECodeGen_Private@@B	Label
14e9eee60	Z_Construct_UFunction_UProgressionManager_GetAverageDurationSeconds_Statics::FuncParams	Label
14e9eee60	?FuncParams@Z_Construct_UFunction_UProgressionManager_GetAverageDurationSeconds_Statics@@2UFFunctionParams@UECodeGen_Private@@B	Label
14e9eeea0	Z_Construct_UFunction_UProgressionManager_GetAverageDurationText_Statics::FuncParams	Label
14e9eeee0	Z_Construct_UFunction_UProgressionManager_GetAverageEdgesText_Statics::FuncParams	Label
14e9eeee0	?FuncParams@Z_Construct_UFunction_UProgressionManager_GetAverageEdgesText_Statics@@2UFFunctionParams@UECodeGen_Private@@B	Label
14e9eef20	Z_Construct_UFunction_UProgressionManager_GetAverageEdgesValue_Statics::FuncParams	Label
14e9eef20	?FuncParams@Z_Construct_UFunction_UProgressionManager_GetAverageEdgesValue_Statics@@2UFFunctionParams@UECodeGen_Private@@B	Label
14e9eef60	Z_Construct_UFunction_UProgressionManager_GetAveragesText_Statics::FuncParams	Label
14e9eefa0	Z_Construct_UFunction_UProgressionManager_GetAverageStrokesPerEdgeText_Statics::FuncParams	Label
14e9eefa0	?FuncParams@Z_Construct_UFunction_UProgressionManager_GetAverageStrokesPerEdgeText_Statics@@2UFFunctionParams@UECodeGen_Private@@B	Label
14e9eefe0	Z_Construct_UFunction_UProgressionManager_GetAverageStrokesPerEdgeValue_Statics::FuncParams	Label
14e9eefe0	?FuncParams@Z_Construct_UFunction_UProgressionManager_GetAverageStrokesPerEdgeValue_Statics@@2UFFunctionParams@UECodeGen_Private@@B	Label
14e9ef020	Z_Construct_UFunction_UProgressionManager_GetAverageStrokesPerMinuteText_Statics::FuncParams	Label
14e9ef020	?FuncParams@Z_Construct_UFunction_UProgressionManager_GetAverageStrokesPerMinuteText_Statics@@2UFFunctionParams@UECodeGen_Private@@B	Label
14e9ef060	Z_Construct_UFunction_UProgressionManager_GetAverageStrokesPerMinuteValue_Statics::FuncParams	Label
14e9ef0a0	Z_Construct_UFunction_UProgressionManager_GetAverageStrokesText_Statics::FuncParams	Label
14e9ef0e0	Z_Construct_UFunction_UProgressionManager_GetAverageStrokesValue_Statics::FuncParams	Label
14e9ef0e0	?FuncParams@Z_Construct_UFunction_UProgressionManager_GetAverageStrokesValue_Statics@@2UFFunctionParams@UECodeGen_Private@@B	Label
14e9ef120	Z_Construct_UFunction_UProgressionManager_GetChallengeData_Statics::FuncParams	Label
14e9ef120	?FuncParams@Z_Construct_UFunction_UProgressionManager_GetChallengeData_Statics@@2UFFunctionParams@UECodeGen_Private@@B	Label
14e9ef160	Z_Construct_UFunction_UProgressionManager_GetChallengeDataForModifier_Statics::FuncParams	Label
14e9ef160	?FuncParams@Z_Construct_UFunction_UProgressionManager_GetChallengeDataForModifier_Statics@@2UFFunctionParams@UECodeGen_Private@@B	Label
14e9ef1a0	Z_Construct_UFunction_UProgressionManager_GetChallengeForModifier_Statics::FuncParams	Label
14e9ef1a0	?FuncParams@Z_Construct_UFunction_UProgressionManager_GetChallengeForModifier_Statics@@2UFFunctionParams@UECodeGen_Private@@B	Label
14e9ef1e0	Z_Construct_UFunction_UProgressionManager_GetChallengeProgress_Statics::FuncParams	Label
14e9ef1e0	?FuncParams@Z_Construct_UFunction_UProgressionManager_GetChallengeProgress_Statics@@2UFFunctionParams@UECodeGen_Private@@B	Label
14e9ef220	Z_Construct_UFunction_UProgressionManager_GetChallengeProgressText_Statics::FuncParams	Label
14e9ef260	Z_Construct_UFunction_UProgressionManager_GetChallengesForPack_Statics::FuncParams	Label
14e9ef260	?FuncParams@Z_Construct_UFunction_UProgressionManager_GetChallengesForPack_Statics@@2UFFunctionParams@UECodeGen_Private@@B	Label
14e9ef2a0	Z_Construct_UFunction_UProgressionManager_GetComboText_Statics::FuncParams	Label
14e9ef2e0	Z_Construct_UFunction_UProgressionManager_GetCompleteStatsReport_Statics::FuncParams	Label
14e9ef2e0	?FuncParams@Z_Construct_UFunction_UProgressionManager_GetCompleteStatsReport_Statics@@2UFFunctionParams@UECodeGen_Private@@B	Label
14e9ef320	Z_Construct_UFunction_UProgressionManager_GetConflictingModifiers_Statics::FuncParams	Label
14e9ef320	?FuncParams@Z_Construct_UFunction_UProgressionManager_GetConflictingModifiers_Statics@@2UFFunctionParams@UECodeGen_Private@@B	Label
14e9ef360	Z_Construct_UFunction_UProgressionManager_GetCurrentConsecutiveSuccubi_Statics::FuncParams	Label
14e9ef360	?FuncParams@Z_Construct_UFunction_UProgressionManager_GetCurrentConsecutiveSuccubi_Statics@@2UFFunctionParams@UECodeGen_Private@@B	Label
14e9ef3a0	Z_Construct_UFunction_UProgressionManager_GetCurrentEdgeStreak_Statics::FuncParams	Label
14e9ef3e0	Z_Construct_UFunction_UProgressionManager_GetCurrentLevelIcon_Statics::FuncParams	Label
14e9ef3e0	?FuncParams@Z_Construct_UFunction_UProgressionManager_GetCurrentLevelIcon_Statics@@2UFFunctionParams@UECodeGen_Private@@B	Label
14e9ef420	Z_Construct_UFunction_UProgressionManager_GetCurrentPlayerTitle_Statics::FuncParams	Label
14e9ef420	?FuncParams@Z_Construct_UFunction_UProgressionManager_GetCurrentPlayerTitle_Statics@@2UFFunctionParams@UECodeGen_Private@@B	Label
14e9ef460	Z_Construct_UFunction_UProgressionManager_GetCurrentSessionDuration_Statics::FuncParams	Label
14e9ef460	?FuncParams@Z_Construct_UFunction_UProgressionManager_GetCurrentSessionDuration_Statics@@2UFFunctionParams@UECodeGen_Private@@B	Label
14e9ef4a0	Z_Construct_UFunction_UProgressionManager_GetCurrentSessionStats_Statics::FuncParams	Label
14e9ef4a0	?FuncParams@Z_Construct_UFunction_UProgressionManager_GetCurrentSessionStats_Statics@@2UFFunctionParams@UECodeGen_Private@@B	Label
14e9ef4e0	Z_Construct_UFunction_UProgressionManager_GetCurrentSessionStatsText_Statics::FuncParams	Label
14e9ef4e0	?FuncParams@Z_Construct_UFunction_UProgressionManager_GetCurrentSessionStatsText_Statics@@2UFFunctionParams@UECodeGen_Private@@B	Label
14e9ef520	Z_Construct_UFunction_UProgressionManager_GetCurrentStrokeCombo_Statics::FuncParams	Label
14e9ef520	?FuncParams@Z_Construct_UFunction_UProgressionManager_GetCurrentStrokeCombo_Statics@@2UFFunctionParams@UECodeGen_Private@@B	Label
14e9ef560	Z_Construct_UFunction_UProgressionManager_GetDebugStatsString_Statics::FuncParams	Label
14e9ef560	?FuncParams@Z_Construct_UFunction_UProgressionManager_GetDebugStatsString_Statics@@2UFFunctionParams@UECodeGen_Private@@B	Label
14e9ef5a0	Z_Construct_UFunction_UProgressionManager_GetDetailedStatsText_Statics::FuncParams	Label
14e9ef5a0	?FuncParams@Z_Construct_UFunction_UProgressionManager_GetDetailedStatsText_Statics@@2UFFunctionParams@UECodeGen_Private@@B	Label
14e9ef5e0	Z_Construct_UFunction_UProgressionManager_GetDurationText_Statics::FuncParams	Label
14e9ef5e0	?FuncParams@Z_Construct_UFunction_UProgressionManager_GetDurationText_Statics@@2UFFunctionParams@UECodeGen_Private@@B	Label
14e9ef620	Z_Construct_UFunction_UProgressionManager_GetEdgesText_Statics::FuncParams	Label
14e9ef660	Z_Construct_UFunction_UProgressionManager_GetEquippedPlayerCard_Statics::FuncParams	Label
14e9ef660	?FuncParams@Z_Construct_UFunction_UProgressionManager_GetEquippedPlayerCard_Statics@@2UFFunctionParams@UECodeGen_Private@@B	Label
14e9ef6a0	Z_Construct_UFunction_UProgressionManager_GetGlobalLifetimeBest_Statics::FuncParams	Label
14e9ef6a0	?FuncParams@Z_Construct_UFunction_UProgressionManager_GetGlobalLifetimeBest_Statics@@2UFFunctionParams@UECodeGen_Private@@B	Label
14e9ef6e0	Z_Construct_UFunction_UProgressionManager_GetHighscoresText_Statics::FuncParams	Label
14e9ef6e0	?FuncParams@Z_Construct_UFunction_UProgressionManager_GetHighscoresText_Statics@@2UFFunctionParams@UECodeGen_Private@@B	Label
14e9ef720	Z_Construct_UFunction_UProgressionManager_GetIconForLevel_Statics::FuncParams	Label
14e9ef720	?FuncParams@Z_Construct_UFunction_UProgressionManager_GetIconForLevel_Statics@@2UFFunctionParams@UECodeGen_Private@@B	Label
14e9ef760	Z_Construct_UFunction_UProgressionManager_GetLevelProgressPercent_Statics::FuncParams	Label
14e9ef760	?FuncParams@Z_Construct_UFunction_UProgressionManager_GetLevelProgressPercent_Statics@@2UFFunctionParams@UECodeGen_Private@@B	Label
14e9ef7a0	Z_Construct_UFunction_UProgressionManager_GetLifetimeBestEdgeStreak_Statics::FuncParams	Label
14e9ef7a0	?FuncParams@Z_Construct_UFunction_UProgressionManager_GetLifetimeBestEdgeStreak_Statics@@2UFFunctionParams@UECodeGen_Private@@B	Label
14e9ef7e0	Z_Construct_UFunction_UProgressionManager_GetLifetimeBestForChallenge_Statics::FuncParams	Label
14e9ef7e0	?FuncParams@Z_Construct_UFunction_UProgressionManager_GetLifetimeBestForChallenge_Statics@@2UFFunctionParams@UECodeGen_Private@@B	Label
14e9ef820	Z_Construct_UFunction_UProgressionManager_GetLifetimeStats_Statics::FuncParams	Label
14e9ef860	Z_Construct_UFunction_UProgressionManager_GetLifetimeStatsText_Statics::FuncParams	Label
14e9ef8a0	Z_Construct_UFunction_UProgressionManager_GetLockedModifiers_Statics::FuncParams	Label
14e9ef8a0	?FuncParams@Z_Construct_UFunction_UProgressionManager_GetLockedModifiers_Statics@@2UFFunctionParams@UECodeGen_Private@@B	Label
14e9ef8e0	Z_Construct_UFunction_UProgressionManager_GetMetricDisplayName_Statics::FuncParams	Label
14e9ef8e0	?FuncParams@Z_Construct_UFunction_UProgressionManager_GetMetricDisplayName_Statics@@2UFFunctionParams@UECodeGen_Private@@B	Label
14e9ef920	Z_Construct_UFunction_UProgressionManager_GetModifierData_Statics::FuncParams	Label
14e9ef920	?FuncParams@Z_Construct_UFunction_UProgressionManager_GetModifierData_Statics@@2UFFunctionParams@UECodeGen_Private@@B	Label
14e9ef960	Z_Construct_UFunction_UProgressionManager_GetNextLevelIcon_Statics::FuncParams	Label
14e9ef960	?FuncParams@Z_Construct_UFunction_UProgressionManager_GetNextLevelIcon_Statics@@2UFFunctionParams@UECodeGen_Private@@B	Label
14e9ef9a0	Z_Construct_UFunction_UProgressionManager_GetPlayerCardData_Statics::FuncParams	Label
14e9ef9a0	?FuncParams@Z_Construct_UFunction_UProgressionManager_GetPlayerCardData_Statics@@2UFFunctionParams@UECodeGen_Private@@B	Label
14e9ef9e0	Z_Construct_UFunction_UProgressionManager_GetRequirementDisplayText_Statics::FuncParams	Label
14e9ef9e0	?FuncParams@Z_Construct_UFunction_UProgressionManager_GetRequirementDisplayText_Statics@@2UFFunctionParams@UECodeGen_Private@@B	Label
14e9efa20	Z_Construct_UFunction_UProgressionManager_GetRequirementProgressPercent_Statics::FuncParams	Label
14e9efa20	?FuncParams@Z_Construct_UFunction_UProgressionManager_GetRequirementProgressPercent_Statics@@2UFFunctionParams@UECodeGen_Private@@B	Label
14e9efa60	Z_Construct_UFunction_UProgressionManager_GetRewardsText_Statics::FuncParams	Label
14e9efa60	?FuncParams@Z_Construct_UFunction_UProgressionManager_GetRewardsText_Statics@@2UFFunctionParams@UECodeGen_Private@@B	Label
14e9efaa0	Z_Construct_UFunction_UProgressionManager_GetSessionBestConsecutiveSuccubi_Statics::FuncParams	Label
14e9efaa0	?FuncParams@Z_Construct_UFunction_UProgressionManager_GetSessionBestConsecutiveSuccubi_Statics@@2UFFunctionParams@UECodeGen_Private@@B	Label
14e9efae0	Z_Construct_UFunction_UProgressionManager_GetSessionBestEdgeStreak_Statics::FuncParams	Label
14e9efae0	?FuncParams@Z_Construct_UFunction_UProgressionManager_GetSessionBestEdgeStreak_Statics@@2UFFunctionParams@UECodeGen_Private@@B	Label
14e9efb20	Z_Construct_UFunction_UProgressionManager_GetStatValueText_Statics::FuncParams	Label
14e9efb20	?FuncParams@Z_Construct_UFunction_UProgressionManager_GetStatValueText_Statics@@2UFFunctionParams@UECodeGen_Private@@B	Label
14e9efb60	Z_Construct_UFunction_UProgressionManager_GetStrokesText_Statics::FuncParams	Label
14e9efba0	Z_Construct_UFunction_UProgressionManager_GetTitleForLevel_Statics::FuncParams	Label
14e9efba0	?FuncParams@Z_Construct_UFunction_UProgressionManager_GetTitleForLevel_Statics@@2UFFunctionParams@UECodeGen_Private@@B	Label
14e9efbe0	Z_Construct_UFunction_UProgressionManager_GetTotalChallengeCount_Statics::FuncParams	Label
14e9efbe0	?FuncParams@Z_Construct_UFunction_UProgressionManager_GetTotalChallengeCount_Statics@@2UFFunctionParams@UECodeGen_Private@@B	Label
14e9efc20	Z_Construct_UFunction_UProgressionManager_GetTrackedChallenges_Statics::FuncParams	Label
14e9efc20	?FuncParams@Z_Construct_UFunction_UProgressionManager_GetTrackedChallenges_Statics@@2UFFunctionParams@UECodeGen_Private@@B	Label
14e9efc60	Z_Construct_UFunction_UProgressionManager_GetUnlockedModifiers_Statics::FuncParams	Label
14e9efc60	?FuncParams@Z_Construct_UFunction_UProgressionManager_GetUnlockedModifiers_Statics@@2UFFunctionParams@UECodeGen_Private@@B	Label
14e9efca0	Z_Construct_UFunction_UProgressionManager_GetUnlockedPlayerCards_Statics::FuncParams	Label
14e9efca0	?FuncParams@Z_Construct_UFunction_UProgressionManager_GetUnlockedPlayerCards_Statics@@2UFFunctionParams@UECodeGen_Private@@B	Label
14e9efce0	Z_Construct_UFunction_UProgressionManager_GetUnlockPoints_Statics::FuncParams	Label
14e9efd20	Z_Construct_UFunction_UProgressionManager_GetWinRateText_Statics::FuncParams	Label
14e9efd20	?FuncParams@Z_Construct_UFunction_UProgressionManager_GetWinRateText_Statics@@2UFFunctionParams@UECodeGen_Private@@B	Label
14e9efd60	Z_Construct_UFunction_UProgressionManager_GetXPForNextLevel_Statics::FuncParams	Label
14e9efda0	Z_Construct_UFunction_UProgressionManager_GetXPProgressInCurrentLevel_Statics::FuncParams	Label
14e9efda0	?FuncParams@Z_Construct_UFunction_UProgressionManager_GetXPProgressInCurrentLevel_Statics@@2UFFunctionParams@UECodeGen_Private@@B	Label
14e9efde0	Z_Construct_UFunction_UProgressionManager_InitializeChallenges_Statics::FuncParams	Label
14e9efde0	?FuncParams@Z_Construct_UFunction_UProgressionManager_InitializeChallenges_Statics@@2UFFunctionParams@UECodeGen_Private@@B	Label
14e9efe20	Z_Construct_UFunction_UProgressionManager_InitializeProgression_Statics::FuncParams	Label
14e9efe20	?FuncParams@Z_Construct_UFunction_UProgressionManager_InitializeProgression_Statics@@2UFFunctionParams@UECodeGen_Private@@B	Label
14e9efe60	Z_Construct_UFunction_UProgressionManager_IsChallengeComplete_Statics::FuncParams	Label
14e9efea0	Z_Construct_UFunction_UProgressionManager_IsChallengeTracked_Statics::FuncParams	Label
14e9efea0	?FuncParams@Z_Construct_UFunction_UProgressionManager_IsChallengeTracked_Statics@@2UFFunctionParams@UECodeGen_Private@@B	Label
14e9efee0	Z_Construct_UFunction_UProgressionManager_IsModifierUnlocked_Statics::FuncParams	Label
14e9efee0	?FuncParams@Z_Construct_UFunction_UProgressionManager_IsModifierUnlocked_Statics@@2UFFunctionParams@UECodeGen_Private@@B	Label
14e9eff20	Z_Construct_UFunction_UProgressionManager_IsPackChallengeReward_Statics::FuncParams	Label
14e9eff20	?FuncParams@Z_Construct_UFunction_UProgressionManager_IsPackChallengeReward_Statics@@2UFFunctionParams@UECodeGen_Private@@B	Label
14e9eff60	Z_Construct_UFunction_UProgressionManager_IsPlayerCardUnlocked_Statics::FuncParams	Label
14e9effa0	Z_Construct_UFunction_UProgressionManager_LoadProgress_Statics::FuncParams	Label
14e9effa0	?FuncParams@Z_Construct_UFunction_UProgressionManager_LoadProgress_Statics@@2UFFunctionParams@UECodeGen_Private@@B	Label
14e9effe0	Z_Construct_UFunction_UProgressionManager_PrepareSessionRewards_Statics::FuncParams	Label
14e9effe0	?FuncParams@Z_Construct_UFunction_UProgressionManager_PrepareSessionRewards_Statics@@2UFFunctionParams@UECodeGen_Private@@B	Label
14e9f0020	Z_Construct_UFunction_UProgressionManager_RecordSessionMetric_Statics::FuncParams	Label
14e9f0060	Z_Construct_UFunction_UProgressionManager_RemoveModifier_Statics::FuncParams	Label
14e9f0060	?FuncParams@Z_Construct_UFunction_UProgressionManager_RemoveModifier_Statics@@2UFFunctionParams@UECodeGen_Private@@B	Label
14e9f00a0	Z_Construct_UFunction_UProgressionManager_ResetProgress_Statics::FuncParams	Label
14e9f00a0	?FuncParams@Z_Construct_UFunction_UProgressionManager_ResetProgress_Statics@@2UFFunctionParams@UECodeGen_Private@@B	Label
14e9f00e0	Z_Construct_UFunction_UProgressionManager_SaveProgress_Statics::FuncParams	Label
14e9f00e0	?FuncParams@Z_Construct_UFunction_UProgressionManager_SaveProgress_Statics@@2UFFunctionParams@UECodeGen_Private@@B	Label
14e9f0120	Z_Construct_UFunction_UProgressionManager_SetChallengeDataTable_Statics::FuncParams	Label
14e9f0120	?FuncParams@Z_Construct_UFunction_UProgressionManager_SetChallengeDataTable_Statics@@2UFFunctionParams@UECodeGen_Private@@B	Label
14e9f0160	Z_Construct_UFunction_UProgressionManager_SetConsecutiveSuccubi_Statics::FuncParams	Label
14e9f0160	?FuncParams@Z_Construct_UFunction_UProgressionManager_SetConsecutiveSuccubi_Statics@@2UFFunctionParams@UECodeGen_Private@@B	Label
14e9f01a0	Z_Construct_UFunction_UProgressionManager_SetEdgeStreak_Statics::FuncParams	Label
14e9f01a0	?FuncParams@Z_Construct_UFunction_UProgressionManager_SetEdgeStreak_Statics@@2UFFunctionParams@UECodeGen_Private@@B	Label
14e9f01e0	Z_Construct_UFunction_UProgressionManager_SetLevelDataTable_Statics::FuncParams	Label
14e9f0220	Z_Construct_UFunction_UProgressionManager_SetModifierDataTable_Statics::FuncParams	Label
14e9f0220	?FuncParams@Z_Construct_UFunction_UProgressionManager_SetModifierDataTable_Statics@@2UFFunctionParams@UECodeGen_Private@@B	Label
14e9f0260	Z_Construct_UFunction_UProgressionManager_SetPlayerCardDataTable_Statics::FuncParams	Label
14e9f0260	?FuncParams@Z_Construct_UFunction_UProgressionManager_SetPlayerCardDataTable_Statics@@2UFFunctionParams@UECodeGen_Private@@B	Label
14e9f02a0	Z_Construct_UFunction_UProgressionManager_SetSessionMetric_Statics::FuncParams	Label
14e9f02a0	?FuncParams@Z_Construct_UFunction_UProgressionManager_SetSessionMetric_Statics@@2UFFunctionParams@UECodeGen_Private@@B	Label
14e9f02e0	Z_Construct_UFunction_UProgressionManager_SetStrokeCombo_Statics::FuncParams	Label
14e9f02e0	?FuncParams@Z_Construct_UFunction_UProgressionManager_SetStrokeCombo_Statics@@2UFFunctionParams@UECodeGen_Private@@B	Label
14e9f0320	Z_Construct_UFunction_UProgressionManager_SpendUnlockPoints_Statics::FuncParams	Label
14e9f0320	?FuncParams@Z_Construct_UFunction_UProgressionManager_SpendUnlockPoints_Statics@@2UFFunctionParams@UECodeGen_Private@@B	Label
14e9f0360	Z_Construct_UFunction_UProgressionManager_StartNewSession_Statics::FuncParams	Label
14e9f03a0	Z_Construct_UFunction_UProgressionManager_TrackChallenge_Statics::FuncParams	Label
14e9f03e0	Z_Construct_UFunction_UProgressionManager_UnlockModifier_Statics::FuncParams	Label
14e9f03e0	?FuncParams@Z_Construct_UFunction_UProgressionManager_UnlockModifier_Statics@@2UFFunctionParams@UECodeGen_Private@@B	Label
14e9f0420	Z_Construct_UFunction_UProgressionManager_UnlockPlayerCard_Statics::FuncParams	Label
14e9f0460	Z_Construct_UFunction_UProgressionManager_UntrackChallenge_Statics::FuncParams	Label
14e9f04a0	Z_Construct_UFunction_UProgressionManager_UpdateLifetimeBest_Statics::FuncParams	Label
14e9f04a0	?FuncParams@Z_Construct_UFunction_UProgressionManager_UpdateLifetimeBest_Statics@@2UFFunctionParams@UECodeGen_Private@@B	Label
14e9f04e0	Z_Construct_UFunction_UProgressionManager_UpdateMetric_Statics::FuncParams	Label
14e9f04e0	?FuncParams@Z_Construct_UFunction_UProgressionManager_UpdateMetric_Statics@@2UFFunctionParams@UECodeGen_Private@@B	Label
14e9f0520	Z_Construct_UFunction_UProgressionManager_UpdateMetricWithConditions_Statics::FuncParams	Label
14e9f06d0	Z_Construct_UDelegateFunction_UBeatSpawnerManager_OnBeatSpeedChanged__DelegateSignature_Statics::FuncParams	Label
14e9f06d0	?FuncParams@Z_Construct_UDelegateFunction_UBeatSpawnerManager_OnBeatSpeedChanged__DelegateSignature_Statics@@2UFFunctionParams@UECodeGen_Private@@B	Label
14e9f0710	Z_Construct_UFunction_UBeatSpawnerManager_ApplySpeedModifier_Statics::FuncParams	Label
14e9f0710	?FuncParams@Z_Construct_UFunction_UBeatSpawnerManager_ApplySpeedModifier_Statics@@2UFFunctionParams@UECodeGen_Private@@B	Label
14e9f0750	Z_Construct_UFunction_UBeatSpawnerManager_ApplyStrokeCountModifier_Statics::FuncParams	Label
14e9f0790	Z_Construct_UFunction_UBeatSpawnerManager_ChangePattern_Statics::FuncParams	Label
14e9f0790	?FuncParams@Z_Construct_UFunction_UBeatSpawnerManager_ChangePattern_Statics@@2UFFunctionParams@UECodeGen_Private@@B	Label
14e9f07d0	Z_Construct_UFunction_UBeatSpawnerManager_CreateTestBeatWidget_Statics::FuncParams	Label
14e9f07d0	?FuncParams@Z_Construct_UFunction_UBeatSpawnerManager_CreateTestBeatWidget_Statics@@2UFFunctionParams@UECodeGen_Private@@B	Label
14e9f0810	Z_Construct_UFunction_UBeatSpawnerManager_DebugBeatCounts_Statics::FuncParams	Label
14e9f0810	?FuncParams@Z_Construct_UFunction_UBeatSpawnerManager_DebugBeatCounts_Statics@@2UFFunctionParams@UECodeGen_Private@@B	Label
14e9f0850	Z_Construct_UFunction_UBeatSpawnerManager_GetBeatsRemaining_Statics::FuncParams	Label
14e9f0850	?FuncParams@Z_Construct_UFunction_UBeatSpawnerManager_GetBeatsRemaining_Statics@@2UFFunctionParams@UECodeGen_Private@@B	Label
14e9f0890	Z_Construct_UFunction_UBeatSpawnerManager_GetCompletedBeats_Statics::FuncParams	Label
14e9f0890	?FuncParams@Z_Construct_UFunction_UBeatSpawnerManager_GetCompletedBeats_Statics@@2UFFunctionParams@UECodeGen_Private@@B	Label
14e9f08d0	Z_Construct_UFunction_UBeatSpawnerManager_GetCurrentBeatIndex_Statics::FuncParams	Label
14e9f08d0	?FuncParams@Z_Construct_UFunction_UBeatSpawnerManager_GetCurrentBeatIndex_Statics@@2UFFunctionParams@UECodeGen_Private@@B	Label
14e9f0910	Z_Construct_UFunction_UBeatSpawnerManager_GetCurrentInterval_Statics::FuncParams	Label
14e9f0910	?FuncParams@Z_Construct_UFunction_UBeatSpawnerManager_GetCurrentInterval_Statics@@2UFFunctionParams@UECodeGen_Private@@B	Label
14e9f0950	Z_Construct_UFunction_UBeatSpawnerManager_GetMasterTimelinePosition_Statics::FuncParams	Label
14e9f0950	?FuncParams@Z_Construct_UFunction_UBeatSpawnerManager_GetMasterTimelinePosition_Statics@@2UFFunctionParams@UECodeGen_Private@@B	Label
14e9f0990	Z_Construct_UFunction_UBeatSpawnerManager_GetMinimumBeatInterval_Statics::FuncParams	Label
14e9f0990	?FuncParams@Z_Construct_UFunction_UBeatSpawnerManager_GetMinimumBeatInterval_Statics@@2UFFunctionParams@UECodeGen_Private@@B	Label
14e9f09d0	Z_Construct_UFunction_UBeatSpawnerManager_GetTotalBeatsInQueue_Statics::FuncParams	Label
14e9f09d0	?FuncParams@Z_Construct_UFunction_UBeatSpawnerManager_GetTotalBeatsInQueue_Statics@@2UFFunctionParams@UECodeGen_Private@@B	Label
14e9f0a10	Z_Construct_UFunction_UBeatSpawnerManager_IsSequenceRunning_Statics::FuncParams	Label
14e9f0a10	?FuncParams@Z_Construct_UFunction_UBeatSpawnerManager_IsSequenceRunning_Statics@@2UFFunctionParams@UECodeGen_Private@@B	Label
14e9f0a50	Z_Construct_UFunction_UBeatSpawnerManager_OnBeatReachedCenter_Statics::FuncParams	Label
14e9f0a90	Z_Construct_UFunction_UBeatSpawnerManager_PauseSequence_Statics::FuncParams	Label
14e9f0a90	?FuncParams@Z_Construct_UFunction_UBeatSpawnerManager_PauseSequence_Statics@@2UFFunctionParams@UECodeGen_Private@@B	Label
14e9f0ad0	Z_Construct_UFunction_UBeatSpawnerManager_ResumeSequence_Statics::FuncParams	Label
14e9f0b10	Z_Construct_UFunction_UBeatSpawnerManager_SetMinimumBeatInterval_Statics::FuncParams	Label
14e9f0b10	?FuncParams@Z_Construct_UFunction_UBeatSpawnerManager_SetMinimumBeatInterval_Statics@@2UFFunctionParams@UECodeGen_Private@@B	Label
14e9f0b50	Z_Construct_UFunction_UBeatSpawnerManager_SetWorld_Statics::FuncParams	Label
14e9f0b50	?FuncParams@Z_Construct_UFunction_UBeatSpawnerManager_SetWorld_Statics@@2UFFunctionParams@UECodeGen_Private@@B	Label
14e9f0b90	Z_Construct_UFunction_UBeatSpawnerManager_StartPattern_Statics::FuncParams	Label
14e9f0b90	?FuncParams@Z_Construct_UFunction_UBeatSpawnerManager_StartPattern_Statics@@2UFFunctionParams@UECodeGen_Private@@B	Label
14e9f0bd0	Z_Construct_UFunction_UBeatSpawnerManager_StartPatternWithMediaSync_Statics::FuncParams	Label
14e9f0bd0	?FuncParams@Z_Construct_UFunction_UBeatSpawnerManager_StartPatternWithMediaSync_Statics@@2UFFunctionParams@UECodeGen_Private@@B	Label
14e9f0c10	Z_Construct_UFunction_UBeatSpawnerManager_StopSequence_Statics::FuncParams	Label
14e9f0c10	?FuncParams@Z_Construct_UFunction_UBeatSpawnerManager_StopSequence_Statics@@2UFFunctionParams@UECodeGen_Private@@B	Label
14e9f0c50	Z_Construct_UFunction_UCHPackStoreController_AddUnlockPoints_Statics::FuncParams	Label
14e9f0c50	?FuncParams@Z_Construct_UFunction_UCHPackStoreController_AddUnlockPoints_Statics@@2UFFunctionParams@UECodeGen_Private@@B	Label
14e9f0c90	Z_Construct_UFunction_UCHPackStoreController_ApplyIronManPenalty_Statics::FuncParams	Label
14e9f0cd0	Z_Construct_UFunction_UCHPackStoreController_CheckAndMigratePacks_Statics::FuncParams	Label
14e9f0cd0	?FuncParams@Z_Construct_UFunction_UCHPackStoreController_CheckAndMigratePacks_Statics@@2UFFunctionParams@UECodeGen_Private@@B	Label
14e9f0d10	Z_Construct_UFunction_UCHPackStoreController_GetAllEnabledMedia_Statics::FuncParams	Label
14e9f0d10	?FuncParams@Z_Construct_UFunction_UCHPackStoreController_GetAllEnabledMedia_Statics@@2UFFunctionParams@UECodeGen_Private@@B	Label
14e9f0d50	Z_Construct_UFunction_UCHPackStoreController_GetAllPackInfos_Statics::FuncParams	Label
14e9f0d50	?FuncParams@Z_Construct_UFunction_UCHPackStoreController_GetAllPackInfos_Statics@@2UFFunctionParams@UECodeGen_Private@@B	Label
14e9f0d90	Z_Construct_UFunction_UCHPackStoreController_GetPackManifest_Statics::FuncParams	Label
14e9f0dd0	Z_Construct_UFunction_UCHPackStoreController_GetUnlockPoints_Statics::FuncParams	Label
14e9f0dd0	?FuncParams@Z_Construct_UFunction_UCHPackStoreController_GetUnlockPoints_Statics@@2UFFunctionParams@UECodeGen_Private@@B	Label
14e9f0e10	Z_Construct_UFunction_UCHPackStoreController_GetVisiblePackInfos_Statics::FuncParams	Label
14e9f0e50	Z_Construct_UFunction_UCHPackStoreController_Init_Statics::FuncParams	Label
14e9f0e50	?FuncParams@Z_Construct_UFunction_UCHPackStoreController_Init_Statics@@2UFFunctionParams@UECodeGen_Private@@B	Label
14e9f0e90	Z_Construct_UFunction_UCHPackStoreController_IsPackEnabled_Statics::FuncParams	Label
14e9f0ed0	Z_Construct_UFunction_UCHPackStoreController_IsPackLocked_Statics::FuncParams	Label
14e9f0ed0	?FuncParams@Z_Construct_UFunction_UCHPackStoreController_IsPackLocked_Statics@@2UFFunctionParams@UECodeGen_Private@@B	Label
14e9f0f10	Z_Construct_UFunction_UCHPackStoreController_IsPackUnlocked_Statics::FuncParams	Label
14e9f0f10	?FuncParams@Z_Construct_UFunction_UCHPackStoreController_IsPackUnlocked_Statics@@2UFFunctionParams@UECodeGen_Private@@B	Label
14e9f0f50	Z_Construct_UFunction_UCHPackStoreController_ReloadSave_Statics::FuncParams	Label
14e9f0f50	?FuncParams@Z_Construct_UFunction_UCHPackStoreController_ReloadSave_Statics@@2UFFunctionParams@UECodeGen_Private@@B	Label
14e9f0f90	Z_Construct_UFunction_UCHPackStoreController_Save_Statics::FuncParams	Label
14e9f0f90	?FuncParams@Z_Construct_UFunction_UCHPackStoreController_Save_Statics@@2UFFunctionParams@UECodeGen_Private@@B	Label
14e9f0fd0	Z_Construct_UFunction_UCHPackStoreController_SetPackEnabled_Statics::FuncParams	Label
14e9f0fd0	?FuncParams@Z_Construct_UFunction_UCHPackStoreController_SetPackEnabled_Statics@@2UFFunctionParams@UECodeGen_Private@@B	Label
14e9f1010	Z_Construct_UFunction_UCHPackStoreController_UnlockPack_Statics::FuncParams	Label
14e9f1010	?FuncParams@Z_Construct_UFunction_UCHPackStoreController_UnlockPack_Statics@@2UFFunctionParams@UECodeGen_Private@@B	Label
14e9f1050	Z_Construct_UFunction_UCHPackStoreController_UnlockPackFromChallenge_Statics::FuncParams	Label
14edbe948	Z_Registration_Info_UClass_UAdultToyManager	Label
14edbe948	?Z_Registration_Info_UClass_UAdultToyManager@@3U?$TRegistrationInfo@VUClass@@UFClassReloadVersionInfo@@@@A	Label
14edbec48	Z_Registration_Info_UClass_UCHPackManager	Label
14edbec48	?Z_Registration_Info_UClass_UCHPackManager@@3U?$TRegistrationInfo@VUClass@@UFClassReloadVersionInfo@@@@A	Label
14edbece3	?bExecuted@?1???R<lambda_1>@?1??GetStructTypeHash@?$TCppStructOps@UFCHPackMediaEntry@@@UScriptStruct@@UEAAIPEBX@Z@QEBA@XZ@4_NA	Label
14edbed08	Z_Registration_Info_UClass_UFFmpegManager	Label
14edbed08	?Z_Registration_Info_UClass_UFFmpegManager@@3U?$TRegistrationInfo@VUClass@@UFClassReloadVersionInfo@@@@A	Label
14edbed90	Z_Registration_Info_UClass_UFileImportManager	Label
14edbee40	Z_Registration_Info_UClass_UHandyManager	Label
14edbf048	Z_Registration_Info_UClass_UMediaPlaybackController	Label
14edbf048	?Z_Registration_Info_UClass_UMediaPlaybackController@@3U?$TRegistrationInfo@VUClass@@UFClassReloadVersionInfo@@@@A	Label
14edbf160	Z_Registration_Info_UClass_UPreciseBeatWidget	Label
14edbf160	?Z_Registration_Info_UClass_UPreciseBeatWidget@@3U?$TRegistrationInfo@VUClass@@UFClassReloadVersionInfo@@@@A	Label
14edbf3f0	Z_Registration_Info_UClass_UProgressionManager	Label
14edbf3f0	?Z_Registration_Info_UClass_UProgressionManager@@3U?$TRegistrationInfo@VUClass@@UFClassReloadVersionInfo@@@@A	Label
14edbf820	Z_Registration_Info_UClass_UBeatSpawnerManager	Label
14edbf820	?Z_Registration_Info_UClass_UBeatSpawnerManager@@3U?$TRegistrationInfo@VUClass@@UFClassReloadVersionInfo@@@@A	Label
14edbf910	Z_CompiledInDeferFile_FID_CockHero_Source_CockHero_Public_UBeatSpawnerManager_h_3243289718	Label
14edbf918	Z_Registration_Info_UClass_UCHPackStoreController	Label
14edbf918	?Z_Registration_Info_UClass_UCHPackStoreController@@3U?$TRegistrationInfo@VUClass@@UFClassReloadVersionInfo@@@@A	Label
14edbf9c0	Z_CompiledInDeferFile_FID_CockHero_Source_CockHero_Public_UCHPackStoreController_h_4249052017	Label
14edbfbe2	?bExecuted@?1???R<lambda_1>@?1???$__Internal_BindDynamic@VUAdultToyManager@@@?$TBaseDynamicDelegate@UFNotThreadSafeDelegateMode@@X$$V@@QEAAXPEAVUAdultToyManager@@P83@EAAXXZVFName@@@Z@QEBA@XZ@4_NA	Label
14edbfbe4	UCHPackManager::CurrentFilterProgress	Label
14edbfbe8	UCHPackManager::CurrentFilterProcessed	Label
14edbfbec	UCHPackManager::CurrentFilterTotal	Label
14edbfbec	?CurrentFilterTotal@UCHPackManager@@2HA	Label
14edbfc17	?LOG_Dynamic@?5???0FFilterMediaCategoriesAction@@QEAA@AEBUFLatentActionInfo@@AEBV?$TArray@UFCHPackMediaEntry@@V?$TSizedDefaultAllocator@$0CA@@@@@AEBV?$TArray@VFString@@V?$TSizedDefaultAllocator@$0CA@@@@@_N33PEAV3@444444PEAMPEAH6H@Z@4UFStaticBasicLogDynamicData@Private@Logging@UE@@A	Label
14edbfc21	?bExecuted@?1???R<lambda_1>@?1???9?$TCheckedPointerIterator@$$CBUFCHPackMediaEntry@@H$0A@@@QEBA_NAEBU2@@Z@QEBA@XZ@4_NA	Label
14edbfc30	UHandyManager::BaseUrl	Label
14edc0007	?bExecuted@?1???R<lambda_1>@?1???$__Internal_BindDynamic@VUBeatSpawnerManager@@@?$TBaseDynamicDelegate@UFNotThreadSafeDelegateMode@@XAEBUFBeatEvent@@@@QEAAXPEAVUBeatSpawnerManager@@P83@EAAXAEBUFBeatEvent@@@ZVFName@@@Z@QEBA@XZ@4_NA	Label
